EstadoCivil,Curso,QualificacaoAnterior,QualificacaoAnteriorGrau,Nacionalidade,NotaAdmissao,NecessidadesEspeciais,Devedor,MensalidadesEmDia,Genero,Bolsista,International,UnidadesCurriculares1SemestreCreditado,UnidadesCurriculares1SemestreInscrito,UnidadesCurriculares1SemestreAvaliacoes,UnidadesCurriculares1SemestreAprovado,UnidadesCurriculares1SemestreGrau,UnidadesCurriculares1SemestreSemAvaliacoes,UnidadesCurriculares2SemestreCreditado,UnidadesCurriculares2SemestreInscrito,UnidadesCurriculares2SemestreAvaliacoes,UnidadesCurriculares2SemestreAprovado,UnidadesCurriculares2SemestreGrau,UnidadesCurriculares2SemestreSemAvaliacoes,TaxaDesemprego,TaxaInflacao,PIB,Target,target_class,target,target_excl_enrolled
Solteiro,Design de Animação e Multimédia,Ensino Secundário,122.0,Português,127.3,0,0,1,Masculino,0,0,0,0,0,0,0.0,0,0,0,0,0,0.0,0,10.8,1.4,1.74,Desistente,Desistente,1,1
Solteiro,Turismo,Ensino Secundário,160.0,Português,142.5,0,0,0,Masculino,0,0,0,6,6,6,14.0,0,0,6,6,6,13.6666666666666,0,13.9,-0.3,0.79,Graduado,Graduado,0,0
Solteiro,Design de Comunicação,Ensino Secundário,122.0,Português,124.8,0,0,0,Masculino,0,0,0,6,0,0,0.0,0,0,6,0,0,0.0,0,10.8,1.4,1.74,Desistente,Desistente,1,1
Solteiro,Jornalismo e Comunicação,Ensino Secundário,122.0,Português,119.6,0,0,1,Feminino,0,0,0,6,8,6,13.428571428571399,0,0,6,10,5,12.4,0,9.4,-0.8,-3.12,Graduado,Graduado,0,0
Casado,Serviço Social (prestação nocturna),Ensino Secundário,100.0,Português,141.5,0,0,1,Feminino,0,0,0,6,9,5,12.333333333333304,0,0,6,6,6,13.0,0,13.9,-0.3,0.79,Graduado,Graduado,0,0
Casado,Gestão (presencial noturno),Ensino Básico (3º Ciclo),133.1,Português,114.8,0,1,1,Masculino,0,0,0,5,10,5,11.857142857142803,0,0,5,17,5,11.5,5,16.2,0.3,-0.92,Graduado,Graduado,0,0
Solteiro,Enfermagem,Ensino Secundário,142.0,Português,128.4,0,0,1,Feminino,1,0,0,7,9,7,13.3,0,0,8,8,8,14.344999999999999,0,15.5,2.8,-4.06,Graduado,Graduado,0,0
Solteiro,Turismo,Ensino Secundário,119.0,Português,113.1,0,0,0,Masculino,0,0,0,5,5,0,0.0,0,0,5,5,0,0.0,0,15.5,2.8,-4.06,Desistente,Desistente,1,1
Solteiro,Serviço Social,Ensino Secundário,137.0,Romeno,129.3,0,0,1,Feminino,1,1,0,6,8,6,13.875,0,0,6,7,6,14.142857142857096,0,16.2,0.3,-0.92,Graduado,Graduado,0,0
Solteiro,Serviço Social,Ensino Secundário,138.0,Português,123.0,0,1,0,Feminino,0,0,0,6,9,5,11.4,0,0,6,14,2,13.5,0,8.9,1.4,3.51,Desistente,Desistente,1,1
Solteiro,Gestão de Publicidade e Marketing,Ensino Secundário,139.0,Português,130.6,0,0,1,Feminino,0,0,0,6,6,6,12.333333333333304,0,0,6,7,5,14.2,0,13.9,-0.3,0.79,Graduado,Graduado,0,0
Solteiro,Enfermagem,Ensino Secundário,136.0,Português,119.3,0,0,1,Feminino,1,0,0,8,8,7,13.2142857142857,0,0,8,8,7,13.2142857142857,0,12.7,3.7,-1.7,Graduado,Graduado,0,0
Solteiro,Ensino Básico,Ensino Secundário,133.0,Português,130.2,0,0,1,Feminino,0,0,0,6,6,0,0.0,0,0,6,0,0,0.0,0,12.7,3.7,-1.7,Desistente,Desistente,1,1
Solteiro,Turismo,Curso Técnico Superior Profissional,110.0,Português,111.8,0,0,1,Feminino,1,0,0,6,7,6,10.571428571428502,0,0,6,8,5,11.0,0,8.9,1.4,3.51,Graduado,Graduado,0,0
Solteiro,Enfermagem Veterinária,Ensino Secundário,149.0,Português,137.1,0,0,1,Feminino,1,0,0,5,7,4,13.25,0,0,5,5,5,12.0,0,10.8,1.4,1.74,Graduado,Graduado,0,0
Solteiro,Jornalismo e Comunicação,Ensino Secundário,127.0,Português,120.7,0,0,1,Feminino,0,0,0,6,6,5,13.2,0,0,6,7,0,0.0,0,15.5,2.8,-4.06,Desistente,Desistente,1,1
Solteiro,Serviço Social,Ensino Secundário,137.0,Português,137.4,0,0,1,Feminino,0,0,0,6,10,1,12.0,0,0,6,14,2,11.0,0,10.8,1.4,1.74,Matriculado,Matriculado,0,
Solteiro,Enfermagem,Ensino Secundário,135.0,Português,127.3,0,0,1,Feminino,0,0,0,7,8,7,13.30625,0,0,8,8,8,14.544999999999998,0,15.5,2.8,-4.06,Graduado,Graduado,0,0
Solteiro,Equincultura,Ensino Secundário,137.0,Português,136.3,0,0,1,Feminino,0,0,0,5,8,4,12.5,1,0,5,8,4,12.25,2,10.8,1.4,1.74,Graduado,Graduado,0,0
Solteiro,Ensino Básico,Ensino Secundário,140.0,Português,124.6,0,0,1,Feminino,0,0,0,7,7,6,11.666666666666602,0,0,7,8,6,13.5,0,16.2,0.3,-0.92,Matriculado,Matriculado,0,
Solteiro,Design de Animação e Multimédia,Ensino Secundário,122.0,Português,120.3,0,0,1,Feminino,1,0,0,0,0,0,0.0,0,0,0,0,0,0.0,0,11.1,0.6,2.02,Graduado,Graduado,0,0
Solteiro,Higiene Oral,Ensino Secundário,127.0,Português,121.8,0,0,1,Feminino,0,0,0,7,14,7,11.4375,0,0,8,9,8,11.425,0,12.7,3.7,-1.7,Matriculado,Matriculado,0,
Solteiro,Enfermagem,Ensino Secundário,142.0,Português,125.5,0,0,1,Feminino,0,0,0,8,12,7,12.857142857142804,0,0,8,12,7,12.857142857142804,0,12.7,3.7,-1.7,Graduado,Graduado,0,0
Solteiro,Gestão de Publicidade e Marketing,Ensino Secundário,125.0,Português,114.9,0,0,1,Feminino,1,0,0,6,8,6,13.375,0,0,6,7,6,12.285714285714198,0,11.1,0.6,2.02,Graduado,Graduado,0,0
Solteiro,Enfermagem,Ensino Secundário,126.0,Português,123.9,0,0,1,Feminino,0,0,0,7,8,6,13.2966666666666,0,0,8,9,7,14.114285714285703,0,11.1,0.6,2.02,Graduado,Graduado,0,0
Solteiro,Serviço Social,Ensino Secundário,151.0,Português,157.0,0,1,1,Feminino,1,0,0,6,8,5,11.6,0,0,6,12,4,11.0,0,7.6,2.6,0.32,Matriculado,Matriculado,0,
Solteiro,Serviço Social,Ensino Secundário,115.0,Português,116.4,0,0,1,Feminino,0,0,0,6,9,6,11.375,0,0,6,9,6,13.285714285714198,0,16.2,0.3,-0.92,Graduado,Graduado,0,0
Solteiro,Enfermagem Veterinária,Ensino Secundário,138.0,Português,131.0,0,0,1,Feminino,0,0,0,5,9,5,12.666666666666602,2,0,5,7,4,13.0,0,9.4,-0.8,-3.12,Matriculado,Matriculado,0,
Solteiro,Gestão,Ensino Secundário,135.0,Português,122.1,0,0,1,Feminino,0,0,0,5,6,5,12.0,0,0,5,6,5,12.333333333333304,0,16.2,0.3,-0.92,Graduado,Graduado,0,0
Solteiro,Enfermagem,Ensino Secundário,127.0,Português,118.8,0,0,1,Masculino,0,0,0,7,9,6,12.933333333333303,0,0,7,7,6,13.716666666666601,0,16.2,0.3,-0.92,Matriculado,Matriculado,0,
Solteiro,Agronomia,Curso de Especialização Tecnológica,150.0,Português,150.0,0,0,1,Masculino,0,0,0,6,15,5,11.857142857142803,0,0,6,17,5,10.571428571428502,0,16.2,0.3,-0.92,Matriculado,Matriculado,0,
Solteiro,Design de Comunicação,Ensino Secundário,125.0,Português,130.0,0,0,1,Masculino,0,0,2,6,7,6,12.833333333333304,0,0,6,9,4,13.4,0,8.9,1.4,3.51,Graduado,Graduado,0,0
Solteiro,Gestão,Ensino Secundário,143.0,Português,138.8,0,0,0,Masculino,0,0,0,5,9,3,11.333333333333304,0,0,5,8,2,13.5,0,8.9,1.4,3.51,Matriculado,Matriculado,0,
Solteiro,Serviço Social (prestação nocturna),Ensino Secundário,138.0,Português,134.5,0,0,1,Feminino,0,0,0,6,6,6,12.666666666666602,0,0,6,8,6,14.375,0,12.4,0.5,1.79,Graduado,Graduado,0,0
Solteiro,Gestão (presencial noturno),Ensino Secundário,130.0,Português,131.4,0,0,1,Masculino,0,0,0,5,6,5,12.4,0,0,5,9,5,13.428571428571399,0,13.9,-0.3,0.79,Graduado,Graduado,0,0
Solteiro,Tecnologias de Produção de Biocombustíveis,Ensino Secundário,130.0,Português,102.5,0,1,0,Masculino,0,0,0,7,7,0,0.0,0,0,7,7,1,10.0,0,8.9,1.4,3.51,Desistente,Desistente,1,1
Solteiro,Engenharia Informática,11º Ano de Escolaridade - Não Concluído,133.1,Português,128.8,0,0,1,Masculino,0,0,0,5,0,0,0.0,0,0,5,0,0,0.0,0,7.6,2.6,0.32,Desistente,Desistente,1,1
Solteiro,Gestão,Ensino Secundário,140.0,Português,122.9,0,0,1,Feminino,0,0,0,5,10,1,10.0,0,0,5,8,2,12.0,2,16.2,0.3,-0.92,Desistente,Desistente,1,1
Divorciado,Gestão (presencial noturno),Ensino Secundário,120.0,Português,113.9,0,0,1,Feminino,0,0,0,5,8,5,11.0,0,0,5,5,5,11.6,0,7.6,2.6,0.32,Graduado,Graduado,0,0
Solteiro,Equincultura,Curso de Especialização Tecnológica,120.0,Espanhol,120.0,0,1,0,Feminino,0,1,2,6,13,3,11.666666666666602,0,1,6,11,3,12.0,0,12.4,0.5,1.79,Desistente,Desistente,1,1
Solteiro,Jornalismo e Comunicação,Ensino Secundário,126.0,Português,121.1,0,1,1,Feminino,0,0,0,6,6,4,12.75,0,0,5,5,0,0.0,0,12.7,3.7,-1.7,Desistente,Desistente,1,1
Solteiro,Gestão,Ensino Secundário,133.0,Português,120.4,0,0,1,Feminino,0,0,0,5,5,5,14.8,0,0,5,5,5,15.8,0,8.9,1.4,3.51,Graduado,Graduado,0,0
Solteiro,Enfermagem,Ensino Secundário,103.0,Português,100.6,1,0,1,Feminino,0,0,0,7,9,5,13.928,0,0,8,9,7,14.342857142857095,0,11.1,0.6,2.02,Graduado,Graduado,0,0
Solteiro,Jornalismo e Comunicação,Ensino Secundário,120.0,Português,121.4,0,0,0,Feminino,0,0,0,6,7,4,13.0,0,0,6,7,5,13.8,0,12.4,0.5,1.79,Desistente,Desistente,1,1
Solteiro,Gestão (presencial noturno),Ensino Secundário,133.1,Português,109.7,0,0,1,Feminino,0,0,0,5,0,0,0.0,0,0,5,0,0,0.0,0,16.2,0.3,-0.92,Desistente,Desistente,1,1
Solteiro,Gestão (presencial noturno),Ensino Secundário,154.0,Português,134.1,0,0,1,Feminino,0,0,0,5,9,2,11.5,0,0,5,11,3,14.333333333333304,1,7.6,2.6,0.32,Matriculado,Matriculado,0,
Solteiro,Serviço Social,Ensino Secundário,130.0,Português,127.6,0,0,1,Feminino,0,0,0,6,6,6,11.666666666666602,0,0,6,8,5,13.2,0,11.1,0.6,2.02,Graduado,Graduado,0,0
Solteiro,Enfermagem,Ensino Secundário,132.0,Português,132.4,0,0,1,Feminino,1,0,0,7,8,6,13.5166666666666,0,0,8,9,7,13.771428571428505,0,11.1,0.6,2.02,Graduado,Graduado,0,0
Solteiro,Serviço Social (prestação nocturna),Curso de Especialização Tecnológica,130.0,Português,133.4,0,0,1,Feminino,1,0,3,6,6,6,11.5,0,2,6,7,6,13.285714285714198,0,12.4,0.5,1.79,Graduado,Graduado,0,0
Solteiro,Serviço Social,Ensino Secundário,139.0,Português,126.1,0,0,1,Feminino,1,0,0,6,7,5,12.333333333333304,0,0,6,7,6,12.833333333333304,0,12.7,3.7,-1.7,Graduado,Graduado,0,0
Solteiro,Turismo,Ensino Secundário,130.0,Português,113.5,0,0,1,Feminino,1,0,0,6,6,6,13.6666666666666,0,0,6,6,6,14.1666666666666,0,12.4,0.5,1.79,Graduado,Graduado,0,0
Solteiro,Enfermagem,Ensino Secundário,139.0,Português,121.3,0,0,1,Feminino,1,0,0,8,10,6,11.833333333333304,0,0,8,10,6,11.833333333333304,0,9.4,-0.8,-3.12,Matriculado,Matriculado,0,
Solteiro,Jornalismo e Comunicação,Ensino Secundário,127.0,Português,121.8,0,0,1,Feminino,1,0,0,6,11,4,14.0,0,0,6,12,3,11.0,0,9.4,-0.8,-3.12,Matriculado,Matriculado,0,
Solteiro,Equincultura,Ensino Secundário,167.0,Português,159.3,0,0,1,Feminino,0,0,0,5,7,5,14.714285714285703,0,0,5,5,5,15.8,0,7.6,2.6,0.32,Graduado,Graduado,0,0
Solteiro,Gestão (presencial noturno),Ensino Secundário,130.0,Português,120.0,0,0,1,Feminino,0,0,0,5,12,5,10.6,0,0,5,10,5,11.0,0,9.4,-0.8,-3.12,Desistente,Desistente,1,1
Solteiro,Enfermagem,Ensino Secundário,130.0,Português,129.1,0,0,1,Feminino,0,0,0,7,9,7,13.0444444444444,0,0,8,10,8,13.594999999999999,0,15.5,2.8,-4.06,Graduado,Graduado,0,0
Casado,Turismo,Ensino Superior - Licenciatura,130.0,Português,130.0,0,0,1,Feminino,0,0,0,6,10,0,0.0,0,0,6,6,0,0.0,0,12.4,0.5,1.79,Desistente,Desistente,1,1
Solteiro,Equincultura,Ensino Superior - Licenciatura (1º Ciclo),129.0,Português,155.3,0,0,1,Feminino,0,0,0,6,9,5,13.0,0,5,11,13,10,12.9,0,12.4,0.5,1.79,Desistente,Desistente,1,1
Solteiro,Enfermagem,Ensino Secundário,141.0,Português,139.8,0,0,1,Feminino,0,0,0,8,8,8,14.934999999999999,0,0,8,8,8,14.934999999999999,0,9.4,-0.8,-3.12,Graduado,Graduado,0,0
Solteiro,Design de Animação e Multimédia,Ensino Secundário,125.0,Português,115.2,0,0,1,Feminino,0,0,0,0,0,0,0.0,0,0,0,0,0,0.0,0,7.6,2.6,0.32,Matriculado,Matriculado,0,
Solteiro,Enfermagem,Ensino Secundário,125.0,Português,114.9,0,0,1,Feminino,0,0,0,7,8,6,13.133333333333303,0,0,8,12,7,12.221428571428502,0,16.2,0.3,-0.92,Graduado,Graduado,0,0
Solteiro,Serviço Social,Curso de Especialização Tecnológica,130.0,Português,131.9,0,0,1,Feminino,1,0,3,6,7,6,12.0,0,2,6,7,6,12.0,0,13.9,-0.3,0.79,Graduado,Graduado,0,0
Solteiro,Design de Animação e Multimédia,Ensino Secundário,133.0,Português,126.0,0,0,1,Masculino,1,0,0,0,0,0,0.0,0,0,0,0,0,0.0,0,10.8,1.4,1.74,Matriculado,Matriculado,0,
Solteiro,Design de Comunicação,Ensino Secundário,127.0,Português,130.2,0,0,1,Masculino,0,0,0,6,6,5,11.4,0,0,6,8,1,10.0,0,10.8,1.4,1.74,Matriculado,Matriculado,0,
Solteiro,Design de Comunicação,Ensino Secundário,116.0,Português,120.9,0,0,1,Masculino,0,0,0,6,6,0,0.0,0,0,6,6,0,0.0,0,12.7,3.7,-1.7,Matriculado,Matriculado,0,
Divorciado,Enfermagem,Ensino Básico (3º Ciclo),133.1,Português,126.0,0,0,1,Masculino,0,0,2,7,10,5,11.9,0,1,8,10,5,11.0,0,13.9,-0.3,0.79,Desistente,Desistente,1,1
Solteiro,Design de Animação e Multimédia,Ensino Secundário,139.0,Português,128.2,0,0,1,Masculino,1,0,0,0,0,0,0.0,0,0,0,0,0,0.0,0,10.8,1.4,1.74,Graduado,Graduado,0,0
Solteiro,Agronomia,Curso de Especialização Tecnológica,130.0,Português,130.0,0,0,1,Masculino,0,0,0,6,8,6,12.571428571428502,0,0,6,7,6,12.428571428571399,0,8.9,1.4,3.51,Graduado,Graduado,0,0
Solteiro,Gestão,Ensino Secundário,125.0,Português,120.1,0,1,1,Masculino,0,0,0,5,8,5,11.2,0,0,5,10,4,10.75,3,16.2,0.3,-0.92,Desistente,Desistente,1,1
Solteiro,Turismo,Ensino Secundário,160.0,Português,100.0,0,0,1,Masculino,0,0,0,6,7,6,12.0,0,0,6,8,5,10.8,0,12.7,3.7,-1.7,Matriculado,Matriculado,0,
Solteiro,Gestão,Ensino Secundário,148.0,Português,134.0,0,0,1,Masculino,0,0,0,5,9,0,0.0,0,0,5,5,0,0.0,0,7.6,2.6,0.32,Matriculado,Matriculado,0,
Solteiro,Enfermagem,Ensino Secundário,150.0,Português,130.8,0,0,1,Masculino,0,0,0,7,8,7,11.975,0,0,8,8,8,13.75,0,13.9,-0.3,0.79,Graduado,Graduado,0,0
Solteiro,Design de Animação e Multimédia,Ensino Secundário,141.0,Português,135.8,0,0,1,Masculino,0,0,0,0,0,0,0.0,0,0,0,0,0,0.0,0,15.5,2.8,-4.06,Desistente,Desistente,1,1
Solteiro,Turismo,Ensino Secundário,118.0,Português,111.7,0,0,1,Masculino,0,0,0,6,12,3,11.666666666666602,0,0,6,12,1,12.0,0,12.4,0.5,1.79,Desistente,Desistente,1,1
Solteiro,Jornalismo e Comunicação,Ensino Secundário,142.0,Português,132.9,0,0,1,Masculino,0,0,0,6,8,6,12.333333333333304,0,0,6,11,3,12.333333333333304,0,10.8,1.4,1.74,Graduado,Graduado,0,0
Solteiro,Gestão,Ensino Secundário,120.0,Português,115.5,0,1,1,Masculino,0,0,0,5,8,3,10.333333333333304,0,0,5,11,3,10.857142857142803,0,10.8,1.4,1.74,Desistente,Desistente,1,1
Solteiro,Turismo,Ensino Secundário,106.0,Português,106.0,0,0,1,Masculino,1,0,0,6,8,4,10.5,0,0,6,11,1,11.0,0,9.4,-0.8,-3.12,Desistente,Desistente,1,1
Solteiro,Jornalismo e Comunicação,Ensino Secundário,121.0,Português,120.3,0,1,1,Masculino,1,0,0,6,6,6,13.6666666666666,0,0,6,6,6,13.333333333333304,0,8.9,1.4,3.51,Graduado,Graduado,0,0
Solteiro,Enfermagem,Ensino Secundário,150.0,Português,130.8,0,0,1,Masculino,1,0,0,7,7,7,14.842857142857095,0,0,8,9,8,15.0555555555555,0,16.2,0.3,-0.92,Graduado,Graduado,0,0
Casado,Serviço Social (prestação nocturna),Ensino Secundário,120.0,Português,117.0,0,0,1,Masculino,0,0,0,6,8,6,12.0,0,0,6,6,6,11.666666666666602,0,10.8,1.4,1.74,Graduado,Graduado,0,0
Solteiro,Ensino Básico,Ensino Secundário,114.0,Português,110.2,0,0,1,Masculino,0,0,0,6,8,5,12.2,0,0,6,7,5,12.2,0,10.8,1.4,1.74,Desistente,Desistente,1,1
Solteiro,Gestão (presencial noturno),Ensino Superior - Licenciatura,140.0,Português,155.7,0,0,1,Masculino,0,0,0,1,1,0,0.0,1,0,5,0,0,0.0,0,10.8,1.4,1.74,Desistente,Desistente,1,1
Solteiro,Agronomia,Ensino Superior - Mestrado,160.0,Português,180.4,0,1,1,Masculino,0,0,6,12,17,6,12.166666666666602,0,7,12,14,10,13.3,0,12.4,0.5,1.79,Desistente,Desistente,1,1
Solteiro,Turismo,Ensino Secundário,120.0,Português,125.5,0,0,1,Masculino,0,0,0,5,6,5,12.0,0,0,5,8,3,11.333333333333304,0,12.7,3.7,-1.7,Matriculado,Matriculado,0,
Casado,Serviço Social (prestação nocturna),Ensino Secundário,130.0,Português,110.0,0,0,1,Feminino,0,0,0,6,7,6,11.0,0,0,6,11,5,11.0,0,9.4,-0.8,-3.12,Graduado,Graduado,0,0
Solteiro,Enfermagem,Ensino Secundário,160.0,Português,161.0,0,0,1,Feminino,1,0,0,8,8,7,13.08,0,0,8,8,7,13.08,0,10.8,1.4,1.74,Graduado,Graduado,0,0
Solteiro,Gestão de Publicidade e Marketing,Ensino Secundário,120.0,Português,100.0,0,0,1,Feminino,1,0,0,5,7,4,10.5,0,0,5,7,5,11.6,0,9.4,-0.8,-3.12,Graduado,Graduado,0,0
Solteiro,Design de Comunicação,Ensino Secundário,124.0,Português,117.6,0,0,1,Masculino,0,0,0,6,9,6,10.666666666666602,1,0,6,6,5,11.2,0,7.6,2.6,0.32,Graduado,Graduado,0,0
Solteiro,Gestão,Ensino Secundário,143.0,Português,128.7,0,0,1,Masculino,0,0,0,5,6,4,14.0,0,0,5,5,5,13.8,0,11.1,0.6,2.02,Matriculado,Matriculado,0,
Solteiro,Engenharia Informática,Ensino Secundário,115.0,Português,112.2,0,1,1,Masculino,0,0,0,5,9,2,10.0,0,0,5,9,0,0.0,0,15.5,2.8,-4.06,Matriculado,Matriculado,0,
Solteiro,Enfermagem,Ensino Secundário,133.1,Português,100.8,0,0,1,Masculino,0,0,0,7,18,0,0.0,0,0,7,7,0,0.0,0,13.9,-0.3,0.79,Desistente,Desistente,1,1
Solteiro,Jornalismo e Comunicação,Ensino Secundário,133.1,Brasileiro,105.0,0,0,0,Feminino,0,1,0,6,6,6,14.0,0,0,6,6,6,13.5,0,8.9,1.4,3.51,Graduado,Graduado,0,0
Solteiro,Equincultura,Ensino Secundário,133.1,Brasileiro,100.0,0,0,1,Feminino,0,1,0,6,7,2,12.0,1,0,6,6,0,0.0,0,8.9,1.4,3.51,Desistente,Desistente,1,1
Casado,Ensino Básico,11º Ano de Escolaridade - Não Concluído,133.1,Português,115.5,0,0,1,Feminino,0,0,0,6,12,3,12.666666666666602,0,0,6,14,0,0.0,1,7.6,2.6,0.32,Desistente,Desistente,1,1
Casado,Serviço Social (prestação nocturna),Ensino Secundário,133.1,Português,114.0,0,0,1,Feminino,0,0,2,8,11,8,11.875,0,0,6,7,6,12.333333333333304,0,12.7,3.7,-1.7,Graduado,Graduado,0,0
Solteiro,Engenharia Informática,Ensino Secundário,130.0,Santomense,137.0,0,0,1,Masculino,0,1,0,5,9,5,14.0,0,0,5,11,3,13.25,0,13.9,-0.3,0.79,Matriculado,Matriculado,0,
Solteiro,Jornalismo e Comunicação,Ensino Secundário,135.0,Português,124.9,0,0,1,Feminino,0,0,0,6,6,6,13.6666666666666,0,0,6,6,6,13.333333333333304,0,8.9,1.4,3.51,Graduado,Graduado,0,0
Solteiro,Enfermagem,Ensino Secundário,132.0,Português,120.3,0,0,1,Feminino,1,0,0,7,7,7,13.75,0,0,8,9,8,14.477777777777698,0,12.4,0.5,1.79,Graduado,Graduado,0,0
Solteiro,Enfermagem Veterinária,Ensino Secundário,135.0,Português,134.3,0,0,1,Feminino,0,0,0,5,7,5,14.2,2,0,5,7,5,13.8,0,12.7,3.7,-1.7,Matriculado,Matriculado,0,
Solteiro,Enfermagem,Ensino Secundário,115.0,Português,111.5,0,1,0,Feminino,0,0,0,7,10,4,11.96,0,0,7,7,0,0.0,0,13.9,-0.3,0.79,Desistente,Desistente,1,1
Solteiro,Enfermagem Veterinária,Curso Técnico Superior Profissional,130.0,Português,128.8,0,0,1,Feminino,0,0,7,10,12,8,12.875,0,4,9,14,5,13.4,0,8.9,1.4,3.51,Desistente,Desistente,1,1
Solteiro,Design de Animação e Multimédia,Ensino Secundário,133.1,Português,110.0,0,0,1,Feminino,0,0,0,0,0,0,0.0,0,0,0,0,0,0.0,0,16.2,0.3,-0.92,Graduado,Graduado,0,0
Casado,Serviço Social (prestação nocturna),Ensino Secundário,130.0,Português,113.5,0,0,1,Feminino,0,0,0,6,0,0,0.0,0,0,6,0,0,0.0,0,9.4,-0.8,-3.12,Desistente,Desistente,1,1
Divorciado,Agronomia,Outro - 11º Ano de Escolaridade,133.1,Português,160.0,0,0,1,Feminino,0,0,13,18,19,18,14.631578947368402,0,10,13,14,13,14.230769230769198,1,15.5,2.8,-4.06,Graduado,Graduado,0,0
Solteiro,Ensino Básico,Ensino Secundário,123.0,Português,117.4,0,0,1,Feminino,0,0,0,6,0,0,0.0,0,0,6,0,0,0.0,0,11.1,0.6,2.02,Desistente,Desistente,1,1
Solteiro,Design de Comunicação,Ensino Secundário,130.0,Português,122.2,0,1,1,Feminino,0,0,4,10,12,10,13.0,0,5,11,11,11,12.272727272727199,0,11.1,0.6,2.02,Graduado,Graduado,0,0
Solteiro,Serviço Social,Ensino Secundário,122.0,Português,118.2,0,0,1,Feminino,0,0,0,6,0,0,0.0,0,0,6,0,0,0.0,0,16.2,0.3,-0.92,Desistente,Desistente,1,1
Solteiro,Enfermagem Veterinária,Ensino Secundário,113.0,Português,106.7,0,0,1,Feminino,0,0,0,6,15,4,14.2,0,0,6,17,4,13.25,0,15.5,2.8,-4.06,Desistente,Desistente,1,1
Solteiro,Enfermagem,Ensino Secundário,111.0,Português,108.2,0,0,1,Feminino,0,0,2,7,9,6,13.2666666666666,0,0,7,10,5,12.3,0,12.4,0.5,1.79,Desistente,Desistente,1,1
Solteiro,Ensino Básico,Ensino Secundário,133.1,Português,107.0,0,0,1,Feminino,0,0,0,7,12,6,11.666666666666602,0,0,7,10,3,13.0,0,16.2,0.3,-0.92,Matriculado,Matriculado,0,
Solteiro,Serviço Social,Ensino Secundário,142.0,Português,136.1,0,0,1,Feminino,0,0,0,6,8,6,13.8571428571428,0,0,6,6,6,15.0,0,13.9,-0.3,0.79,Graduado,Graduado,0,0
Solteiro,Gestão,Ensino Secundário,123.0,Português,115.3,0,0,1,Feminino,1,0,0,5,9,3,13.0,0,0,5,11,3,11.0,0,8.9,1.4,3.51,Matriculado,Matriculado,0,
Solteiro,Enfermagem Veterinária,Ensino Secundário,131.0,Português,139.8,0,0,1,Feminino,0,0,0,5,6,5,13.4,0,0,5,5,5,12.8,0,10.8,1.4,1.74,Graduado,Graduado,0,0
Solteiro,Jornalismo e Comunicação,Ensino Secundário,158.0,Português,157.0,0,0,1,Feminino,0,0,0,6,6,6,12.666666666666602,0,0,6,7,6,12.571428571428502,0,10.8,1.4,1.74,Graduado,Graduado,0,0
Solteiro,Enfermagem,Ensino Secundário,122.0,Português,131.0,0,0,1,Feminino,0,0,0,7,7,6,12.516666666666602,1,0,7,7,6,12.516666666666602,1,7.6,2.6,0.32,Desistente,Desistente,1,1
Solteiro,Enfermagem,Ensino Secundário,130.0,Português,100.0,0,0,1,Feminino,0,0,0,7,11,6,11.616666666666601,0,0,7,7,7,13.0,0,13.9,-0.3,0.79,Matriculado,Matriculado,0,
Solteiro,Serviço Social,Ensino Secundário,154.0,Português,140.4,0,0,1,Feminino,1,0,0,6,13,2,10.0,0,0,6,12,4,10.75,0,7.6,2.6,0.32,Matriculado,Matriculado,0,
Solteiro,Gestão,Ensino Secundário,120.0,Português,113.4,0,0,1,Feminino,0,0,0,5,11,3,10.333333333333304,0,0,5,10,3,10.666666666666602,0,12.4,0.5,1.79,Matriculado,Matriculado,0,
Solteiro,Enfermagem Veterinária,Ensino Secundário,140.0,Português,137.0,0,0,1,Feminino,0,0,0,5,12,5,13.142857142857096,2,0,5,6,5,11.4,0,9.4,-0.8,-3.12,Graduado,Graduado,0,0
Solteiro,Gestão,Ensino Secundário,127.0,Português,121.8,0,0,1,Feminino,0,0,0,5,5,5,12.6,0,0,5,5,5,14.0,0,11.1,0.6,2.02,Graduado,Graduado,0,0
Solteiro,Turismo,Ensino Secundário,133.1,Português,131.0,0,0,1,Feminino,0,0,0,6,12,3,11.0,0,0,6,12,2,11.0,0,9.4,-0.8,-3.12,Desistente,Desistente,1,1
Solteiro,Gestão,Ensino Secundário,120.0,Português,118.6,0,0,1,Feminino,0,0,0,5,8,5,10.8,0,0,5,9,4,11.25,2,16.2,0.3,-0.92,Graduado,Graduado,0,0
Solteiro,Design de Animação e Multimédia,Ensino Secundário,137.0,Português,122.3,0,0,1,Feminino,0,0,0,0,0,0,0.0,0,0,0,0,0,0.0,0,10.8,1.4,1.74,Desistente,Desistente,1,1
Solteiro,Gestão de Publicidade e Marketing,Ensino Secundário,131.0,Português,127.9,0,0,1,Feminino,1,0,0,5,5,5,12.8,0,0,5,5,5,14.2,0,9.4,-0.8,-3.12,Graduado,Graduado,0,0
Solteiro,Enfermagem Veterinária,Ensino Secundário,130.0,Português,121.3,0,0,1,Feminino,0,0,0,6,15,6,14.1666666666666,0,0,6,13,6,12.2,0,15.5,2.8,-4.06,Graduado,Graduado,0,0
Solteiro,Higiene Oral,Ensino Secundário,122.0,Português,117.1,0,0,1,Feminino,0,0,0,7,12,5,12.1,0,0,7,0,0,0.0,0,13.9,-0.3,0.79,Desistente,Desistente,1,1
Solteiro,Enfermagem Veterinária,Curso de Especialização Tecnológica,160.0,Português,160.0,0,0,1,Feminino,0,0,1,6,7,6,14.1666666666666,0,1,6,17,5,13.777777777777697,0,12.4,0.5,1.79,Graduado,Graduado,0,0
Solteiro,Ensino Básico,Ensino Secundário,146.0,Português,145.3,0,0,1,Feminino,1,0,0,6,8,5,12.8,0,0,6,7,5,13.4,0,9.4,-0.8,-3.12,Matriculado,Matriculado,0,
Solteiro,Serviço Social,Ensino Secundário,131.0,Português,122.6,0,0,1,Feminino,0,0,0,6,7,6,13.0,0,0,6,6,6,13.6666666666666,0,12.4,0.5,1.79,Graduado,Graduado,0,0
Solteiro,Enfermagem,Ensino Secundário,132.0,Português,128.0,0,0,1,Feminino,0,0,0,7,7,7,13.4671428571428,0,0,8,9,8,15.0111111111111,0,12.4,0.5,1.79,Graduado,Graduado,0,0
Solteiro,Enfermagem,Ensino Secundário,138.0,Português,124.9,0,0,1,Feminino,1,0,0,7,9,7,13.2375,0,0,8,9,7,13.742857142857096,0,13.9,-0.3,0.79,Desistente,Desistente,1,1
Solteiro,Design de Comunicação,Ensino Secundário,130.0,Português,123.7,0,0,1,Feminino,0,0,0,6,6,6,12.333333333333304,0,0,6,6,6,13.0,0,7.6,2.6,0.32,Graduado,Graduado,0,0
Solteiro,Gestão,Ensino Secundário,126.0,Português,120.1,0,0,1,Feminino,0,0,0,5,7,5,12.4,0,0,5,5,5,14.6,0,8.9,1.4,3.51,Graduado,Graduado,0,0
Solteiro,Enfermagem,Ensino Secundário,148.0,Português,131.7,0,0,1,Feminino,0,0,0,7,8,5,14.0,0,0,7,7,0,0.0,0,13.9,-0.3,0.79,Desistente,Desistente,1,1
Solteiro,Serviço Social,Ensino Secundário,130.0,Português,133.2,0,0,1,Feminino,0,0,5,9,15,9,11.666666666666602,0,2,7,8,7,11.714285714285698,0,7.6,2.6,0.32,Graduado,Graduado,0,0
Solteiro,Gestão de Publicidade e Marketing,Ensino Secundário,117.0,Português,109.3,0,1,0,Feminino,1,0,0,6,7,5,12.0,0,0,6,9,4,12.5,0,12.4,0.5,1.79,Desistente,Desistente,1,1
Solteiro,Gestão de Publicidade e Marketing,Ensino Secundário,120.0,Português,113.0,0,0,1,Feminino,0,0,0,5,7,4,12.2,0,0,5,5,4,11.5,0,7.6,2.6,0.32,Graduado,Graduado,0,0
Solteiro,Jornalismo e Comunicação,Ensino Secundário,153.0,Português,157.9,0,1,1,Feminino,1,0,0,6,6,6,14.833333333333304,0,0,6,6,6,14.833333333333304,0,8.9,1.4,3.51,Graduado,Graduado,0,0
Solteiro,Enfermagem,Ensino Secundário,117.0,Português,112.1,0,0,1,Feminino,1,0,0,7,9,5,13.187999999999999,0,0,8,9,7,12.892857142857096,0,11.1,0.6,2.02,Matriculado,Matriculado,0,
Solteiro,Enfermagem,Ensino Secundário,178.0,Português,174.7,0,0,1,Feminino,0,0,0,7,8,7,17.125,0,0,8,8,8,17.5875,0,13.9,-0.3,0.79,Graduado,Graduado,0,0
Solteiro,Enfermagem,Ensino Secundário,129.0,Português,128.8,0,0,1,Feminino,0,0,0,7,7,6,12.666666666666602,0,0,7,7,6,12.666666666666602,0,7.6,2.6,0.32,Graduado,Graduado,0,0
Solteiro,Jornalismo e Comunicação,Ensino Secundário,116.0,Português,110.1,0,0,1,Feminino,1,0,0,6,8,6,12.666666666666602,0,0,6,10,5,12.0,0,12.4,0.5,1.79,Graduado,Graduado,0,0
Solteiro,Gestão,Ensino Secundário,99.0,Português,99.7,0,1,0,Feminino,0,0,0,5,8,0,0.0,0,0,5,7,0,0.0,0,8.9,1.4,3.51,Matriculado,Matriculado,0,
Solteiro,Serviço Social,Ensino Secundário,135.0,Português,121.0,0,0,1,Feminino,1,0,0,6,7,6,11.333333333333304,0,0,6,6,6,11.5,0,12.4,0.5,1.79,Graduado,Graduado,0,0
Solteiro,Enfermagem,Ensino Secundário,141.0,Português,131.7,0,0,1,Feminino,1,0,0,7,10,7,13.605,0,0,8,11,8,12.33125,0,15.5,2.8,-4.06,Graduado,Graduado,0,0
Solteiro,Ensino Básico,Ensino Secundário,132.0,Português,119.1,0,0,1,Feminino,1,0,0,6,10,5,12.0,0,0,6,9,5,10.8,0,9.4,-0.8,-3.12,Graduado,Graduado,0,0
Solteiro,Turismo,Ensino Secundário,132.0,Português,124.7,0,0,1,Feminino,0,0,0,5,10,0,0.0,0,0,5,10,0,0.0,0,7.6,2.6,0.32,Desistente,Desistente,1,1
Solteiro,Turismo,Ensino Secundário,113.0,Português,117.2,0,0,1,Feminino,0,0,0,6,8,5,11.2,0,0,6,12,3,11.666666666666602,0,7.6,2.6,0.32,Desistente,Desistente,1,1
Solteiro,Gestão,Ensino Secundário,134.0,Português,128.8,0,0,1,Feminino,0,0,0,5,10,5,13.375,0,0,5,9,5,14.1666666666666,0,13.9,-0.3,0.79,Graduado,Graduado,0,0
Solteiro,Enfermagem,Ensino Secundário,136.0,Português,131.5,0,0,1,Feminino,1,0,0,7,8,6,13.863333333333305,0,0,8,9,7,14.178571428571399,0,11.1,0.6,2.02,Graduado,Graduado,0,0
Solteiro,Design de Animação e Multimédia,Ensino Secundário,136.0,Português,121.7,0,0,1,Feminino,0,0,0,0,0,0,0.0,0,0,0,0,0,0.0,0,9.4,-0.8,-3.12,Matriculado,Matriculado,0,
Solteiro,Enfermagem Veterinária,Ensino Secundário,129.0,Português,123.4,0,0,1,Feminino,0,0,0,5,6,5,12.4,0,0,5,6,5,13.4,0,7.6,2.6,0.32,Graduado,Graduado,0,0
Solteiro,Ensino Básico,Ensino Secundário,138.0,Português,124.7,0,0,1,Feminino,0,0,0,6,11,3,12.333333333333304,0,0,6,10,5,10.833333333333304,0,9.4,-0.8,-3.12,Matriculado,Matriculado,0,
Solteiro,Ensino Básico,Ensino Secundário,137.0,Português,132.8,0,0,1,Feminino,0,0,0,6,7,6,13.333333333333304,0,0,6,8,5,11.8,0,7.6,2.6,0.32,Graduado,Graduado,0,0
Solteiro,Ensino Básico,Ensino Secundário,115.0,Português,108.7,0,0,1,Feminino,0,0,0,6,10,3,12.666666666666602,0,0,6,12,3,10.0,0,9.4,-0.8,-3.12,Desistente,Desistente,1,1
Solteiro,Ensino Básico,Ensino Secundário,129.0,Português,138.1,0,0,1,Feminino,0,0,0,6,8,6,12.0,0,0,6,10,4,11.5,0,7.6,2.6,0.32,Desistente,Desistente,1,1
Solteiro,Gestão,Ensino Secundário,131.0,Português,126.5,0,0,1,Feminino,1,0,0,5,5,5,10.6,0,0,5,5,5,11.8,0,12.4,0.5,1.79,Graduado,Graduado,0,0
Solteiro,Serviço Social,Ensino Secundário,133.0,Português,127.4,0,0,1,Feminino,1,0,0,6,8,6,12.25,0,0,6,7,6,11.857142857142803,0,12.7,3.7,-1.7,Graduado,Graduado,0,0
Solteiro,Serviço Social,Ensino Secundário,125.0,Português,123.6,0,0,1,Feminino,0,0,0,6,10,4,11.0,0,0,6,9,6,11.833333333333304,0,9.4,-0.8,-3.12,Graduado,Graduado,0,0
Solteiro,Serviço Social (prestação nocturna),Ensino Secundário,120.0,Português,122.0,0,0,1,Feminino,1,0,0,6,11,5,11.0,0,0,6,9,5,12.6,0,11.1,0.6,2.02,Graduado,Graduado,0,0
Solteiro,Gestão de Publicidade e Marketing,Ensino Secundário,128.0,Português,118.2,0,0,1,Feminino,0,0,0,6,6,6,13.1666666666666,0,0,6,9,6,13.0,0,10.8,1.4,1.74,Desistente,Desistente,1,1
Solteiro,Enfermagem,Ensino Secundário,127.0,Português,123.9,0,0,1,Feminino,1,0,0,7,9,7,12.855555555555501,0,0,8,12,7,12.7611111111111,0,15.5,2.8,-4.06,Graduado,Graduado,0,0
Solteiro,Enfermagem,Ensino Secundário,134.0,Português,125.8,0,0,1,Feminino,0,0,0,7,8,7,14.91875,0,0,8,8,8,15.355,0,15.5,2.8,-4.06,Graduado,Graduado,0,0
Solteiro,Ensino Básico,Ensino Secundário,132.0,Português,123.3,0,0,1,Feminino,0,0,0,6,13,4,11.5,0,0,6,10,3,11.0,0,10.8,1.4,1.74,Desistente,Desistente,1,1
Solteiro,Gestão de Publicidade e Marketing,Ensino Secundário,124.0,Português,124.4,0,0,1,Feminino,0,0,0,5,5,5,14.2,0,0,5,5,5,14.2,0,7.6,2.6,0.32,Graduado,Graduado,0,0
Solteiro,Jornalismo e Comunicação,Ensino Secundário,133.1,Português,126.0,0,0,1,Feminino,1,0,0,6,6,6,12.5,0,0,6,7,6,13.0,0,15.5,2.8,-4.06,Graduado,Graduado,0,0
Viúvo,Agronomia,Ensino Secundário,170.0,Português,170.0,0,1,1,Feminino,0,0,0,1,1,0,0.0,0,0,6,0,0,0.0,0,8.9,1.4,3.51,Matriculado,Matriculado,0,
Solteiro,Serviço Social,Ensino Secundário,125.0,Português,121.5,0,0,1,Feminino,0,0,0,6,10,5,11.666666666666602,0,0,6,12,4,11.0,0,13.9,-0.3,0.79,Graduado,Graduado,0,0
Solteiro,Enfermagem,Ensino Superior - Licenciatura,130.0,Português,130.0,0,0,1,Feminino,0,0,1,8,8,7,14.257142857142801,0,1,8,8,7,14.257142857142801,0,12.7,3.7,-1.7,Graduado,Graduado,0,0
Solteiro,Serviço Social,Ensino Secundário,125.0,Português,117.0,0,0,1,Feminino,0,0,0,6,13,3,12.0,0,0,6,12,2,11.333333333333304,0,16.2,0.3,-0.92,Desistente,Desistente,1,1
Solteiro,Enfermagem Veterinária,Ensino Secundário,130.0,Português,130.0,0,0,1,Feminino,0,0,0,5,13,4,11.25,1,0,5,11,4,10.5,0,12.7,3.7,-1.7,Matriculado,Matriculado,0,
Solteiro,Higiene Oral,Ensino Secundário,133.1,Português,108.0,0,0,1,Feminino,0,0,0,7,8,7,12.457142857142802,0,0,8,8,8,13.5625,0,15.5,2.8,-4.06,Graduado,Graduado,0,0
Solteiro,Enfermagem,Ensino Secundário,131.0,Português,132.3,0,0,1,Feminino,0,0,0,7,7,6,11.683333333333303,0,0,7,7,6,11.683333333333303,0,7.6,2.6,0.32,Graduado,Graduado,0,0
Solteiro,Serviço Social (prestação nocturna),Ensino Secundário,150.0,Português,148.0,0,0,1,Feminino,0,0,0,6,10,3,11.666666666666602,0,0,6,8,5,12.0,0,9.4,-0.8,-3.12,Graduado,Graduado,0,0
Solteiro,Turismo,Ensino Secundário,125.0,Português,122.6,0,1,0,Feminino,0,0,0,6,8,4,11.75,0,0,6,6,6,13.1666666666666,0,11.1,0.6,2.02,Desistente,Desistente,1,1
Solteiro,Gestão de Publicidade e Marketing,Ensino Secundário,131.0,Português,123.0,0,0,1,Feminino,1,0,0,5,6,3,11.666666666666602,0,0,5,6,4,13.5,0,7.6,2.6,0.32,Matriculado,Matriculado,0,
Solteiro,Ensino Básico,Ensino Secundário,130.0,Português,102.5,0,0,1,Feminino,0,0,0,6,9,5,13.2,0,0,6,10,5,12.0,0,7.6,2.6,0.32,Graduado,Graduado,0,0
Solteiro,Enfermagem,Ensino Secundário,123.0,Português,113.3,0,0,1,Feminino,0,0,0,7,8,4,11.95,0,0,7,8,4,11.95,0,7.6,2.6,0.32,Desistente,Desistente,1,1
Solteiro,Ensino Básico,Ensino Secundário,141.0,Português,133.0,0,0,1,Feminino,0,0,0,6,8,5,12.4,0,0,6,12,5,10.4,0,9.4,-0.8,-3.12,Desistente,Desistente,1,1
Solteiro,Enfermagem,Ensino Superior - Licenciatura,140.0,Português,140.0,0,0,1,Feminino,0,0,2,7,8,6,14.35,0,3,8,10,6,14.583333333333304,0,16.2,0.3,-0.92,Desistente,Desistente,1,1
Solteiro,Ensino Básico,Ensino Secundário,140.0,Português,128.3,0,0,1,Feminino,0,0,19,21,21,21,12.619047619047599,0,13,19,19,19,12.789473684210503,0,12.4,0.5,1.79,Graduado,Graduado,0,0
Solteiro,Gestão (presencial noturno),Curso de Especialização Tecnológica,140.0,Português,140.0,0,0,1,Feminino,1,0,2,6,7,6,12.666666666666602,0,2,6,7,6,13.1666666666666,1,9.4,-0.8,-3.12,Matriculado,Matriculado,0,
Solteiro,Jornalismo e Comunicação,Ensino Básico (3º Ciclo),133.1,Português,104.0,0,1,0,Feminino,0,0,0,6,6,5,12.0,0,0,6,6,0,0.0,0,11.1,0.6,2.02,Desistente,Desistente,1,1
Solteiro,Design de Comunicação,Ensino Secundário,131.0,Português,122.3,0,0,0,Feminino,0,0,0,6,6,6,12.166666666666602,0,0,6,6,0,0.0,0,15.5,2.8,-4.06,Desistente,Desistente,1,1
Solteiro,Turismo,Ensino Secundário,143.0,Português,135.0,0,0,1,Feminino,0,0,0,6,0,0,0.0,0,0,6,0,0,0.0,0,11.1,0.6,2.02,Desistente,Desistente,1,1
Solteiro,Gestão,Ensino Secundário,132.0,Português,119.1,0,1,0,Feminino,0,0,0,5,9,3,10.0,0,0,5,9,3,10.571428571428502,0,10.8,1.4,1.74,Desistente,Desistente,1,1
Solteiro,Serviço Social,Ensino Secundário,143.0,Português,126.6,0,1,0,Feminino,0,0,5,10,18,8,11.5,0,0,6,12,4,10.0,0,9.4,-0.8,-3.12,Matriculado,Matriculado,0,
Solteiro,Enfermagem,Ensino Secundário,141.0,Português,129.0,0,0,1,Feminino,1,0,0,7,7,6,13.05,0,0,7,7,6,13.05,0,7.6,2.6,0.32,Graduado,Graduado,0,0
Solteiro,Enfermagem Veterinária,Ensino Secundário,133.1,Português,162.3,0,0,1,Feminino,0,0,0,6,10,2,11.0,0,0,6,6,0,0.0,0,8.9,1.4,3.51,Desistente,Desistente,1,1
Solteiro,Design de Comunicação,Ensino Secundário,148.0,Português,163.4,0,0,1,Feminino,0,0,0,6,7,6,11.5,0,0,6,6,6,12.0,0,16.2,0.3,-0.92,Graduado,Graduado,0,0
Solteiro,Turismo,Ensino Secundário,125.0,Português,121.5,0,0,1,Feminino,1,0,0,6,7,6,12.0,0,0,6,6,6,12.5,0,13.9,-0.3,0.79,Graduado,Graduado,0,0
Solteiro,Serviço Social (prestação nocturna),Ensino Secundário,120.0,Português,122.8,0,0,1,Feminino,0,0,0,6,13,2,10.0,0,0,5,12,1,10.0,0,9.4,-0.8,-3.12,Matriculado,Matriculado,0,
Solteiro,Gestão,Ensino Secundário,140.0,Português,118.0,0,0,1,Feminino,0,0,0,5,5,0,0.0,0,0,5,5,0,0.0,0,7.6,2.6,0.32,Desistente,Desistente,1,1
Solteiro,Ensino Básico,Ensino Secundário,139.0,Português,134.0,0,0,1,Feminino,0,0,0,6,0,0,0.0,0,0,6,0,0,0.0,0,12.4,0.5,1.79,Desistente,Desistente,1,1
Solteiro,Enfermagem,Ensino Secundário,142.0,Português,129.8,0,0,1,Feminino,0,0,0,8,8,7,12.242857142857096,0,0,8,8,7,12.242857142857096,0,12.7,3.7,-1.7,Graduado,Graduado,0,0
Solteiro,Gestão (presencial noturno),Ensino Superior - Licenciatura (1º Ciclo),130.0,Português,152.0,0,0,1,Feminino,0,0,0,5,0,0,0.0,0,0,5,0,0,0.0,0,8.9,1.4,3.51,Desistente,Desistente,1,1
Solteiro,Enfermagem,Ensino Secundário,126.0,Português,122.8,0,0,1,Feminino,0,0,0,8,8,8,12.93375,0,0,8,8,8,12.93375,0,9.4,-0.8,-3.12,Graduado,Graduado,0,0
Solteiro,Engenharia Informática,Ensino Superior - Licenciatura,150.0,Português,150.0,0,0,1,Feminino,0,0,0,5,0,0,0.0,0,0,5,0,0,0.0,0,13.9,-0.3,0.79,Desistente,Desistente,1,1
Solteiro,Ensino Básico,Ensino Secundário,130.0,Português,131.8,0,0,1,Feminino,0,0,0,7,9,7,12.571428571428502,0,0,7,8,7,14.428571428571399,0,11.1,0.6,2.02,Graduado,Graduado,0,0
Solteiro,Enfermagem,Ensino Secundário,120.0,Português,105.9,0,0,1,Feminino,0,0,0,3,4,3,11.816666666666602,0,0,3,3,3,11.333333333333304,0,11.1,0.6,2.02,Matriculado,Matriculado,0,
Solteiro,Enfermagem Veterinária,Ensino Secundário,138.0,Português,132.1,0,0,1,Feminino,0,0,0,5,9,4,13.75,0,0,5,13,4,14.333333333333304,2,10.8,1.4,1.74,Graduado,Graduado,0,0
Solteiro,Serviço Social,Ensino Secundário,127.0,Português,127.4,0,0,1,Feminino,0,0,0,6,8,6,11.166666666666602,0,0,6,6,6,11.333333333333304,0,7.6,2.6,0.32,Graduado,Graduado,0,0
Solteiro,Enfermagem,Ensino Secundário,140.0,Português,129.5,0,0,1,Feminino,0,0,0,8,8,7,12.324285714285697,0,0,8,8,7,12.324285714285697,0,10.8,1.4,1.74,Graduado,Graduado,0,0
Solteiro,Serviço Social,Curso de Especialização Tecnológica,130.0,Português,126.7,0,1,1,Feminino,0,0,3,6,6,6,12.166666666666602,0,2,6,7,6,11.714285714285698,0,13.9,-0.3,0.79,Graduado,Graduado,0,0
Solteiro,Serviço Social,Ensino Secundário,128.0,Português,116.5,0,0,1,Feminino,1,0,0,6,11,5,11.142857142857096,0,0,6,11,4,11.25,0,16.2,0.3,-0.92,Graduado,Graduado,0,0
Solteiro,Serviço Social,Ensino Secundário,132.0,Português,119.1,0,0,1,Feminino,0,0,0,6,9,4,11.0,0,0,6,9,4,10.75,0,7.6,2.6,0.32,Graduado,Graduado,0,0
Solteiro,Enfermagem,Ensino Secundário,149.0,Português,126.5,0,0,1,Feminino,0,0,0,8,8,7,12.914285714285697,0,0,8,8,7,12.914285714285697,0,12.7,3.7,-1.7,Graduado,Graduado,0,0
Solteiro,Jornalismo e Comunicação,Ensino Secundário,155.0,Português,149.8,0,0,1,Feminino,1,0,0,6,6,6,13.833333333333304,0,0,6,6,6,14.1666666666666,0,16.2,0.3,-0.92,Graduado,Graduado,0,0
Solteiro,Enfermagem Veterinária,Ensino Secundário,120.0,Português,115.1,0,0,1,Feminino,0,0,0,6,8,6,13.8571428571428,0,0,6,9,5,13.4,0,13.9,-0.3,0.79,Graduado,Graduado,0,0
Solteiro,Turismo,Ensino Básico (3º Ciclo),133.1,Português,124.5,0,0,1,Feminino,1,0,0,6,7,6,13.7142857142857,0,0,6,6,5,12.8,0,16.2,0.3,-0.92,Desistente,Desistente,1,1
Solteiro,Enfermagem,Ensino Secundário,131.0,Português,128.3,0,0,1,Feminino,1,0,0,8,8,7,12.642857142857096,0,0,8,8,7,12.642857142857096,0,12.7,3.7,-1.7,Graduado,Graduado,0,0
Solteiro,Enfermagem,Ensino Secundário,149.0,Português,136.0,0,0,1,Feminino,1,0,0,7,7,6,12.9166666666666,0,0,7,7,6,12.9166666666666,0,7.6,2.6,0.32,Graduado,Graduado,0,0
Solteiro,Equincultura,Ensino Secundário,140.0,Português,140.0,0,0,1,Feminino,1,0,0,6,8,6,15.625,0,0,6,8,6,15.8571428571428,0,13.9,-0.3,0.79,Graduado,Graduado,0,0
Solteiro,Gestão (presencial noturno),Ensino Secundário,133.1,Português,126.3,0,0,1,Feminino,1,0,0,5,7,0,0.0,0,0,5,8,0,0.0,0,16.2,0.3,-0.92,Desistente,Desistente,1,1
Solteiro,Jornalismo e Comunicação,Ensino Secundário,122.0,Português,126.9,0,0,1,Feminino,0,0,0,6,8,6,11.714285714285698,0,0,6,7,6,12.0,0,7.6,2.6,0.32,Graduado,Graduado,0,0
Solteiro,Higiene Oral,Ensino Superior - Licenciatura (1º Ciclo),130.0,Português,145.0,0,0,1,Feminino,0,0,0,7,10,6,12.125,0,0,8,9,8,13.3125,0,15.5,2.8,-4.06,Matriculado,Matriculado,0,
Solteiro,Gestão,Ensino Secundário,121.0,Português,115.8,0,0,1,Feminino,1,0,0,5,7,5,11.6,0,0,5,5,5,11.6,0,12.4,0.5,1.79,Graduado,Graduado,0,0
Solteiro,Serviço Social (prestação nocturna),Ensino Secundário,120.0,Português,100.0,0,0,1,Feminino,0,0,0,6,11,1,10.0,0,0,6,6,0,0.0,6,9.4,-0.8,-3.12,Desistente,Desistente,1,1
Solteiro,Serviço Social (prestação nocturna),Ensino Secundário,133.1,Português,102.5,0,0,1,Feminino,1,0,0,6,16,1,10.0,0,0,6,13,0,0.0,0,8.9,1.4,3.51,Desistente,Desistente,1,1
Solteiro,Enfermagem Veterinária,Ensino Secundário,121.0,Português,131.5,0,0,1,Feminino,0,0,0,5,10,0,0.0,1,0,5,9,2,13.5,0,7.6,2.6,0.32,Desistente,Desistente,1,1
Solteiro,Gestão,Ensino Secundário,133.0,Português,147.0,0,0,1,Feminino,1,0,0,5,7,4,13.0,0,0,5,8,3,12.333333333333304,0,9.4,-0.8,-3.12,Graduado,Graduado,0,0
Casado,Ensino Básico,Ensino Secundário,134.0,Português,122.5,1,0,1,Feminino,1,0,0,6,6,6,13.333333333333304,0,0,6,6,6,14.5,0,10.8,1.4,1.74,Graduado,Graduado,0,0
Solteiro,Turismo,Ensino Secundário,115.0,Português,117.5,0,0,1,Feminino,0,0,0,6,9,4,11.25,0,0,6,13,2,12.5,0,9.4,-0.8,-3.12,Desistente,Desistente,1,1
Solteiro,Enfermagem,Ensino Secundário,127.0,Português,150.0,0,0,1,Feminino,1,0,0,7,9,5,13.85,0,0,8,9,7,12.192857142857097,0,11.1,0.6,2.02,Graduado,Graduado,0,0
Solteiro,Enfermagem,Ensino Secundário,135.0,Português,127.5,0,0,1,Feminino,1,0,0,7,8,6,13.7416666666666,0,0,8,9,7,14.9125,0,16.2,0.3,-0.92,Graduado,Graduado,0,0
Casado,Gestão (presencial noturno),Ensino Superior - Mestrado (2º Ciclo),140.0,Português,140.0,0,0,1,Feminino,0,0,2,6,7,6,15.333333333333304,0,0,5,5,5,15.8,0,11.1,0.6,2.02,Graduado,Graduado,0,0
Casado,Gestão,Ensino Superior - Licenciatura,130.0,Português,130.0,0,0,1,Feminino,0,0,0,5,6,5,11.0,0,0,5,5,5,13.8,0,12.4,0.5,1.79,Graduado,Graduado,0,0
Solteiro,Serviço Social,Ensino Secundário,135.0,Português,133.3,0,0,1,Feminino,1,0,0,6,6,6,12.0,0,0,6,7,6,12.857142857142804,0,11.1,0.6,2.02,Graduado,Graduado,0,0
Solteiro,Gestão de Publicidade e Marketing,Ensino Secundário,140.0,Português,97.0,0,0,1,Feminino,0,0,0,5,5,0,0.0,0,0,5,5,0,0.0,0,7.6,2.6,0.32,Desistente,Desistente,1,1
Solteiro,Enfermagem,Ensino Secundário,120.0,Português,112.0,0,0,1,Feminino,1,0,0,8,15,7,11.571428571428502,0,0,8,15,7,11.571428571428502,0,12.7,3.7,-1.7,Graduado,Graduado,0,0
Solteiro,Turismo,Ensino Secundário,140.0,Português,123.6,0,0,1,Feminino,0,0,0,6,10,6,12.857142857142804,0,0,6,6,3,12.666666666666602,0,12.7,3.7,-1.7,Graduado,Graduado,0,0
Solteiro,Turismo,Ensino Superior - Licenciatura,133.1,Português,130.5,0,0,1,Feminino,0,0,0,6,0,0,0.0,0,0,6,0,0,0.0,0,15.5,2.8,-4.06,Desistente,Desistente,1,1
Solteiro,Gestão de Publicidade e Marketing,Ensino Secundário,135.0,Português,133.3,0,0,1,Feminino,0,0,0,5,5,5,13.0,0,0,5,5,5,13.2,0,9.4,-0.8,-3.12,Graduado,Graduado,0,0
Solteiro,Turismo,Ensino Secundário,123.0,Português,132.1,0,0,1,Feminino,1,0,0,6,9,5,11.0,0,0,6,8,5,12.0,0,15.5,2.8,-4.06,Graduado,Graduado,0,0
Solteiro,Gestão,Ensino Secundário,133.1,Português,100.0,0,0,1,Feminino,0,0,0,5,12,3,12.0,0,0,5,12,1,15.0,3,16.2,0.3,-0.92,Desistente,Desistente,1,1
Solteiro,Serviço Social,Ensino Secundário,154.0,Português,140.4,0,0,1,Feminino,1,0,0,6,6,5,12.6,0,0,6,6,6,13.0,0,10.8,1.4,1.74,Graduado,Graduado,0,0
Solteiro,Ensino Básico,Ensino Secundário,148.0,Português,141.7,0,0,1,Feminino,1,0,0,6,8,5,13.4,0,0,6,7,6,13.1666666666666,0,9.4,-0.8,-3.12,Graduado,Graduado,0,0
Solteiro,Serviço Social,Ensino Secundário,133.0,Português,119.7,1,0,1,Feminino,1,0,0,6,9,6,11.333333333333304,0,0,6,9,6,11.571428571428502,0,15.5,2.8,-4.06,Graduado,Graduado,0,0
Solteiro,Equincultura,Ensino Secundário,126.0,Português,122.5,0,0,0,Feminino,0,0,0,5,14,4,13.5,2,0,5,10,4,14.25,0,9.4,-0.8,-3.12,Desistente,Desistente,1,1
Solteiro,Enfermagem Veterinária,Ensino Básico (3º Ciclo),133.1,Português,140.0,0,1,0,Feminino,0,0,2,6,11,3,11.75,0,1,6,14,3,10.333333333333304,0,16.2,0.3,-0.92,Desistente,Desistente,1,1
Solteiro,Enfermagem,Ensino Secundário,125.0,Português,119.4,0,0,1,Feminino,0,0,0,7,10,6,12.471428571428502,0,0,7,8,7,11.4625,0,12.4,0.5,1.79,Matriculado,Matriculado,0,
Solteiro,Design de Animação e Multimédia,Ensino Secundário,145.0,Português,155.0,0,0,1,Feminino,0,0,11,17,19,11,12.909090909090901,0,9,13,15,9,13.5555555555555,0,12.4,0.5,1.79,Matriculado,Matriculado,0,
Solteiro,Gestão,Ensino Secundário,118.0,Português,119.1,0,0,1,Feminino,1,0,0,5,5,5,11.6,0,0,5,5,5,13.6,0,12.4,0.5,1.79,Graduado,Graduado,0,0
Solteiro,Gestão,Ensino Secundário,120.0,Português,122.7,0,0,0,Feminino,0,0,0,5,5,0,0.0,0,0,5,9,0,0.0,0,10.8,1.4,1.74,Desistente,Desistente,1,1
Solteiro,Gestão,Ensino Secundário,127.0,Português,117.9,0,0,1,Feminino,1,0,5,10,13,9,12.9,0,4,10,12,10,12.3636363636363,0,8.9,1.4,3.51,Graduado,Graduado,0,0
Solteiro,Enfermagem,Ensino Superior - Licenciatura,130.0,Português,130.0,0,0,1,Feminino,0,0,0,8,8,8,13.22,0,0,8,8,8,13.22,0,9.4,-0.8,-3.12,Graduado,Graduado,0,0
Solteiro,Enfermagem,Ensino Secundário,129.0,Português,120.0,0,0,1,Feminino,1,0,0,8,8,7,13.151428571428502,0,0,8,8,7,13.151428571428502,0,10.8,1.4,1.74,Graduado,Graduado,0,0
Solteiro,Agronomia,Curso de Especialização Tecnológica,130.0,Português,130.0,0,1,0,Feminino,0,0,0,6,13,3,12.75,0,0,6,8,3,11.333333333333304,0,13.9,-0.3,0.79,Desistente,Desistente,1,1
Solteiro,Turismo,Ensino Secundário,121.0,Português,116.8,0,0,1,Feminino,0,0,0,6,8,6,11.333333333333304,0,0,6,8,4,12.25,0,11.1,0.6,2.02,Graduado,Graduado,0,0
Solteiro,Gestão de Publicidade e Marketing,Ensino Secundário,136.0,Português,123.4,0,0,1,Feminino,1,0,0,6,10,6,13.25,0,0,6,13,5,14.142857142857096,0,11.1,0.6,2.02,Graduado,Graduado,0,0
Solteiro,Design de Comunicação,Ensino Secundário,125.0,Português,125.4,0,0,1,Feminino,0,0,0,6,7,5,12.4,0,0,6,6,5,12.4,0,9.4,-0.8,-3.12,Matriculado,Matriculado,0,
Solteiro,Jornalismo e Comunicação,Ensino Secundário,131.0,Português,127.2,0,0,1,Feminino,1,0,0,6,6,6,15.0,0,0,6,6,6,12.833333333333304,0,8.9,1.4,3.51,Desistente,Desistente,1,1
Solteiro,Enfermagem Veterinária,Ensino Secundário,122.0,Português,103.4,0,0,1,Feminino,0,0,0,5,6,5,14.4,0,0,5,6,5,13.0,0,7.6,2.6,0.32,Graduado,Graduado,0,0
Solteiro,Jornalismo e Comunicação,Ensino Secundário,127.0,Português,123.2,0,0,1,Feminino,0,0,0,6,12,1,11.0,0,0,6,12,0,0.0,0,9.4,-0.8,-3.12,Matriculado,Matriculado,0,
Solteiro,Gestão,Ensino Secundário,136.0,Português,124.1,0,0,1,Feminino,0,0,0,5,8,5,12.4,0,0,5,6,5,10.8,0,8.9,1.4,3.51,Graduado,Graduado,0,0
Casado,Higiene Oral,Ensino Básico (3º Ciclo),133.1,Português,99.5,0,1,0,Feminino,1,0,0,7,13,1,16.0,0,0,7,12,0,0.0,0,8.9,1.4,3.51,Desistente,Desistente,1,1
Solteiro,Gestão (presencial noturno),Ensino Superior - Licenciatura (1º Ciclo),127.0,Português,124.9,0,0,1,Feminino,0,0,0,5,10,5,13.571428571428504,0,0,5,14,5,12.333333333333304,3,16.2,0.3,-0.92,Graduado,Graduado,0,0
Solteiro,Design de Comunicação,Ensino Secundário,116.0,Português,110.8,0,0,1,Feminino,0,0,0,6,6,6,11.833333333333304,0,0,6,6,6,12.5,0,7.6,2.6,0.32,Matriculado,Matriculado,0,
Solteiro,Serviço Social,Ensino Secundário,121.0,Português,118.9,0,0,1,Feminino,1,0,0,6,8,5,11.666666666666602,0,0,6,9,5,12.666666666666602,0,12.4,0.5,1.79,Graduado,Graduado,0,0
Solteiro,Serviço Social,Ensino Secundário,124.0,Português,118.8,0,1,0,Feminino,0,0,6,10,16,6,11.833333333333304,0,2,7,8,2,13.0,0,16.2,0.3,-0.92,Desistente,Desistente,1,1
Solteiro,Turismo,Ensino Secundário,131.0,Português,137.0,0,0,1,Feminino,1,0,0,6,8,6,11.166666666666602,0,0,6,10,5,10.6,0,15.5,2.8,-4.06,Graduado,Graduado,0,0
Solteiro,Serviço Social (prestação nocturna),Ensino Secundário,100.0,Português,100.0,0,0,1,Feminino,0,0,0,6,0,0,0.0,0,0,6,0,0,0.0,0,12.7,3.7,-1.7,Desistente,Desistente,1,1
Solteiro,Engenharia Informática,Ensino Secundário,130.0,Português,120.0,0,1,0,Feminino,0,0,8,12,17,8,11.75,0,6,12,19,6,12.166666666666602,2,7.6,2.6,0.32,Desistente,Desistente,1,1
Solteiro,Serviço Social,Ensino Secundário,135.0,Português,122.8,0,0,1,Feminino,0,0,0,6,7,6,14.0,0,0,6,7,6,14.0,0,10.8,1.4,1.74,Graduado,Graduado,0,0
Solteiro,Serviço Social,Ensino Secundário,130.0,Português,121.6,0,0,1,Feminino,0,0,0,6,6,6,12.833333333333304,0,0,6,6,6,12.0,0,12.4,0.5,1.79,Graduado,Graduado,0,0
Solteiro,Jornalismo e Comunicação,Ensino Secundário,146.0,Português,149.2,0,0,1,Feminino,0,0,0,6,11,4,12.25,0,0,6,10,3,11.666666666666602,0,9.4,-0.8,-3.12,Graduado,Graduado,0,0
Solteiro,Enfermagem,Ensino Secundário,146.0,Português,140.0,0,0,1,Feminino,0,0,0,8,8,7,14.828571428571399,0,0,8,8,7,14.828571428571399,0,12.7,3.7,-1.7,Graduado,Graduado,0,0
Solteiro,Jornalismo e Comunicação,Ensino Secundário,154.0,Português,133.4,0,0,1,Feminino,1,0,0,6,7,5,11.4,0,0,6,8,5,12.8,0,12.7,3.7,-1.7,Graduado,Graduado,0,0
Solteiro,Design de Comunicação,Ensino Secundário,137.0,Português,126.2,0,0,1,Feminino,1,0,0,6,6,6,13.0,0,0,6,8,6,12.5,0,10.8,1.4,1.74,Graduado,Graduado,0,0
Solteiro,Enfermagem,Ensino Secundário,151.0,Português,127.8,0,0,1,Feminino,1,0,0,8,8,7,13.671428571428503,0,0,8,8,7,13.671428571428503,0,12.7,3.7,-1.7,Graduado,Graduado,0,0
Solteiro,Agronomia,Curso de Especialização Tecnológica,150.0,Português,150.0,0,0,1,Feminino,1,0,0,6,9,6,12.666666666666602,0,0,6,8,5,12.8,0,13.9,-0.3,0.79,Graduado,Graduado,0,0
Solteiro,Gestão,Ensino Secundário,121.0,Português,113.7,0,0,0,Feminino,0,0,0,5,10,2,10.0,0,0,5,12,1,13.0,0,7.6,2.6,0.32,Desistente,Desistente,1,1
Solteiro,Gestão,Ensino Secundário,122.0,Português,117.8,0,0,1,Feminino,0,0,0,5,10,5,13.5,0,0,5,8,5,12.333333333333304,0,13.9,-0.3,0.79,Graduado,Graduado,0,0
Solteiro,Enfermagem,Ensino Secundário,143.0,Português,136.7,0,0,1,Feminino,0,0,2,7,8,7,12.67,0,1,8,8,8,13.55,0,11.1,0.6,2.02,Graduado,Graduado,0,0
Solteiro,Serviço Social,Ensino Secundário,152.0,Português,144.7,0,0,1,Feminino,0,0,0,6,8,6,14.5,0,0,6,7,6,15.428571428571399,0,16.2,0.3,-0.92,Graduado,Graduado,0,0
Solteiro,Enfermagem,Ensino Secundário,145.0,Português,139.8,0,0,1,Feminino,0,0,0,7,7,7,13.685714285714198,0,0,8,8,8,15.3875,0,13.9,-0.3,0.79,Graduado,Graduado,0,0
Solteiro,Ensino Básico,Ensino Secundário,120.0,Português,113.7,0,0,1,Feminino,0,0,0,6,8,5,11.0,0,0,6,10,3,10.666666666666602,0,12.7,3.7,-1.7,Desistente,Desistente,1,1
Casado,Equincultura,Ensino Superior - Licenciatura,140.0,Português,140.0,0,1,0,Feminino,0,0,7,9,16,7,11.5555555555555,4,5,7,12,5,13.2,2,7.6,2.6,0.32,Desistente,Desistente,1,1
Solteiro,Enfermagem,Ensino Secundário,143.0,Português,142.3,0,0,1,Feminino,1,0,0,7,7,7,13.797142857142802,0,0,8,8,8,13.775,0,12.4,0.5,1.79,Matriculado,Matriculado,0,
Solteiro,Enfermagem,Ensino Secundário,129.0,Português,119.6,0,0,1,Feminino,1,0,0,7,8,7,14.00375,0,0,8,11,7,13.812857142857098,0,15.5,2.8,-4.06,Graduado,Graduado,0,0
Solteiro,Gestão,Ensino Secundário,139.0,Português,123.7,0,0,1,Feminino,1,0,0,5,8,4,12.0,0,0,5,8,4,11.4,2,16.2,0.3,-0.92,Graduado,Graduado,0,0
Divorciado,Serviço Social (prestação nocturna),Ensino Secundário,133.1,Português,143.0,0,0,1,Feminino,1,0,0,6,9,5,14.1666666666666,0,0,6,7,6,14.1666666666666,0,16.2,0.3,-0.92,Graduado,Graduado,0,0
Casado,Gestão (presencial noturno),Ensino Secundário,127.0,Português,100.1,0,0,1,Feminino,0,0,1,5,5,5,14.0,0,0,5,5,5,13.8,0,8.9,1.4,3.51,Graduado,Graduado,0,0
Solteiro,Design de Comunicação,Ensino Secundário,126.0,Português,119.4,0,0,1,Feminino,1,0,0,6,7,5,13.8,0,0,6,6,6,12.833333333333304,0,16.2,0.3,-0.92,Graduado,Graduado,0,0
Solteiro,Serviço Social (prestação nocturna),Ensino Secundário,128.0,Português,122.1,0,0,1,Feminino,0,0,0,6,8,5,12.8,0,0,6,10,6,11.857142857142803,0,7.6,2.6,0.32,Graduado,Graduado,0,0
Casado,Jornalismo e Comunicação,Outro - 11º Ano de Escolaridade,100.0,Português,100.0,0,0,1,Feminino,0,0,0,6,6,6,12.166666666666602,0,0,6,6,6,13.833333333333304,0,7.6,2.6,0.32,Graduado,Graduado,0,0
Solteiro,Design de Comunicação,Ensino Secundário,123.0,Português,113.9,0,0,1,Feminino,0,0,0,6,8,6,12.5,0,0,6,6,6,12.333333333333304,0,15.5,2.8,-4.06,Matriculado,Matriculado,0,
Solteiro,Serviço Social (prestação nocturna),10º Ano de Escolaridade - Não Concluído,170.0,Português,101.0,0,0,1,Feminino,0,0,0,6,9,4,12.0,0,0,6,12,4,11.5,0,7.6,2.6,0.32,Graduado,Graduado,0,0
Solteiro,Serviço Social (prestação nocturna),Ensino Secundário,117.0,Português,111.8,0,0,1,Feminino,1,0,0,6,8,6,10.833333333333304,0,0,6,9,6,11.5,0,10.8,1.4,1.74,Graduado,Graduado,0,0
Solteiro,Enfermagem,Ensino Secundário,140.0,Português,140.0,0,0,1,Feminino,0,0,0,8,8,8,13.385,0,0,8,8,8,13.385,0,9.4,-0.8,-3.12,Graduado,Graduado,0,0
Solteiro,Enfermagem Veterinária,Ensino Secundário,123.0,Português,124.4,0,0,1,Feminino,0,0,0,6,14,6,15.6666666666666,0,0,6,9,6,14.5,0,15.5,2.8,-4.06,Graduado,Graduado,0,0
Solteiro,Agronomia,Curso de Especialização Tecnológica,150.0,Português,150.0,0,1,1,Feminino,1,0,0,6,9,6,14.333333333333304,0,0,6,7,6,13.833333333333304,0,13.9,-0.3,0.79,Graduado,Graduado,0,0
Solteiro,Agronomia,Curso de Especialização Tecnológica,140.0,Português,140.0,0,0,1,Feminino,0,0,0,6,10,6,11.428571428571399,0,0,6,12,5,13.0,0,12.4,0.5,1.79,Matriculado,Matriculado,0,
Solteiro,Serviço Social,Ensino Secundário,123.0,Português,116.0,0,0,1,Feminino,1,0,0,6,9,6,11.666666666666602,0,0,6,8,6,11.666666666666602,0,8.9,1.4,3.51,Graduado,Graduado,0,0
Solteiro,Design de Comunicação,Ensino Secundário,130.0,Português,135.6,0,0,1,Feminino,1,0,0,6,9,5,12.0,0,0,6,10,2,11.333333333333304,0,8.9,1.4,3.51,Desistente,Desistente,1,1
Casado,Enfermagem,Ensino Secundário,137.0,Português,121.0,0,0,1,Feminino,1,0,0,8,8,7,14.725714285714199,0,0,8,8,7,14.725714285714199,0,10.8,1.4,1.74,Graduado,Graduado,0,0
Solteiro,Jornalismo e Comunicação,Ensino Secundário,126.0,Português,118.7,0,0,1,Feminino,1,0,0,6,6,6,14.1666666666666,0,0,6,6,6,13.6666666666666,0,12.4,0.5,1.79,Graduado,Graduado,0,0
Solteiro,Serviço Social,Ensino Secundário,125.0,Português,125.7,0,0,1,Feminino,0,0,0,6,10,6,11.571428571428502,0,0,6,8,6,12.333333333333304,0,12.4,0.5,1.79,Graduado,Graduado,0,0
Solteiro,Higiene Oral,Ensino Secundário,112.0,Português,107.1,0,0,1,Feminino,0,0,0,7,7,7,12.5,0,0,8,8,8,13.1375,0,12.4,0.5,1.79,Graduado,Graduado,0,0
Solteiro,Enfermagem,Ensino Secundário,141.0,Português,125.5,0,0,1,Feminino,0,0,0,8,10,8,12.86,2,0,8,10,8,12.86,2,9.4,-0.8,-3.12,Graduado,Graduado,0,0
Solteiro,Gestão de Publicidade e Marketing,Ensino Secundário,135.0,Português,127.0,0,0,1,Feminino,0,0,0,6,10,6,12.25,0,0,6,9,6,13.7142857142857,0,11.1,0.6,2.02,Graduado,Graduado,0,0
Solteiro,Enfermagem Veterinária,Ensino Secundário,117.0,Português,113.5,0,0,1,Feminino,1,0,0,5,7,4,12.0,0,0,5,5,5,12.2,0,10.8,1.4,1.74,Graduado,Graduado,0,0
Solteiro,Enfermagem,Ensino Secundário,160.0,Português,154.4,0,0,1,Feminino,1,0,0,7,9,7,15.1166666666666,0,0,8,9,8,16.1688888888888,0,15.5,2.8,-4.06,Graduado,Graduado,0,0
Solteiro,Gestão de Publicidade e Marketing,Ensino Secundário,136.0,Português,122.0,0,1,0,Feminino,0,0,0,5,6,2,12.5,0,0,5,6,4,10.25,0,9.4,-0.8,-3.12,Desistente,Desistente,1,1
Solteiro,Serviço Social,Ensino Secundário,143.0,Português,128.0,0,0,1,Feminino,0,0,0,6,11,0,0.0,0,0,6,0,0,0.0,0,9.4,-0.8,-3.12,Desistente,Desistente,1,1
Solteiro,Gestão de Publicidade e Marketing,Ensino Secundário,119.0,Português,115.5,0,0,1,Feminino,0,0,0,6,8,4,11.0,0,0,6,9,4,11.0,0,10.8,1.4,1.74,Matriculado,Matriculado,0,
Solteiro,Gestão de Publicidade e Marketing,Ensino Secundário,120.0,Português,117.2,0,0,1,Feminino,0,0,0,6,8,6,11.875,0,0,6,11,4,14.6,0,11.1,0.6,2.02,Graduado,Graduado,0,0
Solteiro,Equincultura,Ensino Superior - Licenciatura,150.0,Português,150.0,0,0,1,Feminino,0,0,1,5,6,1,11.0,0,0,5,5,0,0.0,0,12.7,3.7,-1.7,Desistente,Desistente,1,1
Solteiro,Enfermagem Veterinária,Ensino Secundário,142.0,Português,155.3,0,0,1,Feminino,0,0,0,5,5,5,15.2,0,0,5,6,5,13.2,0,7.6,2.6,0.32,Graduado,Graduado,0,0
Solteiro,Equincultura,Curso de Especialização Tecnológica,120.0,Português,120.0,0,1,0,Feminino,0,0,2,6,7,5,11.6,0,1,6,12,2,11.0,0,12.4,0.5,1.79,Desistente,Desistente,1,1
Solteiro,Serviço Social,Ensino Secundário,160.0,Português,116.1,0,1,1,Feminino,0,0,0,6,6,6,14.833333333333304,0,0,6,7,6,15.142857142857096,0,11.1,0.6,2.02,Graduado,Graduado,0,0
Solteiro,Ensino Básico,Ensino Secundário,133.1,Português,118.9,0,0,1,Feminino,0,0,0,6,12,3,11.333333333333304,0,0,6,10,3,11.333333333333304,0,7.6,2.6,0.32,Desistente,Desistente,1,1
Solteiro,Gestão,Ensino Secundário,142.0,Português,127.3,0,0,1,Feminino,1,0,0,5,5,5,11.2,0,0,5,5,5,11.8,0,11.1,0.6,2.02,Graduado,Graduado,0,0
Solteiro,Ensino Básico,Ensino Secundário,121.0,Português,113.7,0,0,1,Feminino,1,0,0,6,8,5,13.4,0,0,6,9,5,13.6666666666666,0,9.4,-0.8,-3.12,Graduado,Graduado,0,0
Solteiro,Gestão,Ensino Secundário,135.0,Português,118.5,0,0,1,Feminino,0,0,0,5,12,2,10.5,0,0,5,5,0,0.0,0,11.1,0.6,2.02,Desistente,Desistente,1,1
Solteiro,Gestão,Ensino Secundário,153.0,Português,146.7,0,0,1,Feminino,0,0,0,5,5,5,16.2,0,0,5,5,5,16.4,0,11.1,0.6,2.02,Graduado,Graduado,0,0
Solteiro,Enfermagem,Ensino Secundário,140.0,Português,124.3,0,0,1,Feminino,1,0,0,7,7,7,14.542857142857097,0,0,8,11,8,14.8818181818181,0,16.2,0.3,-0.92,Graduado,Graduado,0,0
Solteiro,Enfermagem,Ensino Secundário,152.0,Português,137.8,0,0,1,Feminino,0,0,0,7,7,7,13.694285714285702,0,0,8,9,8,14.355555555555501,0,11.1,0.6,2.02,Graduado,Graduado,0,0
Solteiro,Serviço Social,Ensino Secundário,120.0,Português,130.2,0,0,1,Feminino,1,0,0,6,8,6,11.285714285714198,0,0,6,10,6,11.857142857142803,0,12.4,0.5,1.79,Graduado,Graduado,0,0
Solteiro,Enfermagem,Ensino Secundário,160.0,Português,147.8,0,0,1,Feminino,0,0,0,7,11,6,11.757142857142803,0,0,8,12,6,13.083333333333304,0,15.5,2.8,-4.06,Matriculado,Matriculado,0,
Solteiro,Enfermagem Veterinária,Ensino Superior - Licenciatura (1º Ciclo),150.0,Português,150.0,0,1,0,Feminino,0,0,0,3,3,0,0.0,0,0,6,0,0,0.0,0,8.9,1.4,3.51,Desistente,Desistente,1,1
Solteiro,Enfermagem,Ensino Secundário,100.0,Português,100.0,0,0,1,Feminino,1,0,0,8,8,7,13.058571428571401,0,0,8,8,7,13.058571428571401,0,10.8,1.4,1.74,Graduado,Graduado,0,0
Solteiro,Enfermagem,Ensino Secundário,150.0,Português,155.6,0,0,1,Feminino,0,0,0,7,7,7,14.3,0,0,8,9,8,14.0555555555555,0,16.2,0.3,-0.92,Graduado,Graduado,0,0
Solteiro,Gestão,Ensino Secundário,124.0,Português,117.4,0,0,1,Feminino,0,0,3,10,15,5,11.8,0,4,10,14,8,12.0,0,7.6,2.6,0.32,Graduado,Graduado,0,0
Solteiro,Enfermagem Veterinária,Ensino Secundário,141.0,Português,128.8,0,0,1,Feminino,0,0,0,5,9,3,10.333333333333304,1,0,5,8,3,13.0,0,7.6,2.6,0.32,Matriculado,Matriculado,0,
Solteiro,Turismo,Ensino Secundário,121.0,Português,117.5,0,0,1,Feminino,0,0,0,6,7,6,10.571428571428502,0,0,6,11,3,11.666666666666602,0,16.2,0.3,-0.92,Graduado,Graduado,0,0
Solteiro,Enfermagem,Frequência do Ensino Superior,134.0,Português,120.4,0,0,1,Feminino,0,0,0,7,7,6,13.333333333333304,0,0,7,7,6,13.333333333333304,0,7.6,2.6,0.32,Graduado,Graduado,0,0
Solteiro,Serviço Social,Ensino Secundário,134.0,Português,130.9,0,1,1,Feminino,0,0,0,6,10,6,11.857142857142803,0,0,6,9,5,11.0,0,13.9,-0.3,0.79,Graduado,Graduado,0,0
Solteiro,Ensino Básico,Ensino Secundário,132.0,Português,125.0,0,0,1,Feminino,0,0,0,6,9,5,12.6,0,0,6,8,5,11.4,0,9.4,-0.8,-3.12,Matriculado,Matriculado,0,
Solteiro,Enfermagem Veterinária,Ensino Secundário,135.0,Português,136.8,0,0,1,Feminino,0,0,0,5,11,5,14.0,3,0,5,7,5,11.6,0,9.4,-0.8,-3.12,Matriculado,Matriculado,0,
Solteiro,Ensino Básico,Ensino Secundário,123.0,Português,121.6,0,0,1,Feminino,0,0,0,7,12,5,12.0,0,0,7,9,6,12.666666666666602,0,11.1,0.6,2.02,Matriculado,Matriculado,0,
Solteiro,Engenharia Informática,Curso de Especialização Tecnológica,151.0,Português,151.0,0,1,1,Feminino,0,0,0,5,6,0,0.0,0,0,5,5,0,0.0,0,16.2,0.3,-0.92,Desistente,Desistente,1,1
Solteiro,Serviço Social,Ensino Secundário,107.0,Português,103.5,0,0,1,Feminino,0,0,0,6,7,6,12.0,0,0,6,7,6,13.0,0,12.4,0.5,1.79,Graduado,Graduado,0,0
Solteiro,Serviço Social (prestação nocturna),Ensino Secundário,126.0,Português,119.4,0,0,1,Feminino,0,0,0,6,6,6,12.666666666666602,0,0,6,6,6,11.666666666666602,0,12.7,3.7,-1.7,Graduado,Graduado,0,0
Solteiro,Serviço Social,Ensino Secundário,133.0,Português,134.4,0,0,1,Feminino,1,0,0,6,6,6,12.166666666666602,0,0,6,9,6,13.6666666666666,0,9.4,-0.8,-3.12,Graduado,Graduado,0,0
Solteiro,Serviço Social,Curso de Especialização Tecnológica,140.0,Português,143.0,0,0,1,Feminino,0,0,3,6,6,6,13.333333333333304,0,2,6,6,6,14.6666666666666,0,13.9,-0.3,0.79,Graduado,Graduado,0,0
Solteiro,Ensino Básico,Ensino Superior - Licenciatura (1º Ciclo),110.0,Português,110.0,0,1,1,Feminino,0,0,0,7,8,7,15.0,0,0,7,7,7,14.571428571428504,0,12.4,0.5,1.79,Graduado,Graduado,0,0
Solteiro,Enfermagem,Ensino Secundário,141.0,Português,132.5,0,0,1,Feminino,1,0,0,8,8,8,13.39125,0,0,8,8,8,13.39125,0,9.4,-0.8,-3.12,Graduado,Graduado,0,0
Solteiro,Serviço Social,Ensino Secundário,122.0,Português,114.7,0,0,1,Feminino,0,0,0,6,9,5,12.166666666666602,0,0,6,8,6,12.428571428571399,0,13.9,-0.3,0.79,Graduado,Graduado,0,0
Solteiro,Equincultura,Ensino Secundário,156.0,Português,166.9,0,0,1,Feminino,0,0,0,5,9,4,11.25,0,0,5,6,4,12.5,0,7.6,2.6,0.32,Graduado,Graduado,0,0
Solteiro,Enfermagem Veterinária,Ensino Secundário,129.0,Português,125.9,0,0,1,Feminino,0,0,0,5,13,4,12.0,2,0,5,8,3,12.0,0,9.4,-0.8,-3.12,Matriculado,Matriculado,0,
Solteiro,Design de Animação e Multimédia,Ensino Secundário,188.0,Português,178.3,0,0,1,Feminino,0,0,0,0,0,0,0.0,0,0,0,0,0,0.0,0,15.5,2.8,-4.06,Desistente,Desistente,1,1
Casado,Serviço Social (prestação nocturna),Ensino Secundário,120.0,Português,117.0,0,0,1,Feminino,0,0,0,6,7,6,12.833333333333304,0,0,6,8,6,12.857142857142804,0,12.4,0.5,1.79,Graduado,Graduado,0,0
Solteiro,Agronomia,Ensino Superior - Licenciatura,130.0,Português,150.0,0,0,1,Feminino,0,0,0,6,10,6,14.0,0,0,6,11,6,13.1,0,16.2,0.3,-0.92,Graduado,Graduado,0,0
Solteiro,Gestão,Ensino Secundário,130.0,Português,130.0,0,0,1,Feminino,0,0,3,5,5,4,13.0,0,1,5,7,2,12.0,0,9.4,-0.8,-3.12,Matriculado,Matriculado,0,
Solteiro,Jornalismo e Comunicação,Ensino Secundário,140.0,Português,135.1,0,0,1,Feminino,0,0,0,6,7,6,13.5,0,0,6,8,6,12.5,0,9.4,-0.8,-3.12,Graduado,Graduado,0,0
Solteiro,Serviço Social,Ensino Secundário,110.0,Português,110.0,0,0,1,Feminino,0,0,10,16,24,13,10.692307692307603,1,9,13,19,9,12.307692307692301,0,15.5,2.8,-4.06,Matriculado,Matriculado,0,
Divorciado,Gestão (presencial noturno),Ensino Secundário,133.1,Português,136.2,0,0,1,Feminino,0,0,0,5,6,5,11.0,0,0,5,9,5,11.666666666666602,0,10.8,1.4,1.74,Graduado,Graduado,0,0
Casado,Serviço Social,Ensino Secundário,120.0,Português,116.0,0,0,1,Feminino,0,0,0,6,8,6,13.0,0,0,6,6,6,13.833333333333304,0,12.7,3.7,-1.7,Graduado,Graduado,0,0
Solteiro,Serviço Social (prestação nocturna),Ensino Secundário,96.0,Português,100.0,0,0,1,Feminino,0,0,0,6,10,5,12.0,0,0,6,9,4,11.25,0,9.4,-0.8,-3.12,Matriculado,Matriculado,0,
Solteiro,Turismo,Ensino Secundário,117.0,Português,116.3,0,0,1,Feminino,0,0,0,6,9,4,12.6,0,0,6,6,4,11.5,0,12.7,3.7,-1.7,Desistente,Desistente,1,1
Solteiro,Jornalismo e Comunicação,Ensino Secundário,123.0,Português,134.0,0,0,1,Feminino,1,0,0,6,6,6,13.6666666666666,0,0,6,6,6,13.333333333333304,0,12.4,0.5,1.79,Graduado,Graduado,0,0
Solteiro,Design de Animação e Multimédia,Ensino Secundário,127.0,Português,124.2,0,0,0,Feminino,0,0,0,0,0,0,0.0,0,0,0,0,0,0.0,0,9.4,-0.8,-3.12,Desistente,Desistente,1,1
Casado,Enfermagem,Ensino Secundário,151.0,Português,134.5,0,1,1,Feminino,1,0,0,7,7,6,14.2,0,0,7,7,6,14.2,0,7.6,2.6,0.32,Graduado,Graduado,0,0
Solteiro,Turismo,Ensino Secundário,127.0,Português,120.7,0,1,0,Feminino,0,0,0,6,10,5,11.0,0,0,6,12,0,0.0,0,10.8,1.4,1.74,Desistente,Desistente,1,1
Solteiro,Enfermagem Veterinária,Ensino Secundário,133.0,Português,127.1,0,0,1,Feminino,0,0,0,6,7,6,15.0,0,0,6,7,6,16.4285714285714,0,11.1,0.6,2.02,Graduado,Graduado,0,0
Solteiro,Enfermagem,Ensino Básico (3º Ciclo),133.1,Português,133.0,0,0,1,Feminino,0,0,0,7,9,6,12.585714285714198,0,0,8,9,7,13.442857142857097,0,13.9,-0.3,0.79,Graduado,Graduado,0,0
Solteiro,Gestão (presencial noturno),Ensino Secundário,133.1,Português,128.2,0,0,1,Feminino,0,0,0,5,0,0,0.0,0,0,5,0,0,0.0,0,12.7,3.7,-1.7,Desistente,Desistente,1,1
Solteiro,Agronomia,Ensino Secundário,133.1,Português,130.0,0,1,1,Feminino,1,0,0,6,6,0,0.0,0,0,6,6,0,0.0,0,11.1,0.6,2.02,Matriculado,Matriculado,0,
Solteiro,Enfermagem Veterinária,Ensino Superior - Mestrado (2º Ciclo),160.0,Português,172.0,0,0,1,Feminino,0,0,0,6,0,0,0.0,0,0,6,0,0,0.0,0,8.9,1.4,3.51,Desistente,Desistente,1,1
Solteiro,Ensino Básico,Ensino Secundário,140.0,Português,128.5,0,0,1,Feminino,0,0,0,6,7,6,11.666666666666602,0,0,6,10,6,11.833333333333304,0,10.8,1.4,1.74,Graduado,Graduado,0,0
Solteiro,Jornalismo e Comunicação,Ensino Secundário,146.0,Português,128.5,0,1,1,Feminino,0,0,0,6,13,3,12.666666666666602,0,0,6,12,2,10.0,0,10.8,1.4,1.74,Desistente,Desistente,1,1
Solteiro,Gestão,Ensino Secundário,112.0,Português,112.0,0,0,1,Feminino,0,0,0,5,10,3,10.333333333333304,0,0,5,9,4,11.0,2,16.2,0.3,-0.92,Matriculado,Matriculado,0,
Solteiro,Enfermagem Veterinária,Curso Técnico Superior Profissional,140.0,Português,142.5,0,0,1,Feminino,1,0,7,11,18,8,13.5,0,4,9,16,7,13.7142857142857,0,8.9,1.4,3.51,Graduado,Graduado,0,0
Solteiro,Enfermagem,Ensino Secundário,136.0,Português,133.0,0,0,1,Feminino,0,0,0,7,8,5,13.98,0,0,7,8,5,13.98,0,7.6,2.6,0.32,Matriculado,Matriculado,0,
Solteiro,Enfermagem Veterinária,Ensino Secundário,133.1,Português,106.0,0,0,1,Feminino,1,0,0,6,13,6,16.153846153846096,0,0,6,10,6,15.75,0,15.5,2.8,-4.06,Graduado,Graduado,0,0
Solteiro,Enfermagem,Ensino Secundário,136.0,Português,125.5,0,0,1,Feminino,1,0,0,7,7,6,14.033333333333303,0,0,7,7,6,14.033333333333303,0,7.6,2.6,0.32,Graduado,Graduado,0,0
Solteiro,Enfermagem Veterinária,Ensino Secundário,134.0,Português,131.2,0,0,1,Feminino,0,0,0,5,8,1,11.0,0,0,5,6,5,11.2,0,7.6,2.6,0.32,Matriculado,Matriculado,0,
Solteiro,Ensino Básico,Ensino Secundário,122.0,Português,112.9,0,0,1,Feminino,1,0,0,7,8,7,13.8571428571428,0,0,7,8,6,13.6666666666666,0,8.9,1.4,3.51,Graduado,Graduado,0,0
Solteiro,Enfermagem,Ensino Secundário,138.0,Português,124.8,0,0,1,Feminino,0,0,0,8,8,7,13.4142857142857,0,0,8,8,7,13.4142857142857,0,12.7,3.7,-1.7,Desistente,Desistente,1,1
Casado,Serviço Social (prestação nocturna),Ensino Secundário,160.0,Português,140.9,0,0,1,Feminino,0,0,7,11,11,11,13.545454545454499,0,3,7,7,7,13.571428571428504,0,16.2,0.3,-0.92,Graduado,Graduado,0,0
Divorciado,Gestão (presencial noturno),Ensino Secundário,130.0,Português,148.0,0,0,1,Feminino,1,0,0,5,11,4,11.25,0,0,5,10,4,10.833333333333304,0,13.9,-0.3,0.79,Matriculado,Matriculado,0,
Solteiro,Jornalismo e Comunicação,Ensino Secundário,161.0,Português,148.4,0,0,1,Feminino,1,0,0,6,6,6,13.833333333333304,0,0,6,7,6,14.428571428571399,0,15.5,2.8,-4.06,Graduado,Graduado,0,0
Divorciado,Gestão (presencial noturno),Ensino Secundário,140.0,Português,129.7,0,0,1,Feminino,0,0,0,5,8,5,12.0,0,0,5,9,5,12.857142857142804,0,13.9,-0.3,0.79,Graduado,Graduado,0,0
Casado,Enfermagem Veterinária,Ensino Básico (3º Ciclo),133.1,Português,128.2,0,0,1,Feminino,0,0,0,6,0,0,0.0,0,0,6,0,0,0.0,0,12.7,3.7,-1.7,Desistente,Desistente,1,1
Casado,Serviço Social (prestação nocturna),Ensino Básico (3º Ciclo),133.1,Português,104.0,0,1,1,Feminino,0,0,5,11,14,10,11.9,0,5,11,14,10,12.8,0,11.1,0.6,2.02,Matriculado,Matriculado,0,
Solteiro,Gestão,Ensino Secundário,130.0,Português,119.9,0,0,0,Feminino,0,0,0,5,5,0,0.0,0,0,5,0,0,0.0,0,9.4,-0.8,-3.12,Desistente,Desistente,1,1
Solteiro,Enfermagem,Ensino Secundário,152.0,Português,141.0,0,0,1,Feminino,1,0,0,7,7,7,15.135714285714197,0,0,8,8,8,15.287499999999904,0,12.4,0.5,1.79,Graduado,Graduado,0,0
Solteiro,Ensino Básico,Ensino Secundário,125.0,Português,116.6,0,0,0,Feminino,1,0,0,7,7,7,12.285714285714198,0,0,7,8,6,13.333333333333304,0,8.9,1.4,3.51,Matriculado,Matriculado,0,
Solteiro,Enfermagem Veterinária,Curso de Especialização Tecnológica,140.0,Português,140.0,0,0,1,Feminino,0,0,2,6,16,5,12.666666666666602,0,1,6,15,2,13.5,0,16.2,0.3,-0.92,Matriculado,Matriculado,0,
Divorciado,Enfermagem,Ensino Básico (3º Ciclo),133.1,Português,140.0,0,0,1,Feminino,1,0,0,7,13,5,12.74,0,0,8,12,6,10.9785714285714,0,16.2,0.3,-0.92,Desistente,Desistente,1,1
Solteiro,Enfermagem,Ensino Secundário,170.0,Português,100.0,0,0,1,Feminino,0,0,0,7,8,6,13.25,0,0,8,8,8,13.75,0,13.9,-0.3,0.79,Matriculado,Matriculado,0,
Solteiro,Serviço Social,Ensino Secundário,135.0,Português,121.0,0,0,1,Feminino,0,0,0,6,13,3,10.333333333333304,0,0,6,12,3,10.333333333333304,0,7.6,2.6,0.32,Matriculado,Matriculado,0,
Solteiro,Ensino Básico,Ensino Secundário,125.0,Português,117.0,0,0,1,Feminino,1,0,0,6,7,6,13.428571428571399,0,0,6,6,6,13.1666666666666,0,15.5,2.8,-4.06,Graduado,Graduado,0,0
Solteiro,Gestão,Curso Técnico Superior Profissional,140.0,Português,140.2,0,0,1,Feminino,0,0,6,11,19,9,12.5555555555555,0,3,9,14,8,11.1111111111111,0,8.9,1.4,3.51,Graduado,Graduado,0,0
Solteiro,Serviço Social,Ensino Secundário,124.0,Português,129.3,0,0,1,Feminino,0,0,0,6,8,6,11.5,0,0,6,7,6,11.166666666666602,0,7.6,2.6,0.32,Graduado,Graduado,0,0
Solteiro,Ensino Básico,Ensino Secundário,140.0,Português,145.3,0,0,1,Feminino,0,0,0,6,6,6,13.6666666666666,0,0,6,9,6,12.333333333333304,0,7.6,2.6,0.32,Graduado,Graduado,0,0
Solteiro,Gestão (presencial noturno),Ensino Superior - Licenciatura,130.0,Português,146.2,0,0,1,Feminino,0,0,10,14,16,11,11.272727272727199,0,6,11,16,10,12.0,0,10.8,1.4,1.74,Graduado,Graduado,0,0
Solteiro,Ensino Básico,Ensino Secundário,134.0,Português,122.5,0,0,1,Feminino,0,0,0,6,10,5,13.1666666666666,0,0,6,8,5,12.4,0,15.5,2.8,-4.06,Matriculado,Matriculado,0,
Solteiro,Serviço Social (prestação nocturna),Curso de Especialização Tecnológica,160.0,Português,156.1,0,0,1,Feminino,1,0,3,6,6,6,14.6666666666666,0,2,6,6,6,14.1666666666666,0,13.9,-0.3,0.79,Graduado,Graduado,0,0
Solteiro,Enfermagem Veterinária,Curso de Especialização Tecnológica,140.0,Português,140.0,0,0,1,Feminino,0,0,0,6,11,4,12.75,0,0,6,19,1,11.0,0,12.4,0.5,1.79,Matriculado,Matriculado,0,
Solteiro,Enfermagem,Ensino Secundário,150.0,Português,140.0,1,0,1,Feminino,0,0,0,7,11,5,11.2,0,0,8,13,5,12.14,0,16.2,0.3,-0.92,Matriculado,Matriculado,0,
Solteiro,Jornalismo e Comunicação,Ensino Secundário,141.0,Português,128.4,0,1,0,Feminino,0,0,0,6,8,5,13.0,0,0,6,8,5,11.4,0,7.6,2.6,0.32,Desistente,Desistente,1,1
Solteiro,Enfermagem Veterinária,Ensino Secundário,120.0,Português,115.0,0,0,0,Feminino,0,0,0,5,8,2,10.5,0,0,5,8,2,12.333333333333304,0,7.6,2.6,0.32,Desistente,Desistente,1,1
Solteiro,Enfermagem Veterinária,Ensino Secundário,166.0,Português,158.7,0,0,1,Feminino,0,0,0,6,7,6,14.8571428571428,0,0,6,7,6,14.0,0,11.1,0.6,2.02,Graduado,Graduado,0,0
Solteiro,Enfermagem,Ensino Secundário,147.0,Português,124.5,0,0,1,Feminino,1,0,0,8,11,7,12.86,0,0,8,11,7,12.86,0,10.8,1.4,1.74,Graduado,Graduado,0,0
Solteiro,Serviço Social,Ensino Secundário,121.0,Português,111.9,0,0,1,Feminino,0,0,5,11,12,11,11.727272727272702,0,5,11,14,11,12.0,0,12.4,0.5,1.79,Graduado,Graduado,0,0
Solteiro,Enfermagem Veterinária,Curso de Especialização Tecnológica,150.0,Português,150.0,0,0,1,Feminino,1,0,3,6,11,6,13.142857142857096,0,2,6,10,3,12.0,0,13.9,-0.3,0.79,Graduado,Graduado,0,0
Solteiro,Gestão de Publicidade e Marketing,Ensino Secundário,124.0,Português,114.2,0,1,1,Feminino,0,0,0,6,6,5,11.8,0,0,6,9,4,13.7142857142857,0,10.8,1.4,1.74,Desistente,Desistente,1,1
Solteiro,Gestão,Ensino Secundário,96.0,Português,96.0,0,0,1,Feminino,0,0,0,5,10,3,10.666666666666602,0,0,5,9,0,0.0,3,16.2,0.3,-0.92,Desistente,Desistente,1,1
Solteiro,Design de Comunicação,Ensino Secundário,125.0,Português,128.9,0,0,1,Feminino,1,0,0,6,9,5,11.6,0,0,6,8,4,11.2,0,8.9,1.4,3.51,Matriculado,Matriculado,0,
Solteiro,Turismo,Ensino Secundário,136.0,Português,121.7,0,0,1,Feminino,0,0,0,6,13,3,10.333333333333304,0,0,6,12,3,10.333333333333304,0,10.8,1.4,1.74,Matriculado,Matriculado,0,
Solteiro,Jornalismo e Comunicação,Ensino Secundário,120.0,Português,114.8,1,0,1,Feminino,0,0,0,6,11,4,12.25,0,0,6,11,3,11.0,0,7.6,2.6,0.32,Matriculado,Matriculado,0,
Solteiro,Turismo,Ensino Secundário,128.0,Português,127.0,0,0,1,Feminino,0,0,0,6,6,6,12.0,0,0,6,7,4,12.75,0,12.4,0.5,1.79,Matriculado,Matriculado,0,
Solteiro,Enfermagem,Ensino Secundário,142.0,Português,131.3,0,0,1,Feminino,0,0,0,8,8,7,14.731428571428504,0,0,8,8,7,14.731428571428504,0,10.8,1.4,1.74,Graduado,Graduado,0,0
Solteiro,Design de Animação e Multimédia,Ensino Secundário,135.0,Português,137.1,0,0,1,Feminino,0,0,0,0,0,0,0.0,0,0,0,0,0,0.0,0,12.7,3.7,-1.7,Graduado,Graduado,0,0
Solteiro,Design de Comunicação,Ensino Superior - Licenciatura (1º Ciclo),120.0,Português,120.0,0,0,1,Feminino,0,0,9,13,14,13,13.615384615384599,1,6,12,12,12,14.25,0,13.9,-0.3,0.79,Graduado,Graduado,0,0
Solteiro,Gestão (presencial noturno),Ensino Superior - Licenciatura (1º Ciclo),140.0,Português,139.0,0,0,1,Feminino,0,0,0,5,5,5,15.8,0,0,5,5,5,14.8,0,8.9,1.4,3.51,Graduado,Graduado,0,0
Solteiro,Serviço Social,Ensino Secundário,135.0,Português,129.1,0,0,1,Feminino,0,0,0,6,6,6,14.6666666666666,0,0,6,7,6,14.571428571428504,0,15.5,2.8,-4.06,Graduado,Graduado,0,0
Divorciado,Enfermagem Veterinária,Ensino Secundário,133.1,Português,128.2,0,0,1,Feminino,0,0,0,5,5,0,0.0,0,0,5,5,0,0.0,0,7.6,2.6,0.32,Desistente,Desistente,1,1
Solteiro,Enfermagem,Ensino Secundário,137.0,Português,120.8,0,0,1,Feminino,1,0,0,8,8,7,14.654285714285702,0,0,8,8,7,14.654285714285702,0,10.8,1.4,1.74,Graduado,Graduado,0,0
Solteiro,Enfermagem,Ensino Superior - Licenciatura,122.0,Português,135.8,0,0,1,Feminino,0,0,0,8,8,7,12.401428571428502,0,0,8,8,7,12.401428571428502,0,10.8,1.4,1.74,Graduado,Graduado,0,0
Solteiro,Enfermagem,Ensino Secundário,128.0,Português,118.9,0,0,1,Feminino,0,0,0,7,8,7,11.5875,0,0,8,9,7,14.071428571428504,0,13.9,-0.3,0.79,Graduado,Graduado,0,0
Solteiro,Gestão (presencial noturno),Ensino Superior - Licenciatura (1º Ciclo),140.0,Português,140.0,0,0,1,Feminino,0,0,3,5,5,5,14.0,0,1,5,5,5,15.6,0,12.4,0.5,1.79,Graduado,Graduado,0,0
Solteiro,Serviço Social,Ensino Secundário,132.0,Português,127.1,0,0,1,Feminino,1,0,0,6,9,6,12.333333333333304,0,0,6,6,6,11.833333333333304,0,8.9,1.4,3.51,Graduado,Graduado,0,0
Solteiro,Enfermagem Veterinária,Ensino Secundário,131.0,Português,137.0,0,0,1,Feminino,0,0,0,5,5,5,14.0,0,0,5,6,5,15.4,0,7.6,2.6,0.32,Graduado,Graduado,0,0
Solteiro,Enfermagem Veterinária,Ensino Secundário,126.0,Português,127.4,0,0,1,Feminino,0,0,0,6,13,6,15.230769230769198,0,0,6,10,6,12.375,0,15.5,2.8,-4.06,Graduado,Graduado,0,0
Solteiro,Ensino Básico,Ensino Secundário,133.1,Português,97.0,0,0,1,Feminino,0,0,0,6,9,5,11.6,0,0,6,9,3,11.0,0,12.7,3.7,-1.7,Desistente,Desistente,1,1
Solteiro,Enfermagem,Ensino Secundário,136.0,Português,126.3,0,0,1,Feminino,1,0,0,7,7,6,11.6,0,0,7,7,6,11.6,0,7.6,2.6,0.32,Graduado,Graduado,0,0
Solteiro,Enfermagem,Ensino Secundário,140.0,Português,127.5,0,0,1,Feminino,0,0,0,7,0,0,0.0,0,0,8,0,0,0.0,0,12.7,3.7,-1.7,Desistente,Desistente,1,1
Solteiro,Enfermagem,Ensino Secundário,135.0,Português,126.6,0,0,1,Feminino,1,0,0,7,7,7,12.901428571428502,0,0,8,9,8,13.0944444444444,0,11.1,0.6,2.02,Graduado,Graduado,0,0
Solteiro,Gestão (presencial noturno),Ensino Secundário,160.0,Português,120.0,0,0,1,Feminino,0,0,4,7,9,7,14.142857142857096,0,1,5,5,5,14.8,0,7.6,2.6,0.32,Graduado,Graduado,0,0
Solteiro,Enfermagem Veterinária,Curso de Especialização Tecnológica,140.0,Português,140.0,0,0,1,Feminino,0,0,0,6,0,0,0.0,0,0,6,0,0,0.0,0,15.5,2.8,-4.06,Desistente,Desistente,1,1
Solteiro,Enfermagem,Ensino Secundário,140.0,Português,131.5,0,0,1,Feminino,0,0,0,8,8,8,13.25375,0,0,8,8,8,13.25375,0,9.4,-0.8,-3.12,Graduado,Graduado,0,0
Solteiro,Higiene Oral,Ensino Secundário,115.0,Português,112.2,0,0,1,Feminino,0,0,0,7,7,7,13.785714285714198,0,0,8,8,8,14.1,0,12.4,0.5,1.79,Graduado,Graduado,0,0
Solteiro,Enfermagem,Ensino Secundário,144.0,Português,150.5,0,0,1,Feminino,0,0,0,7,7,6,13.9166666666666,0,0,7,7,6,13.9166666666666,0,7.6,2.6,0.32,Graduado,Graduado,0,0
Solteiro,Gestão de Publicidade e Marketing,Ensino Secundário,128.0,Português,121.0,0,0,1,Feminino,0,0,0,6,8,6,13.5,0,0,6,9,6,13.571428571428504,0,11.1,0.6,2.02,Graduado,Graduado,0,0
Solteiro,Gestão,Ensino Secundário,116.0,Português,112.2,0,0,1,Feminino,0,0,0,5,8,3,11.333333333333304,0,0,5,12,2,10.666666666666602,0,10.8,1.4,1.74,Matriculado,Matriculado,0,
Viúvo,Enfermagem Veterinária,Ensino Secundário,135.0,Português,129.4,0,0,1,Feminino,0,0,0,5,8,0,0.0,4,0,5,12,0,0.0,4,10.8,1.4,1.74,Desistente,Desistente,1,1
Solteiro,Gestão de Publicidade e Marketing,Ensino Secundário,121.0,Português,114.4,0,0,1,Feminino,0,0,0,6,10,5,11.5,0,0,6,9,4,14.6,0,11.1,0.6,2.02,Graduado,Graduado,0,0
Solteiro,Enfermagem,Ensino Secundário,134.0,Português,120.3,0,0,1,Feminino,1,0,0,8,8,7,12.082857142857097,0,0,8,8,7,12.082857142857097,0,10.8,1.4,1.74,Graduado,Graduado,0,0
Solteiro,Serviço Social (prestação nocturna),Ensino Secundário,120.0,Português,120.0,0,0,1,Feminino,1,0,0,6,8,6,11.833333333333304,0,0,6,10,5,12.8,0,15.5,2.8,-4.06,Graduado,Graduado,0,0
Solteiro,Gestão,Ensino Secundário,125.0,Português,114.5,0,0,1,Feminino,1,0,0,5,6,5,13.4,0,0,5,5,5,12.4,0,12.4,0.5,1.79,Graduado,Graduado,0,0
Solteiro,Enfermagem,Ensino Secundário,141.0,Português,127.8,0,0,1,Feminino,1,0,0,7,7,0,0.0,2,0,7,7,0,0.0,2,7.6,2.6,0.32,Desistente,Desistente,1,1
Solteiro,Jornalismo e Comunicação,Ensino Secundário,140.0,Português,124.6,0,0,1,Feminino,0,0,0,6,7,5,14.2,0,0,6,7,6,14.571428571428504,0,15.5,2.8,-4.06,Graduado,Graduado,0,0
Solteiro,Enfermagem,Ensino Secundário,144.0,Português,130.3,0,0,1,Feminino,1,0,0,8,8,7,13.814285714285703,0,0,8,8,7,13.814285714285703,0,12.7,3.7,-1.7,Graduado,Graduado,0,0
Solteiro,Turismo,Ensino Secundário,122.0,Português,118.2,0,0,1,Feminino,1,0,0,6,10,4,11.25,0,0,6,6,6,10.5,0,12.4,0.5,1.79,Matriculado,Matriculado,0,
Solteiro,Gestão de Publicidade e Marketing,Ensino Secundário,130.0,Português,118.8,0,0,1,Feminino,1,0,0,6,6,6,14.5,0,0,6,8,6,13.6666666666666,0,12.7,3.7,-1.7,Graduado,Graduado,0,0
Solteiro,Gestão de Publicidade e Marketing,Ensino Secundário,133.1,Português,133.0,0,0,1,Feminino,0,0,0,6,0,0,0.0,0,0,6,0,0,0.0,0,7.6,2.6,0.32,Desistente,Desistente,1,1
Casado,Enfermagem,Ensino Básico (3º Ciclo),133.1,Português,129.0,0,0,1,Feminino,0,0,0,7,7,6,11.3,0,0,7,7,6,11.3,0,7.6,2.6,0.32,Graduado,Graduado,0,0
Solteiro,Higiene Oral,Ensino Secundário,147.0,Português,100.0,0,0,1,Feminino,0,0,0,2,2,0,0.0,0,0,4,4,1,16.0,0,10.8,1.4,1.74,Matriculado,Matriculado,0,
Solteiro,Equincultura,Ensino Secundário,127.0,Português,120.7,0,1,1,Feminino,0,0,0,5,11,1,12.0,0,0,5,9,3,12.0,0,12.7,3.7,-1.7,Matriculado,Matriculado,0,
Solteiro,Enfermagem,Ensino Secundário,136.0,Português,132.5,0,0,1,Feminino,0,0,0,8,9,7,12.3,0,0,8,9,7,12.3,0,12.7,3.7,-1.7,Graduado,Graduado,0,0
Solteiro,Enfermagem,Ensino Secundário,127.0,Português,120.3,0,0,1,Feminino,1,0,0,8,8,7,12.694285714285698,0,0,8,8,7,12.694285714285698,0,10.8,1.4,1.74,Graduado,Graduado,0,0
Solteiro,Gestão de Publicidade e Marketing,Ensino Secundário,123.0,Português,114.6,0,0,1,Feminino,0,0,0,5,5,4,11.0,0,0,5,5,4,11.0,0,9.4,-0.8,-3.12,Graduado,Graduado,0,0
Solteiro,Serviço Social,Ensino Secundário,128.0,Português,116.5,0,0,1,Feminino,1,0,0,6,6,6,13.0,0,0,6,6,6,14.1666666666666,0,12.4,0.5,1.79,Graduado,Graduado,0,0
Solteiro,Enfermagem,Ensino Secundário,128.0,Português,127.8,0,0,1,Feminino,1,0,0,7,8,7,14.4125,0,0,8,8,8,16.05,0,13.9,-0.3,0.79,Graduado,Graduado,0,0
Solteiro,Enfermagem,Ensino Secundário,140.0,Português,129.9,0,0,1,Feminino,0,0,0,7,8,7,12.928749999999999,0,0,8,8,8,14.0625,0,15.5,2.8,-4.06,Desistente,Desistente,1,1
Solteiro,Jornalismo e Comunicação,Ensino Secundário,121.0,Português,118.9,0,0,1,Feminino,0,0,0,6,6,6,13.333333333333304,0,0,6,10,5,12.8,0,11.1,0.6,2.02,Graduado,Graduado,0,0
Solteiro,Turismo,Ensino Secundário,122.0,Português,114.3,0,0,1,Feminino,1,0,0,6,8,5,12.8,0,0,6,9,5,12.8,0,12.4,0.5,1.79,Matriculado,Matriculado,0,
Solteiro,Enfermagem,Ensino Secundário,126.0,Português,114.8,0,0,1,Feminino,0,0,0,8,8,7,14.402857142857096,0,0,8,8,7,14.402857142857096,0,10.8,1.4,1.74,Graduado,Graduado,0,0
Solteiro,Enfermagem,Ensino Secundário,135.0,Português,123.0,0,0,1,Feminino,1,0,0,8,8,7,13.381428571428504,0,0,8,8,7,13.381428571428504,0,10.8,1.4,1.74,Graduado,Graduado,0,0
Solteiro,Enfermagem,Ensino Secundário,131.0,Português,122.1,0,0,1,Feminino,0,0,0,7,8,7,14.13125,0,0,8,8,8,13.98375,0,15.5,2.8,-4.06,Graduado,Graduado,0,0
Solteiro,Enfermagem Veterinária,Ensino Secundário,140.0,Português,123.7,0,0,1,Feminino,0,0,0,5,11,5,11.714285714285698,2,0,5,6,5,12.6,0,9.4,-0.8,-3.12,Graduado,Graduado,0,0
Solteiro,Gestão,Ensino Secundário,131.0,Português,132.4,0,0,1,Feminino,0,0,0,5,5,5,11.8,0,0,5,8,4,11.25,0,9.4,-0.8,-3.12,Matriculado,Matriculado,0,
Casado,Serviço Social (prestação nocturna),Ensino Secundário,130.0,Português,114.8,0,0,1,Feminino,0,0,0,6,9,6,11.166666666666602,0,1,6,15,2,11.0,1,7.6,2.6,0.32,Graduado,Graduado,0,0
Solteiro,Agronomia,Ensino Superior - Licenciatura,130.0,Português,130.0,0,0,1,Feminino,0,0,0,6,7,0,0.0,0,0,6,6,0,0.0,0,12.4,0.5,1.79,Desistente,Desistente,1,1
Solteiro,Ensino Básico,Ensino Secundário,140.0,Português,122.3,0,0,1,Feminino,0,0,0,6,9,5,13.6,0,0,6,8,5,12.0,0,12.7,3.7,-1.7,Desistente,Desistente,1,1
Casado,Agronomia,Ensino Secundário,130.0,Português,152.4,0,0,1,Feminino,0,0,4,12,14,12,13.8461538461538,0,5,12,18,11,14.090909090908998,0,8.9,1.4,3.51,Graduado,Graduado,0,0
Solteiro,Jornalismo e Comunicação,Ensino Secundário,125.0,Português,120.1,0,0,1,Feminino,1,0,0,6,7,6,12.5,0,0,6,8,6,13.333333333333304,0,16.2,0.3,-0.92,Graduado,Graduado,0,0
Solteiro,Equincultura,Ensino Secundário,160.0,Português,155.1,0,0,1,Feminino,0,0,0,5,5,5,16.4,0,0,5,5,5,14.6,0,12.7,3.7,-1.7,Graduado,Graduado,0,0
Solteiro,Design de Comunicação,Ensino Secundário,130.0,Português,124.5,0,0,1,Feminino,1,0,5,11,11,11,13.818181818181804,0,5,11,11,11,13.4545454545454,0,11.1,0.6,2.02,Graduado,Graduado,0,0
Solteiro,Serviço Social,Ensino Secundário,144.0,Português,126.9,0,0,1,Feminino,0,0,0,6,8,5,10.6,0,0,6,11,4,10.5,0,15.5,2.8,-4.06,Graduado,Graduado,0,0
Solteiro,Gestão,Ensino Básico (3º Ciclo),133.1,Português,153.2,0,1,1,Feminino,0,0,0,5,8,5,10.2,0,0,5,6,5,12.2,0,12.4,0.5,1.79,Graduado,Graduado,0,0
Solteiro,Serviço Social,Ensino Secundário,148.0,Português,129.8,0,0,1,Feminino,0,0,0,6,11,5,10.6,0,0,6,11,4,10.4,0,15.5,2.8,-4.06,Matriculado,Matriculado,0,
Solteiro,Serviço Social (prestação nocturna),Ensino Secundário,133.1,Português,135.0,0,0,1,Feminino,0,0,7,10,10,9,11.4444444444444,0,4,11,11,5,10.8,0,10.8,1.4,1.74,Desistente,Desistente,1,1
Solteiro,Ensino Básico,Ensino Secundário,133.0,Português,131.3,0,0,1,Feminino,0,0,0,6,9,5,14.333333333333304,0,4,8,8,8,12.625,0,15.5,2.8,-4.06,Matriculado,Matriculado,0,
Solteiro,Serviço Social,Ensino Secundário,129.0,Português,125.2,0,0,1,Feminino,1,0,15,16,18,16,13.0,0,11,13,15,13,13.2666666666666,0,9.4,-0.8,-3.12,Graduado,Graduado,0,0
Solteiro,Enfermagem,Ensino Secundário,144.0,Português,141.3,0,0,1,Feminino,1,0,0,8,9,8,13.31,1,0,8,9,8,13.31,1,9.4,-0.8,-3.12,Graduado,Graduado,0,0
Solteiro,Serviço Social,Ensino Secundário,120.0,Português,117.1,0,0,1,Feminino,1,0,0,6,10,5,10.571428571428502,1,0,6,9,5,12.2,0,12.7,3.7,-1.7,Graduado,Graduado,0,0
Solteiro,Enfermagem,Ensino Secundário,144.0,Português,126.5,0,0,1,Feminino,1,0,0,8,8,7,13.4871428571428,0,0,8,8,7,13.4871428571428,0,10.8,1.4,1.74,Graduado,Graduado,0,0
Solteiro,Turismo,Ensino Secundário,132.0,Português,120.1,0,0,1,Feminino,1,0,0,6,6,6,12.333333333333304,0,0,6,7,6,11.833333333333304,0,13.9,-0.3,0.79,Graduado,Graduado,0,0
Solteiro,Gestão de Publicidade e Marketing,Ensino Secundário,142.0,Português,128.4,0,0,1,Feminino,0,0,0,6,11,6,11.875,0,0,6,9,5,12.833333333333304,0,11.1,0.6,2.02,Desistente,Desistente,1,1
Solteiro,Enfermagem,Ensino Secundário,136.0,Português,140.0,0,0,1,Feminino,0,0,0,7,7,6,13.966666666666601,0,0,7,7,6,13.966666666666601,0,7.6,2.6,0.32,Graduado,Graduado,0,0
Solteiro,Turismo,12º Ano de Escolaridade - Não Concluído,133.1,Português,110.0,0,0,0,Feminino,0,0,0,5,10,0,0.0,0,0,5,10,0,0.0,0,7.6,2.6,0.32,Desistente,Desistente,1,1
Solteiro,Gestão de Publicidade e Marketing,Ensino Secundário,122.0,Português,116.8,0,0,1,Feminino,0,0,0,5,8,4,11.5,0,0,5,5,5,12.8,0,7.6,2.6,0.32,Graduado,Graduado,0,0
Solteiro,Higiene Oral,Ensino Secundário,133.1,Português,104.5,0,0,1,Feminino,0,0,0,2,2,2,12.5,0,0,7,0,0,0.0,0,12.4,0.5,1.79,Desistente,Desistente,1,1
Solteiro,Enfermagem,Ensino Superior - Licenciatura,140.0,Português,140.0,0,0,1,Feminino,0,0,0,7,0,0,0.0,0,0,8,0,0,0.0,0,7.6,2.6,0.32,Desistente,Desistente,1,1
Solteiro,Enfermagem,Ensino Secundário,117.0,Português,113.2,1,0,1,Feminino,0,0,0,7,10,6,11.98,0,0,8,11,7,13.225,0,16.2,0.3,-0.92,Graduado,Graduado,0,0
Solteiro,Serviço Social,Ensino Secundário,128.0,Português,118.6,0,0,1,Feminino,1,0,0,6,8,5,13.2,0,0,6,7,5,11.8,0,8.9,1.4,3.51,Matriculado,Matriculado,0,
Solteiro,Enfermagem,Ensino Secundário,136.0,Português,123.8,0,0,1,Feminino,0,0,0,7,10,6,11.614285714285696,0,0,8,8,8,14.0375,0,13.9,-0.3,0.79,Graduado,Graduado,0,0
Solteiro,Enfermagem,Ensino Secundário,141.0,Português,126.7,0,0,1,Feminino,1,0,0,8,8,7,14.314285714285703,0,0,8,8,7,14.314285714285703,0,12.7,3.7,-1.7,Graduado,Graduado,0,0
Solteiro,Enfermagem,Ensino Secundário,130.0,Português,133.8,0,0,1,Feminino,0,0,0,7,0,0,0.0,0,0,8,0,0,0.0,0,7.6,2.6,0.32,Desistente,Desistente,1,1
Solteiro,Enfermagem Veterinária,Curso de Especialização Tecnológica,140.0,Português,140.0,0,0,1,Feminino,0,0,2,6,9,6,12.666666666666602,0,1,6,12,2,13.0,0,13.9,-0.3,0.79,Matriculado,Matriculado,0,
Solteiro,Enfermagem,Ensino Secundário,102.0,Português,100.6,0,0,1,Feminino,1,0,0,7,9,6,12.766666666666602,0,0,8,10,7,12.1285714285714,0,12.4,0.5,1.79,Graduado,Graduado,0,0
Solteiro,Ensino Básico,Ensino Secundário,126.0,Português,132.7,0,0,1,Feminino,1,0,0,6,7,6,12.666666666666602,0,0,6,7,5,12.2,0,10.8,1.4,1.74,Graduado,Graduado,0,0
Solteiro,Gestão de Publicidade e Marketing,Ensino Secundário,125.0,Português,106.6,0,0,1,Feminino,0,0,4,6,7,6,11.5,0,0,6,10,4,10.571428571428502,0,10.8,1.4,1.74,Desistente,Desistente,1,1
Solteiro,Gestão de Publicidade e Marketing,Ensino Secundário,120.0,Português,140.4,0,0,1,Feminino,0,0,2,6,13,5,11.4,0,0,6,14,4,11.75,0,13.9,-0.3,0.79,Desistente,Desistente,1,1
Solteiro,Enfermagem,Ensino Secundário,132.0,Português,128.3,0,0,1,Feminino,1,0,0,7,8,7,14.70625,0,0,8,8,8,14.477500000000001,0,15.5,2.8,-4.06,Graduado,Graduado,0,0
Solteiro,Enfermagem,Ensino Secundário,128.0,Português,118.6,0,0,1,Feminino,1,0,0,7,9,6,11.814285714285697,0,0,8,8,7,13.542857142857097,0,13.9,-0.3,0.79,Graduado,Graduado,0,0
Solteiro,Design de Comunicação,Ensino Secundário,115.0,Português,123.4,0,0,1,Feminino,0,0,1,6,8,6,13.0,1,0,6,8,6,11.875,0,13.9,-0.3,0.79,Graduado,Graduado,0,0
Solteiro,Gestão de Publicidade e Marketing,Ensino Secundário,125.0,Português,124.0,0,0,1,Feminino,0,0,0,6,7,6,14.8571428571428,0,0,6,6,6,13.333333333333304,0,12.4,0.5,1.79,Graduado,Graduado,0,0
Solteiro,Enfermagem,Ensino Secundário,137.0,Português,121.3,0,0,1,Feminino,0,0,0,7,7,6,12.6,0,0,7,7,6,12.6,0,7.6,2.6,0.32,Graduado,Graduado,0,0
Solteiro,Enfermagem Veterinária,Ensino Secundário,101.0,Português,101.0,0,1,1,Feminino,0,0,0,6,9,5,13.333333333333304,0,0,6,17,4,11.4,0,12.4,0.5,1.79,Matriculado,Matriculado,0,
Solteiro,Ensino Básico,Ensino Secundário,126.0,Português,116.9,1,0,1,Feminino,0,0,0,7,10,6,10.666666666666602,0,0,7,12,6,12.833333333333304,0,13.9,-0.3,0.79,Matriculado,Matriculado,0,
Solteiro,Equincultura,Ensino Superior - Licenciatura,130.0,Português,130.0,0,1,0,Feminino,0,0,1,5,6,2,11.5,0,0,5,5,1,11.0,0,12.7,3.7,-1.7,Desistente,Desistente,1,1
Solteiro,Higiene Oral,Ensino Básico (3º Ciclo),100.0,Português,120.0,0,0,1,Feminino,0,0,0,7,9,1,10.0,0,0,7,0,0,0.0,0,12.7,3.7,-1.7,Desistente,Desistente,1,1
Solteiro,Turismo,Ensino Secundário,122.0,Português,130.4,0,0,1,Feminino,0,0,0,6,10,5,11.8,0,0,6,10,5,12.2,0,11.1,0.6,2.02,Graduado,Graduado,0,0
Solteiro,Design de Comunicação,Ensino Secundário,126.0,Português,118.7,0,0,1,Feminino,0,0,0,6,7,5,11.8,0,0,6,6,6,12.666666666666602,0,16.2,0.3,-0.92,Graduado,Graduado,0,0
Solteiro,Enfermagem,Ensino Secundário,128.0,Português,131.5,0,0,1,Feminino,0,0,0,8,8,8,12.77125,0,0,8,8,8,12.77125,0,9.4,-0.8,-3.12,Graduado,Graduado,0,0
Solteiro,Enfermagem Veterinária,Ensino Secundário,134.0,Português,120.4,0,0,1,Feminino,0,0,0,5,13,3,11.333333333333304,2,0,5,8,5,12.6,0,9.4,-0.8,-3.12,Matriculado,Matriculado,0,
Solteiro,Turismo,Ensino Secundário,128.0,Português,129.1,0,0,1,Feminino,0,0,0,6,6,6,12.666666666666602,0,0,6,7,5,14.6,0,11.1,0.6,2.02,Graduado,Graduado,0,0
Solteiro,Design de Comunicação,Ensino Secundário,125.0,Português,132.0,0,0,0,Feminino,0,0,1,6,10,5,12.2,1,0,6,11,4,10.833333333333304,0,13.9,-0.3,0.79,Matriculado,Matriculado,0,
Solteiro,Enfermagem Veterinária,Ensino Superior - Licenciatura,130.0,Português,130.0,0,0,0,Feminino,0,0,0,5,9,1,12.0,1,0,4,10,0,0.0,4,10.8,1.4,1.74,Desistente,Desistente,1,1
Solteiro,Enfermagem,Ensino Secundário,135.0,Português,132.8,0,0,1,Feminino,1,0,0,8,12,7,11.721428571428502,0,0,8,12,7,11.721428571428502,0,12.7,3.7,-1.7,Graduado,Graduado,0,0
Solteiro,Enfermagem,Ensino Básico (3º Ciclo),133.1,Português,143.7,0,0,1,Feminino,0,0,0,7,12,4,14.0,0,0,7,14,3,12.525,0,12.4,0.5,1.79,Matriculado,Matriculado,0,
Solteiro,Tecnologias de Produção de Biocombustíveis,Ensino Secundário,140.0,Português,152.8,0,0,1,Feminino,0,0,0,7,9,7,14.75,0,0,7,12,5,13.8,3,16.2,0.3,-0.92,Matriculado,Matriculado,0,
Solteiro,Jornalismo e Comunicação,Ensino Secundário,138.0,Português,133.5,0,0,1,Feminino,0,0,0,6,6,6,12.666666666666602,0,0,6,6,6,13.6666666666666,0,12.7,3.7,-1.7,Graduado,Graduado,0,0
Solteiro,Equincultura,Ensino Secundário,150.0,Português,146.2,0,0,1,Feminino,0,0,0,5,12,4,13.0,2,0,5,6,5,14.0,0,9.4,-0.8,-3.12,Desistente,Desistente,1,1
Solteiro,Gestão,Ensino Secundário,125.0,Português,115.2,1,0,1,Feminino,0,0,0,5,6,0,0.0,0,0,5,5,0,0.0,0,15.5,2.8,-4.06,Desistente,Desistente,1,1
Solteiro,Design de Comunicação,Ensino Secundário,121.0,Português,120.7,0,0,1,Feminino,0,0,0,6,8,4,10.75,0,0,6,9,0,0.0,0,9.4,-0.8,-3.12,Matriculado,Matriculado,0,
Casado,Serviço Social (prestação nocturna),Ensino Secundário,120.0,Português,101.8,0,0,0,Feminino,0,0,0,5,5,0,0.0,0,0,5,10,0,0.0,0,10.8,1.4,1.74,Desistente,Desistente,1,1
Solteiro,Gestão de Publicidade e Marketing,Ensino Secundário,140.0,Português,100.0,0,0,1,Feminino,0,0,0,5,6,4,12.5,0,0,5,7,4,11.75,0,7.6,2.6,0.32,Graduado,Graduado,0,0
Solteiro,Gestão (presencial noturno),Ensino Secundário,100.0,Português,121.9,0,0,0,Feminino,0,0,0,4,4,0,0.0,0,0,5,0,0,0.0,0,12.7,3.7,-1.7,Desistente,Desistente,1,1
Casado,Serviço Social (prestação nocturna),Ensino Secundário,140.0,Português,120.4,0,1,0,Feminino,0,0,0,5,5,0,0.0,0,0,4,4,0,0.0,0,9.4,-0.8,-3.12,Desistente,Desistente,1,1
Casado,Serviço Social,Ensino Secundário,140.0,Português,120.4,0,1,0,Feminino,0,0,0,6,0,0,0.0,0,0,6,0,0,0.0,0,9.4,-0.8,-3.12,Desistente,Desistente,1,1
Casado,Agronomia,Ensino Secundário,120.0,Português,148.8,0,0,1,Feminino,0,0,0,6,7,6,12.5,0,0,6,15,5,12.4,0,8.9,1.4,3.51,Graduado,Graduado,0,0
Solteiro,Ensino Básico,Ensino Secundário,138.0,Português,123.0,0,0,1,Feminino,0,0,0,6,10,5,12.8,0,0,6,9,3,11.666666666666602,0,10.8,1.4,1.74,Desistente,Desistente,1,1
Divorciado,Serviço Social (prestação nocturna),Ensino Básico (3º Ciclo),133.1,Português,100.0,0,0,1,Feminino,0,0,0,6,11,1,10.0,0,0,6,11,1,11.0,0,9.4,-0.8,-3.12,Desistente,Desistente,1,1
Solteiro,Ensino Básico,Ensino Secundário,118.0,Português,112.1,0,0,1,Feminino,0,0,0,6,11,4,11.25,0,0,6,10,5,10.2,0,7.6,2.6,0.32,Desistente,Desistente,1,1
Solteiro,Enfermagem,Ensino Secundário,135.0,Português,126.8,0,0,1,Feminino,1,0,0,8,8,7,12.61,0,0,8,8,7,12.61,0,10.8,1.4,1.74,Graduado,Graduado,0,0
Solteiro,Equincultura,Ensino Secundário,130.0,Português,115.9,0,0,1,Feminino,0,0,0,5,14,2,12.0,2,0,5,6,5,12.6,0,9.4,-0.8,-3.12,Graduado,Graduado,0,0
Solteiro,Serviço Social,Ensino Secundário,150.0,Santomense,132.5,0,0,0,Feminino,0,1,0,6,9,5,13.0,0,0,6,7,6,13.5,0,13.9,-0.3,0.79,Graduado,Graduado,0,0
Solteiro,Enfermagem Veterinária,Ensino Secundário,149.0,Ucraniano,132.2,0,0,1,Feminino,1,1,0,5,9,4,12.0,0,0,5,8,5,13.0,0,10.8,1.4,1.74,Graduado,Graduado,0,0
Solteiro,Higiene Oral,Ensino Secundário,180.0,Ucraniano,183.5,0,0,1,Feminino,0,1,0,7,8,4,12.0,0,0,8,8,0,0.0,0,16.2,0.3,-0.92,Desistente,Desistente,1,1
Solteiro,Engenharia Informática,Ensino Secundário,133.1,Português,136.0,0,0,1,Masculino,0,0,0,5,12,1,12.0,0,0,5,9,1,11.0,4,16.2,0.3,-0.92,Desistente,Desistente,1,1
Solteiro,Engenharia Informática,Ensino Básico (3º Ciclo),133.1,Português,100.9,0,0,1,Masculino,0,0,0,5,9,1,12.0,0,0,5,6,3,10.5,0,10.8,1.4,1.74,Matriculado,Matriculado,0,
Solteiro,Design de Animação e Multimédia,Ensino Secundário,145.0,Português,114.5,0,0,1,Masculino,0,0,0,0,0,0,0.0,0,0,0,0,0,0.0,0,9.4,-0.8,-3.12,Graduado,Graduado,0,0
Solteiro,Gestão,Ensino Secundário,110.0,Português,110.3,0,1,0,Masculino,0,0,0,5,5,0,0.0,0,0,5,9,0,0.0,0,10.8,1.4,1.74,Desistente,Desistente,1,1
Solteiro,Equincultura,Ensino Secundário,154.0,Português,137.2,0,1,1,Masculino,0,0,0,6,11,5,13.625,0,0,6,9,4,11.75,0,16.2,0.3,-0.92,Desistente,Desistente,1,1
Solteiro,Gestão,Ensino Secundário,126.0,Português,116.9,0,0,1,Masculino,1,0,0,5,12,3,11.666666666666602,0,0,5,10,3,11.666666666666602,0,12.7,3.7,-1.7,Matriculado,Matriculado,0,
Solteiro,Gestão de Publicidade e Marketing,Ensino Secundário,133.0,Português,121.8,0,0,1,Masculino,0,0,0,6,0,0,0.0,0,0,6,0,0,0.0,0,13.9,-0.3,0.79,Desistente,Desistente,1,1
Solteiro,Enfermagem,Ensino Secundário,145.0,Português,127.3,0,0,1,Masculino,0,0,0,8,8,7,11.69,0,0,8,8,7,11.69,0,10.8,1.4,1.74,Graduado,Graduado,0,0
Solteiro,Design de Comunicação,Curso de Especialização Tecnológica,120.0,Português,120.0,0,1,0,Masculino,0,0,0,6,11,0,0.0,6,0,6,12,0,0.0,12,16.2,0.3,-0.92,Desistente,Desistente,1,1
Solteiro,Design de Animação e Multimédia,Curso de Especialização Tecnológica,150.0,Português,150.0,0,0,1,Masculino,0,0,0,0,0,0,0.0,0,0,0,0,0,0.0,0,15.5,2.8,-4.06,Graduado,Graduado,0,0
Solteiro,Gestão (presencial noturno),Ensino Secundário,150.0,Português,100.0,0,0,1,Masculino,0,0,0,5,10,4,11.5,0,0,5,11,5,11.285714285714198,0,13.9,-0.3,0.79,Graduado,Graduado,0,0
Solteiro,Engenharia Informática,Ensino Secundário,150.0,Português,150.0,0,0,1,Masculino,0,0,0,5,10,1,14.0,0,0,5,0,0,0.0,0,8.9,1.4,3.51,Desistente,Desistente,1,1
Solteiro,Turismo,Ensino Secundário,127.0,Português,116.9,0,0,1,Masculino,0,0,0,6,7,5,11.0,0,0,6,7,5,12.4,0,15.5,2.8,-4.06,Graduado,Graduado,0,0
Solteiro,Agronomia,Curso de Especialização Tecnológica,140.0,Português,140.0,0,0,1,Masculino,0,0,0,6,7,6,12.857142857142804,0,0,6,6,6,13.1666666666666,0,12.4,0.5,1.79,Graduado,Graduado,0,0
Solteiro,Jornalismo e Comunicação,Ensino Secundário,128.0,Português,122.1,0,0,1,Masculino,0,0,0,6,9,4,12.5,0,0,6,6,6,11.333333333333304,0,10.8,1.4,1.74,Desistente,Desistente,1,1
Solteiro,Enfermagem,Ensino Secundário,127.0,Português,160.0,0,0,1,Masculino,0,0,0,7,7,7,14.5285714285714,0,0,8,11,8,15.018181818181805,0,16.2,0.3,-0.92,Graduado,Graduado,0,0
Solteiro,Gestão,Ensino Secundário,117.0,Português,118.4,0,0,1,Masculino,0,0,0,5,8,5,10.0,0,0,5,10,2,12.0,0,7.6,2.6,0.32,Matriculado,Matriculado,0,
Solteiro,Agronomia,Curso de Especialização Tecnológica,150.0,Português,150.0,0,0,1,Masculino,1,0,0,6,8,6,13.0,0,0,6,10,6,12.625,0,15.5,2.8,-4.06,Graduado,Graduado,0,0
Solteiro,Enfermagem,Ensino Secundário,154.0,Português,144.9,0,0,1,Masculino,1,0,0,7,7,7,15.957142857142802,0,0,8,9,8,15.188888888888801,0,16.2,0.3,-0.92,Graduado,Graduado,0,0
Solteiro,Engenharia Informática,Ensino Secundário,127.0,Português,121.1,0,0,1,Masculino,1,0,0,5,6,5,13.2,0,0,5,8,5,12.6,0,8.9,1.4,3.51,Matriculado,Matriculado,0,
Solteiro,Gestão,Ensino Secundário,133.0,Português,121.8,0,0,1,Masculino,0,0,0,5,9,4,10.2,0,0,5,6,3,11.0,0,15.5,2.8,-4.06,Matriculado,Matriculado,0,
Solteiro,Engenharia Informática,Ensino Superior - Licenciatura (1º Ciclo),120.0,Português,146.8,0,0,1,Masculino,0,0,2,5,6,5,14.2,0,1,5,5,2,13.5,0,16.2,0.3,-0.92,Matriculado,Matriculado,0,
Solteiro,Gestão de Publicidade e Marketing,Ensino Secundário,133.1,Português,138.0,0,1,1,Masculino,0,0,0,6,8,6,12.625,0,0,6,11,2,14.5,0,11.1,0.6,2.02,Matriculado,Matriculado,0,
Solteiro,Enfermagem,Ensino Secundário,149.0,Português,138.0,0,0,1,Masculino,0,0,0,8,11,6,13.496666666666599,1,0,8,11,6,13.496666666666599,1,9.4,-0.8,-3.12,Matriculado,Matriculado,0,
Solteiro,Gestão,Ensino Secundário,125.0,Português,116.3,0,0,1,Masculino,0,0,0,5,8,5,13.25,0,0,5,8,5,11.0,0,13.9,-0.3,0.79,Graduado,Graduado,0,0
Solteiro,Engenharia Informática,Ensino Secundário,126.0,Português,122.5,0,0,1,Masculino,0,0,0,5,12,3,12.0,0,0,5,10,3,12.0,0,12.4,0.5,1.79,Desistente,Desistente,1,1
Solteiro,Jornalismo e Comunicação,Ensino Básico (3º Ciclo),133.1,Português,115.0,0,1,0,Masculino,0,0,0,6,10,4,13.0,0,0,6,9,4,13.75,0,12.7,3.7,-1.7,Desistente,Desistente,1,1
Solteiro,Design de Comunicação,Ensino Secundário,115.0,Português,115.0,0,1,1,Masculino,0,0,5,11,12,9,11.7777777777777,0,3,8,11,3,13.6666666666666,0,15.5,2.8,-4.06,Desistente,Desistente,1,1
Solteiro,Engenharia Informática,Ensino Secundário,117.0,Português,119.8,0,0,1,Masculino,0,0,0,5,10,2,11.0,0,0,6,10,0,0.0,0,11.1,0.6,2.02,Desistente,Desistente,1,1
Solteiro,Gestão,Ensino Secundário,133.1,Português,95.0,0,0,1,Masculino,0,0,0,5,14,0,0.0,0,0,5,5,0,0.0,0,11.1,0.6,2.02,Desistente,Desistente,1,1
Solteiro,Agronomia,Curso de Especialização Tecnológica,150.0,Português,150.0,0,0,1,Masculino,0,0,9,14,16,14,12.428571428571399,0,3,9,13,6,10.857142857142803,0,15.5,2.8,-4.06,Desistente,Desistente,1,1
Solteiro,Gestão,Ensino Secundário,130.0,Português,117.8,0,0,1,Masculino,0,0,0,5,8,3,11.0,0,0,5,11,3,12.0,0,10.8,1.4,1.74,Matriculado,Matriculado,0,
Solteiro,Design de Animação e Multimédia,Ensino Secundário,161.0,Português,144.2,0,0,1,Masculino,0,0,0,0,0,0,0.0,0,0,0,0,0,0.0,0,7.6,2.6,0.32,Graduado,Graduado,0,0
Solteiro,Turismo,Curso de Especialização Tecnológica,130.0,Português,130.0,0,1,1,Masculino,0,0,0,6,12,3,11.5,0,0,6,12,3,10.666666666666602,0,8.9,1.4,3.51,Matriculado,Matriculado,0,
Solteiro,Enfermagem,Ensino Secundário,111.0,Português,128.2,0,0,1,Masculino,0,0,0,8,8,8,12.5075,0,0,8,8,8,12.5075,0,9.4,-0.8,-3.12,Graduado,Graduado,0,0
Solteiro,Agronomia,Curso Técnico Superior Profissional,140.0,Português,135.3,0,0,1,Masculino,0,0,7,12,18,11,12.090909090909001,0,5,12,14,11,12.0,0,8.9,1.4,3.51,Graduado,Graduado,0,0
Solteiro,Equincultura,Ensino Secundário,132.0,Português,143.9,0,0,1,Masculino,0,0,0,5,14,2,11.0,3,0,5,9,3,12.666666666666602,0,9.4,-0.8,-3.12,Matriculado,Matriculado,0,
Solteiro,Gestão (presencial noturno),Ensino Secundário,139.0,Português,140.7,0,0,1,Masculino,0,0,0,5,13,1,10.0,0,0,5,8,2,11.333333333333304,0,12.4,0.5,1.79,Desistente,Desistente,1,1
Solteiro,Equincultura,Ensino Secundário,132.0,Português,130.4,0,0,1,Masculino,0,0,0,6,6,6,13.5,0,0,6,9,5,13.2,0,8.9,1.4,3.51,Graduado,Graduado,0,0
Solteiro,Design de Comunicação,Frequência do Ensino Superior,119.0,Português,123.2,0,0,1,Masculino,0,0,0,6,6,6,14.1666666666666,0,0,6,8,6,13.625,0,10.8,1.4,1.74,Graduado,Graduado,0,0
Solteiro,Gestão de Publicidade e Marketing,Ensino Secundário,133.1,Português,118.0,0,0,1,Masculino,0,0,0,6,7,6,14.0,0,0,6,7,6,14.714285714285703,0,8.9,1.4,3.51,Graduado,Graduado,0,0
Solteiro,Agronomia,Ensino Básico (3º Ciclo),133.1,Português,120.0,0,0,1,Masculino,0,0,0,3,4,0,0.0,0,0,3,5,0,0.0,0,16.2,0.3,-0.92,Desistente,Desistente,1,1
Solteiro,Engenharia Informática,Ensino Secundário,129.0,Português,118.9,0,0,1,Masculino,0,0,0,5,9,3,11.666666666666602,0,0,5,10,3,11.333333333333304,4,7.6,2.6,0.32,Desistente,Desistente,1,1
Solteiro,Enfermagem Veterinária,Ensino Secundário,128.0,Português,117.2,0,0,1,Masculino,0,0,0,5,7,5,14.6,1,0,5,5,5,14.2,0,12.7,3.7,-1.7,Graduado,Graduado,0,0
Solteiro,Agronomia,Ensino Secundário,120.0,Português,120.0,0,0,1,Masculino,0,0,0,6,10,5,13.0,0,0,6,13,5,11.5,0,16.2,0.3,-0.92,Graduado,Graduado,0,0
Solteiro,Serviço Social (prestação nocturna),Ensino Secundário,130.0,Português,118.1,0,0,1,Masculino,0,0,0,6,7,6,12.166666666666602,0,0,6,9,6,12.0,0,7.6,2.6,0.32,Graduado,Graduado,0,0
Solteiro,Gestão,Ensino Secundário,130.0,Português,124.8,0,0,1,Masculino,0,0,0,5,9,0,0.0,0,0,5,5,1,12.0,0,7.6,2.6,0.32,Desistente,Desistente,1,1
Solteiro,Engenharia Informática,Ensino Secundário,111.0,Português,106.5,0,0,1,Masculino,0,0,0,5,10,3,10.5,0,0,5,11,3,10.8,0,12.4,0.5,1.79,Desistente,Desistente,1,1
Solteiro,Gestão,Ensino Secundário,121.0,Português,116.8,0,0,1,Masculino,0,0,0,5,14,3,12.4,0,0,5,8,5,10.833333333333304,0,13.9,-0.3,0.79,Matriculado,Matriculado,0,
Solteiro,Design de Animação e Multimédia,Ensino Secundário,117.0,Português,109.3,0,0,1,Masculino,0,0,0,0,0,0,0.0,0,0,0,0,0,0.0,0,9.4,-0.8,-3.12,Graduado,Graduado,0,0
Casado,Enfermagem Veterinária,12º Ano de Escolaridade - Não Concluído,133.1,Português,120.0,0,0,0,Masculino,0,0,0,5,12,0,0.0,4,0,5,8,0,0.0,1,9.4,-0.8,-3.12,Desistente,Desistente,1,1
Solteiro,Enfermagem,Ensino Secundário,149.0,Português,137.5,0,0,1,Masculino,0,0,0,8,8,7,13.828571428571399,0,0,8,8,7,13.828571428571399,0,12.7,3.7,-1.7,Graduado,Graduado,0,0
Solteiro,Gestão (presencial noturno),Ensino Secundário,172.0,Português,150.0,0,0,1,Feminino,1,0,0,5,7,5,10.6,0,0,5,6,5,10.2,0,9.4,-0.8,-3.12,Matriculado,Matriculado,0,
Casado,Serviço Social,Ensino Secundário,134.0,Português,120.4,0,0,1,Feminino,0,0,0,6,7,6,11.5,0,0,6,6,6,11.666666666666602,0,7.6,2.6,0.32,Graduado,Graduado,0,0
Solteiro,Design de Comunicação,Ensino Secundário,136.0,Português,136.7,0,0,1,Feminino,0,0,0,6,6,4,13.5,0,0,6,8,6,13.625,0,10.8,1.4,1.74,Graduado,Graduado,0,0
Solteiro,Serviço Social (prestação nocturna),Ensino Secundário,133.1,Português,118.5,0,0,1,Feminino,0,0,0,6,12,0,0.0,0,0,6,0,0,0.0,0,7.6,2.6,0.32,Desistente,Desistente,1,1
Solteiro,Enfermagem,Ensino Secundário,141.0,Português,133.0,0,0,1,Feminino,0,0,0,7,8,7,12.5375,0,0,8,9,7,12.614285714285696,0,13.9,-0.3,0.79,Graduado,Graduado,0,0
Solteiro,Gestão de Publicidade e Marketing,Ensino Secundário,141.0,Português,128.8,0,0,1,Feminino,0,0,0,6,6,6,14.833333333333304,0,0,6,8,6,13.285714285714198,0,8.9,1.4,3.51,Matriculado,Matriculado,0,
Solteiro,Gestão,Ensino Secundário,148.0,Português,133.0,0,0,1,Feminino,0,0,0,5,10,4,12.0,0,0,5,9,4,12.8,0,13.9,-0.3,0.79,Graduado,Graduado,0,0
Solteiro,Turismo,Ensino Secundário,102.0,Português,102.0,0,0,1,Feminino,0,0,0,6,8,5,11.8,0,0,6,8,5,11.6,0,10.8,1.4,1.74,Graduado,Graduado,0,0
Solteiro,Gestão,Ensino Secundário,143.0,Português,133.9,0,0,1,Feminino,1,0,0,5,5,5,15.0,0,0,5,5,5,15.2,0,12.7,3.7,-1.7,Graduado,Graduado,0,0
Solteiro,Enfermagem Veterinária,Ensino Secundário,120.0,Português,127.0,0,0,1,Feminino,0,0,0,5,7,3,12.0,0,0,5,7,5,13.2,0,7.6,2.6,0.32,Graduado,Graduado,0,0
Solteiro,Jornalismo e Comunicação,Ensino Secundário,121.0,Português,120.4,0,0,1,Feminino,1,0,0,6,6,6,12.833333333333304,0,0,6,7,6,12.285714285714198,0,15.5,2.8,-4.06,Graduado,Graduado,0,0
Solteiro,Turismo,Ensino Secundário,122.0,Português,124.5,0,0,1,Feminino,0,0,0,6,12,6,11.666666666666602,0,0,6,14,3,12.0,0,7.6,2.6,0.32,Graduado,Graduado,0,0
Solteiro,Higiene Oral,Ensino Secundário,122.0,Português,123.9,0,0,1,Feminino,0,0,0,7,9,7,12.1625,0,0,8,8,8,13.825,0,13.9,-0.3,0.79,Graduado,Graduado,0,0
Solteiro,Gestão de Publicidade e Marketing,Ensino Secundário,123.0,Português,117.8,0,0,1,Feminino,0,0,0,6,6,6,13.833333333333304,0,0,6,11,6,14.5555555555555,0,10.8,1.4,1.74,Graduado,Graduado,0,0
Solteiro,Enfermagem,Ensino Secundário,133.0,Português,126.7,0,0,1,Feminino,0,0,0,7,12,4,12.45,0,0,7,11,5,11.7,0,16.2,0.3,-0.92,Matriculado,Matriculado,0,
Solteiro,Gestão de Publicidade e Marketing,Curso de Especialização Tecnológica,110.0,Português,110.0,0,0,1,Feminino,1,0,2,6,9,6,12.125,0,2,6,7,6,13.571428571428504,0,11.1,0.6,2.02,Graduado,Graduado,0,0
Solteiro,Gestão de Publicidade e Marketing,Ensino Secundário,155.0,Português,134.7,0,0,1,Feminino,0,0,0,6,8,5,13.4,0,0,6,10,4,13.0,0,12.7,3.7,-1.7,Matriculado,Matriculado,0,
Solteiro,Agronomia,Ensino Secundário,119.0,Português,113.2,0,1,1,Feminino,0,0,0,6,8,6,13.333333333333304,0,0,6,8,5,14.0,0,11.1,0.6,2.02,Matriculado,Matriculado,0,
Solteiro,Gestão (presencial noturno),Ensino Superior - Licenciatura,120.0,Português,141.0,0,0,1,Feminino,0,0,10,15,15,11,11.454545454545398,0,9,13,16,11,11.5454545454545,0,10.8,1.4,1.74,Desistente,Desistente,1,1
Solteiro,Ensino Básico,Ensino Secundário,133.1,Português,111.5,0,0,0,Feminino,1,0,0,6,10,4,12.0,0,0,6,14,3,10.0,0,7.6,2.6,0.32,Desistente,Desistente,1,1
Divorciado,Ensino Básico,Ensino Secundário,143.0,Português,140.0,0,1,0,Feminino,0,0,0,7,8,6,12.666666666666602,0,0,7,9,5,12.6,0,8.9,1.4,3.51,Desistente,Desistente,1,1
Solteiro,Gestão de Publicidade e Marketing,Ensino Secundário,149.0,Português,134.3,1,0,1,Feminino,0,0,0,6,7,6,12.666666666666602,0,0,6,9,6,13.777777777777697,0,10.8,1.4,1.74,Graduado,Graduado,0,0
Solteiro,Agronomia,Ensino Secundário,133.0,Português,125.3,0,0,1,Feminino,0,0,12,18,22,18,11.8888888888888,1,11,13,13,13,11.4615384615384,0,15.5,2.8,-4.06,Graduado,Graduado,0,0
Solteiro,Equincultura,Ensino Superior - Licenciatura,140.0,Português,140.0,0,0,1,Feminino,0,0,0,6,0,0,0.0,0,0,6,0,0,0.0,0,12.4,0.5,1.79,Desistente,Desistente,1,1
Solteiro,Design de Comunicação,Ensino Secundário,122.0,Português,119.6,0,1,0,Feminino,0,0,0,6,6,4,13.0,0,0,6,8,4,11.6,0,10.8,1.4,1.74,Desistente,Desistente,1,1
Solteiro,Enfermagem,Ensino Superior - Licenciatura (1º Ciclo),170.0,Português,170.0,0,0,1,Feminino,0,0,4,7,7,7,16.885714285714204,0,3,8,9,8,15.744444444444397,0,16.2,0.3,-0.92,Graduado,Graduado,0,0
Solteiro,Serviço Social (prestação nocturna),Ensino Secundário,120.0,Português,150.5,0,0,1,Feminino,0,0,0,6,6,6,12.5,0,1,6,6,6,12.333333333333304,0,15.5,2.8,-4.06,Graduado,Graduado,0,0
Solteiro,Enfermagem,Ensino Secundário,143.0,Português,128.0,0,0,1,Feminino,1,0,0,7,9,7,13.0555555555555,0,0,8,8,8,15.8125,0,13.9,-0.3,0.79,Graduado,Graduado,0,0
Solteiro,Design de Animação e Multimédia,Ensino Secundário,115.0,Português,108.7,0,0,0,Feminino,0,0,0,0,0,0,0.0,0,0,0,0,0,0.0,0,9.4,-0.8,-3.12,Desistente,Desistente,1,1
Solteiro,Equincultura,Ensino Secundário,123.0,Português,121.6,0,1,1,Feminino,1,0,0,5,7,0,0.0,0,0,5,5,0,0.0,0,7.6,2.6,0.32,Desistente,Desistente,1,1
Solteiro,Enfermagem,Ensino Secundário,131.0,Português,125.3,0,0,1,Feminino,1,0,0,8,8,7,12.355714285714198,0,0,8,8,7,12.355714285714198,0,10.8,1.4,1.74,Graduado,Graduado,0,0
Solteiro,Enfermagem Veterinária,Ensino Secundário,127.0,Português,117.6,0,0,1,Feminino,0,0,0,6,0,0,0.0,0,0,6,0,0,0.0,0,12.4,0.5,1.79,Desistente,Desistente,1,1
Solteiro,Enfermagem,Ensino Secundário,126.0,Português,124.3,0,0,1,Feminino,1,0,0,7,8,5,11.98,0,0,7,8,5,11.98,0,7.6,2.6,0.32,Matriculado,Matriculado,0,
Solteiro,Ensino Básico,Ensino Secundário,112.0,Português,106.1,0,1,1,Feminino,1,0,0,7,7,7,13.8571428571428,0,0,7,8,7,12.571428571428502,0,8.9,1.4,3.51,Graduado,Graduado,0,0
Casado,Serviço Social (prestação nocturna),Ensino Secundário,150.0,Português,139.9,0,0,1,Feminino,0,0,0,6,9,5,13.0,0,0,6,6,6,14.1666666666666,0,9.4,-0.8,-3.12,Graduado,Graduado,0,0
Solteiro,Design de Comunicação,Ensino Secundário,116.0,Português,110.8,0,0,1,Feminino,0,0,0,6,6,6,12.833333333333304,0,0,6,10,6,11.166666666666602,0,12.4,0.5,1.79,Graduado,Graduado,0,0
Solteiro,Gestão,Ensino Secundário,118.0,Português,118.0,0,0,1,Feminino,0,0,0,5,11,4,11.0,0,0,5,7,5,13.2,0,12.4,0.5,1.79,Matriculado,Matriculado,0,
Solteiro,Enfermagem,Ensino Secundário,130.0,Português,117.8,0,0,1,Feminino,1,0,0,8,8,7,12.357142857142803,0,0,8,8,7,12.357142857142803,0,12.7,3.7,-1.7,Graduado,Graduado,0,0
Solteiro,Enfermagem,Ensino Secundário,144.0,Português,127.5,0,0,1,Feminino,1,0,0,8,8,7,13.8571428571428,0,0,8,8,7,13.8571428571428,0,12.7,3.7,-1.7,Graduado,Graduado,0,0
Solteiro,Serviço Social,Ensino Superior - Licenciatura,105.0,Português,129.7,0,0,1,Feminino,1,0,0,6,6,6,12.333333333333304,0,0,6,6,6,10.666666666666602,0,9.4,-0.8,-3.12,Graduado,Graduado,0,0
Solteiro,Enfermagem,Ensino Secundário,143.0,Português,130.6,0,0,1,Feminino,0,0,0,7,8,7,12.847142857142803,0,0,8,10,8,13.7888888888888,0,16.2,0.3,-0.92,Graduado,Graduado,0,0
Solteiro,Enfermagem,Ensino Secundário,137.0,Português,126.3,0,0,1,Feminino,1,0,0,7,9,6,12.3399999999999,0,0,8,9,8,13.01875,0,11.1,0.6,2.02,Graduado,Graduado,0,0
Solteiro,Enfermagem Veterinária,Curso de Especialização Tecnológica,140.0,Português,140.0,0,0,1,Feminino,0,0,0,6,10,5,12.666666666666602,0,0,6,19,4,11.75,0,12.4,0.5,1.79,Matriculado,Matriculado,0,
Solteiro,Jornalismo e Comunicação,Ensino Secundário,133.1,Português,105.0,0,0,1,Feminino,0,0,0,6,6,6,13.833333333333304,0,0,6,6,6,12.5,0,12.7,3.7,-1.7,Graduado,Graduado,0,0
Solteiro,Gestão,Ensino Secundário,116.0,Português,114.6,0,0,1,Feminino,0,0,0,5,15,2,10.75,0,0,5,11,2,10.0,0,13.9,-0.3,0.79,Desistente,Desistente,1,1
Solteiro,Ensino Básico,Ensino Secundário,117.0,Português,114.6,0,0,1,Feminino,0,0,0,6,11,4,13.25,0,0,6,10,4,10.25,0,9.4,-0.8,-3.12,Desistente,Desistente,1,1
Solteiro,Enfermagem,Ensino Secundário,137.0,Português,131.0,0,0,1,Feminino,1,0,0,8,8,8,13.73125,0,0,8,8,8,13.73125,0,9.4,-0.8,-3.12,Graduado,Graduado,0,0
Solteiro,Design de Comunicação,Ensino Secundário,116.0,Português,109.0,0,0,1,Feminino,1,0,0,6,6,6,13.333333333333304,0,0,6,8,3,12.666666666666602,0,11.1,0.6,2.02,Desistente,Desistente,1,1
Solteiro,Ensino Básico,Ensino Secundário,133.1,Português,132.0,0,0,1,Feminino,0,0,0,6,8,5,12.0,0,0,6,9,5,10.8,0,12.7,3.7,-1.7,Desistente,Desistente,1,1
Solteiro,Serviço Social (prestação nocturna),Curso de Especialização Tecnológica,130.0,Português,130.0,0,0,1,Feminino,0,0,5,9,10,9,10.8888888888888,0,3,8,10,6,11.333333333333304,0,11.1,0.6,2.02,Graduado,Graduado,0,0
Solteiro,Enfermagem,Ensino Secundário,106.0,Português,109.5,0,0,1,Feminino,0,0,0,7,8,7,13.025,0,0,8,9,8,13.8111111111111,0,13.9,-0.3,0.79,Graduado,Graduado,0,0
Solteiro,Jornalismo e Comunicação,Ensino Secundário,125.0,Português,115.9,0,0,1,Feminino,0,0,0,6,6,6,13.0,0,0,6,6,6,14.1666666666666,0,12.4,0.5,1.79,Graduado,Graduado,0,0
Solteiro,Jornalismo e Comunicação,Ensino Secundário,134.0,Português,131.6,1,0,1,Feminino,0,0,0,6,10,5,11.8,0,0,6,10,5,12.0,0,10.8,1.4,1.74,Graduado,Graduado,0,0
Solteiro,Enfermagem,Ensino Secundário,133.1,Português,120.0,0,0,1,Feminino,1,0,0,8,8,7,12.042857142857097,0,0,8,8,7,12.042857142857097,0,12.7,3.7,-1.7,Graduado,Graduado,0,0
Solteiro,Ensino Básico,Ensino Secundário,117.0,Português,109.7,0,0,1,Feminino,0,0,0,6,9,5,12.2,0,0,6,10,4,13.0,0,9.4,-0.8,-3.12,Matriculado,Matriculado,0,
Solteiro,Enfermagem,Ensino Secundário,136.0,Português,136.4,0,0,1,Feminino,1,0,0,7,8,7,12.8375,0,0,8,8,8,15.5,0,13.9,-0.3,0.79,Graduado,Graduado,0,0
Solteiro,Higiene Oral,Ensino Secundário,120.0,Português,120.0,0,1,1,Feminino,1,0,0,7,13,7,11.0,0,0,8,13,7,11.7,0,12.7,3.7,-1.7,Graduado,Graduado,0,0
Solteiro,Gestão de Publicidade e Marketing,Ensino Secundário,135.0,Português,132.6,0,0,1,Feminino,1,0,0,6,7,6,13.5,0,0,6,9,5,14.0,0,8.9,1.4,3.51,Graduado,Graduado,0,0
Solteiro,Serviço Social,Ensino Secundário,122.0,Português,112.9,0,0,1,Feminino,1,0,0,6,8,6,12.125,0,0,6,7,6,12.714285714285698,0,16.2,0.3,-0.92,Graduado,Graduado,0,0
Solteiro,Enfermagem,Ensino Secundário,147.0,Português,134.3,0,0,1,Feminino,1,0,0,8,12,7,12.6285714285714,0,0,8,12,7,12.6285714285714,0,12.7,3.7,-1.7,Graduado,Graduado,0,0
Solteiro,Gestão (presencial noturno),Ensino Secundário,120.0,Português,123.2,0,0,1,Feminino,0,0,0,5,9,3,10.666666666666602,0,0,5,7,4,11.4,0,10.8,1.4,1.74,Matriculado,Matriculado,0,
Solteiro,Serviço Social,Ensino Secundário,121.0,Português,117.2,0,0,1,Feminino,0,0,0,6,11,5,11.2,0,0,6,13,5,11.6,0,15.5,2.8,-4.06,Graduado,Graduado,0,0
Solteiro,Jornalismo e Comunicação,Ensino Secundário,135.0,Português,129.8,0,0,1,Feminino,1,0,0,6,6,6,12.666666666666602,0,0,6,6,6,11.833333333333304,0,12.7,3.7,-1.7,Desistente,Desistente,1,1
Casado,Gestão de Publicidade e Marketing,Ensino Secundário,130.0,Português,158.0,0,1,0,Feminino,0,0,0,6,7,4,13.5,0,0,6,6,0,0.0,6,12.7,3.7,-1.7,Desistente,Desistente,1,1
Solteiro,Gestão,Ensino Secundário,128.0,Português,116.5,0,0,1,Feminino,0,0,0,5,9,3,11.666666666666602,0,0,5,15,2,11.0,0,7.6,2.6,0.32,Matriculado,Matriculado,0,
Solteiro,Gestão,Ensino Secundário,129.0,Português,121.0,0,0,1,Feminino,0,0,0,5,8,2,10.5,0,0,5,7,3,12.333333333333304,0,7.6,2.6,0.32,Matriculado,Matriculado,0,
Solteiro,Enfermagem,Ensino Secundário,143.0,Português,133.8,0,0,1,Feminino,0,0,0,8,8,8,14.26875,0,0,8,8,8,14.26875,0,9.4,-0.8,-3.12,Matriculado,Matriculado,0,
Solteiro,Jornalismo e Comunicação,Ensino Secundário,108.0,Português,115.0,0,1,0,Feminino,0,0,0,6,0,0,0.0,0,0,6,0,0,0.0,0,8.9,1.4,3.51,Desistente,Desistente,1,1
Solteiro,Gestão,Ensino Secundário,130.0,Português,131.8,0,0,1,Feminino,1,0,0,5,8,2,10.5,0,0,5,11,3,13.333333333333304,0,7.6,2.6,0.32,Matriculado,Matriculado,0,
Solteiro,Serviço Social,Ensino Secundário,135.0,Português,121.0,0,0,1,Feminino,0,0,0,6,11,5,11.2,0,0,6,15,1,10.0,0,7.6,2.6,0.32,Matriculado,Matriculado,0,
Casado,Gestão (presencial noturno),Ensino Superior - Licenciatura,140.0,Português,152.4,0,0,1,Feminino,0,0,0,5,5,5,12.0,0,0,5,6,5,14.833333333333304,0,10.8,1.4,1.74,Graduado,Graduado,0,0
Solteiro,Higiene Oral,Ensino Secundário,120.0,Português,110.2,0,0,1,Feminino,0,0,0,7,9,7,12.2285714285714,0,1,8,10,8,13.2125,0,10.8,1.4,1.74,Graduado,Graduado,0,0
Solteiro,Gestão de Publicidade e Marketing,Ensino Secundário,117.0,Português,113.5,0,0,1,Feminino,0,0,0,5,6,4,11.5,0,0,5,5,4,10.75,0,9.4,-0.8,-3.12,Graduado,Graduado,0,0
Solteiro,Serviço Social,Ensino Secundário,151.0,Português,144.4,0,0,1,Feminino,0,0,0,6,8,6,15.375,0,0,6,7,6,16.4285714285714,0,16.2,0.3,-0.92,Graduado,Graduado,0,0
Solteiro,Enfermagem Veterinária,Curso Técnico Superior Profissional,140.0,Português,143.3,0,0,0,Feminino,0,0,7,12,19,9,13.6666666666666,0,4,9,15,6,13.5,0,8.9,1.4,3.51,Matriculado,Matriculado,0,
Solteiro,Enfermagem,Ensino Básico (3º Ciclo),133.1,Português,100.0,0,0,1,Feminino,0,0,0,8,11,7,12.614285714285696,0,0,8,11,7,12.614285714285696,0,12.7,3.7,-1.7,Graduado,Graduado,0,0
Solteiro,Serviço Social,Curso de Especialização Tecnológica,130.0,Português,126.3,0,0,1,Feminino,1,0,3,6,7,5,12.2,0,2,6,6,6,11.5,0,13.9,-0.3,0.79,Graduado,Graduado,0,0
Solteiro,Jornalismo e Comunicação,Ensino Secundário,125.0,Português,115.9,0,0,1,Feminino,0,0,0,6,13,4,11.75,0,0,6,10,4,11.0,0,10.8,1.4,1.74,Graduado,Graduado,0,0
Solteiro,Serviço Social,Ensino Secundário,125.0,Português,114.9,0,1,1,Feminino,1,0,0,6,9,5,11.4,0,0,6,9,3,10.0,0,8.9,1.4,3.51,Matriculado,Matriculado,0,
Solteiro,Serviço Social,Ensino Secundário,135.0,Português,121.0,0,1,1,Feminino,0,0,0,6,10,5,10.6,0,0,6,14,2,10.0,0,7.6,2.6,0.32,Matriculado,Matriculado,0,
Solteiro,Serviço Social (prestação nocturna),Ensino Secundário,121.0,Português,112.3,0,0,1,Feminino,0,0,14,16,16,13,10.923076923076902,0,13,13,13,11,11.454545454545398,0,16.2,0.3,-0.92,Graduado,Graduado,0,0
Solteiro,Design de Comunicação,Ensino Secundário,141.0,Português,127.0,0,0,1,Feminino,0,0,0,6,6,5,12.4,0,0,6,9,5,12.4,0,12.7,3.7,-1.7,Graduado,Graduado,0,0
Solteiro,Agronomia,Ensino Secundário,130.0,Português,120.0,0,0,1,Feminino,0,0,0,6,6,0,0.0,0,0,6,6,0,0.0,0,11.1,0.6,2.02,Desistente,Desistente,1,1
Solteiro,Agronomia,Curso de Especialização Tecnológica,180.0,Português,180.0,0,0,1,Feminino,0,0,0,6,6,6,15.833333333333304,0,0,6,8,6,15.5,0,15.5,2.8,-4.06,Graduado,Graduado,0,0
Solteiro,Enfermagem,Ensino Secundário,117.0,Português,117.4,0,0,1,Feminino,0,0,0,7,12,5,11.8,0,0,7,9,6,11.708333333333304,0,11.1,0.6,2.02,Matriculado,Matriculado,0,
Solteiro,Jornalismo e Comunicação,Ensino Secundário,127.0,Português,115.8,0,0,1,Feminino,0,0,0,6,7,6,12.571428571428502,0,0,6,6,6,13.6666666666666,0,13.9,-0.3,0.79,Graduado,Graduado,0,0
Solteiro,Gestão de Publicidade e Marketing,Ensino Secundário,126.0,Português,136.5,0,0,1,Feminino,0,0,0,5,7,3,12.0,0,0,5,7,4,13.25,1,7.6,2.6,0.32,Graduado,Graduado,0,0
Solteiro,Enfermagem,Ensino Secundário,143.0,Português,129.0,0,0,1,Masculino,0,0,0,7,8,7,13.3625,0,0,8,9,8,14.444444444444397,0,13.9,-0.3,0.79,Graduado,Graduado,0,0
Solteiro,Enfermagem Veterinária,Ensino Secundário,144.0,Holandês,137.6,0,0,1,Feminino,1,1,0,5,6,5,15.4,0,0,5,5,5,16.0,0,10.8,1.4,1.74,Graduado,Graduado,0,0
Solteiro,Jornalismo e Comunicação,Ensino Secundário,126.0,Português,129.5,0,1,0,Feminino,0,0,0,6,9,5,12.2,0,0,6,9,4,11.75,0,10.8,1.4,1.74,Desistente,Desistente,1,1
Solteiro,Serviço Social,Curso de Especialização Tecnológica,140.0,Português,129.1,0,0,1,Feminino,1,0,6,11,11,11,12.818181818181804,0,6,11,11,11,13.545454545454499,0,12.4,0.5,1.79,Graduado,Graduado,0,0
Solteiro,Enfermagem,Ensino Secundário,148.0,Português,130.2,0,0,1,Feminino,0,0,0,7,0,0,0.0,0,0,8,0,0,0.0,0,12.4,0.5,1.79,Desistente,Desistente,1,1
Solteiro,Enfermagem,Ensino Secundário,100.0,Português,134.3,0,0,1,Feminino,0,0,12,17,21,17,13.394736842105198,0,11,17,19,17,13.5547368421052,0,16.2,0.3,-0.92,Graduado,Graduado,0,0
Solteiro,Serviço Social,Ensino Secundário,151.0,Português,138.4,0,0,1,Feminino,1,0,0,6,8,6,14.25,0,0,6,8,6,11.0,0,12.7,3.7,-1.7,Graduado,Graduado,0,0
Solteiro,Serviço Social (prestação nocturna),Ensino Secundário,120.0,Português,120.0,0,0,1,Feminino,0,0,9,11,19,9,13.444444444444397,1,5,7,7,7,14.714285714285703,0,7.6,2.6,0.32,Desistente,Desistente,1,1
Solteiro,Enfermagem,Ensino Secundário,135.0,Português,123.5,0,0,1,Feminino,1,0,0,7,8,7,12.285714285714198,0,0,8,10,8,11.7375,0,12.4,0.5,1.79,Graduado,Graduado,0,0
Solteiro,Design de Comunicação,Ensino Secundário,121.0,Português,116.1,0,0,1,Feminino,0,0,0,6,7,6,11.666666666666602,0,0,6,7,5,13.2,0,12.7,3.7,-1.7,Graduado,Graduado,0,0
Solteiro,Turismo,Ensino Secundário,116.0,Português,110.8,0,0,1,Feminino,0,0,0,6,8,6,12.166666666666602,0,0,6,6,6,13.5,0,11.1,0.6,2.02,Graduado,Graduado,0,0
Solteiro,Ensino Básico,Ensino Secundário,147.0,Português,142.8,0,0,1,Feminino,0,0,0,6,11,2,10.0,0,0,6,15,2,11.0,0,7.6,2.6,0.32,Desistente,Desistente,1,1
Solteiro,Design de Comunicação,Ensino Secundário,160.0,Português,155.5,0,0,1,Feminino,0,0,0,6,6,6,14.0,0,0,6,6,6,15.0,0,11.1,0.6,2.02,Graduado,Graduado,0,0
Solteiro,Ensino Básico,Ensino Secundário,133.0,Português,126.7,0,0,1,Feminino,0,0,0,6,9,5,11.833333333333304,0,0,6,6,4,12.0,0,15.5,2.8,-4.06,Matriculado,Matriculado,0,
Casado,Jornalismo e Comunicação,Ensino Básico (3º Ciclo),100.0,Português,163.5,0,1,0,Masculino,0,0,0,6,7,1,15.0,0,0,5,12,0,0.0,0,10.8,1.4,1.74,Desistente,Desistente,1,1
Solteiro,Design de Animação e Multimédia,Ensino Secundário,151.0,Brasileiro,161.9,0,0,1,Feminino,1,1,0,0,0,0,0.0,0,0,0,0,0,0.0,0,13.9,-0.3,0.79,Graduado,Graduado,0,0
Solteiro,Turismo,Ensino Secundário,124.0,Brasileiro,123.3,0,0,1,Feminino,0,1,0,6,7,6,10.833333333333304,0,0,6,6,6,10.666666666666602,0,13.9,-0.3,0.79,Graduado,Graduado,0,0
Solteiro,Serviço Social,Curso de Especialização Tecnológica,140.0,Brasileiro,137.5,0,1,1,Feminino,1,1,3,6,7,6,13.142857142857096,0,2,6,6,6,14.0,0,12.4,0.5,1.79,Graduado,Graduado,0,0
Solteiro,Enfermagem Veterinária,Ensino Secundário,170.0,Português,166.6,0,1,0,Feminino,1,0,2,5,8,5,14.4,1,0,5,6,5,14.0,0,12.7,3.7,-1.7,Desistente,Desistente,1,1
Divorciado,Serviço Social,Ensino Básico (3º Ciclo),133.1,Português,103.5,0,0,0,Feminino,0,0,0,6,0,0,0.0,0,0,6,0,0,0.0,0,13.9,-0.3,0.79,Desistente,Desistente,1,1
Divorciado,Agronomia,Ensino Básico (3º Ciclo),133.1,Português,110.0,0,0,1,Masculino,0,0,6,12,17,7,12.0,0,3,12,19,9,11.222222222222198,0,15.5,2.8,-4.06,Graduado,Graduado,0,0
Casado,Gestão (presencial noturno),Ensino Secundário,100.0,Português,128.2,0,0,1,Masculino,0,0,6,10,13,9,12.2,0,4,10,12,10,12.8,0,7.6,2.6,0.32,Graduado,Graduado,0,0
Solteiro,Enfermagem Veterinária,Curso de Especialização Tecnológica,120.0,Português,137.7,0,0,0,Masculino,0,0,3,3,3,3,12.333333333333304,0,2,2,2,2,11.0,0,12.4,0.5,1.79,Desistente,Desistente,1,1
Solteiro,Enfermagem,Ensino Secundário,133.0,Português,128.8,0,0,1,Masculino,0,0,0,7,8,7,11.8375,0,0,8,9,8,12.48125,0,13.9,-0.3,0.79,Graduado,Graduado,0,0
Viúvo,Gestão (presencial noturno),Ensino Secundário,120.0,Português,170.0,0,0,1,Masculino,0,0,0,5,5,5,11.8,0,0,5,6,5,14.0,0,9.4,-0.8,-3.12,Graduado,Graduado,0,0
Divorciado,Gestão,Ensino Básico (3º Ciclo),133.1,Português,116.4,0,1,0,Masculino,0,0,0,5,5,0,0.0,0,0,5,9,0,0.0,0,10.8,1.4,1.74,Desistente,Desistente,1,1
Divorciado,Equincultura,Ensino Básico (3º Ciclo),133.1,Português,100.9,0,0,1,Masculino,0,0,0,6,0,0,0.0,0,0,6,0,0,0.0,0,15.5,2.8,-4.06,Desistente,Desistente,1,1
Casado,Agronomia,Ensino Secundário,133.1,Português,136.0,0,0,1,Masculino,0,0,18,19,19,19,12.684210526315697,0,12,13,13,13,12.384615384615298,0,15.5,2.8,-4.06,Graduado,Graduado,0,0
Solteiro,Turismo,Ensino Secundário,140.0,Português,130.0,0,0,1,Masculino,0,0,0,6,8,6,12.571428571428502,0,0,6,10,4,13.0,0,12.7,3.7,-1.7,Matriculado,Matriculado,0,
Solteiro,Tecnologias de Produção de Biocombustíveis,Ensino Secundário,100.0,Brasileiro,100.0,0,1,0,Masculino,0,1,0,7,18,3,11.25,0,0,7,7,0,0.0,0,16.2,0.3,-0.92,Desistente,Desistente,1,1
Casado,Equincultura,Ensino Básico (3º Ciclo),133.1,Português,157.0,0,0,1,Masculino,0,0,1,5,13,4,14.0,3,1,5,9,4,15.5,2,10.8,1.4,1.74,Graduado,Graduado,0,0
Solteiro,Gestão,Ensino Secundário,143.0,Português,152.1,0,1,1,Masculino,0,0,0,5,15,4,13.333333333333304,0,0,5,6,2,13.5,0,13.9,-0.3,0.79,Desistente,Desistente,1,1
Casado,Serviço Social (prestação nocturna),Ensino Secundário,165.0,Português,162.9,0,0,1,Masculino,0,0,0,6,7,6,13.6666666666666,0,0,6,6,6,13.6666666666666,0,7.6,2.6,0.32,Graduado,Graduado,0,0
Solteiro,Turismo,Ensino Secundário,154.0,Português,137.2,0,0,1,Masculino,0,0,0,6,12,3,10.0,0,0,6,9,5,10.8,0,15.5,2.8,-4.06,Matriculado,Matriculado,0,
Solteiro,Agronomia,Curso de Especialização Tecnológica,140.0,Português,140.0,0,0,1,Masculino,0,0,0,6,12,5,12.6,0,0,6,11,6,11.714285714285698,0,12.4,0.5,1.79,Graduado,Graduado,0,0
Solteiro,Engenharia Informática,Ensino Secundário,140.0,Português,146.5,0,0,1,Masculino,0,0,0,5,10,3,17.333333333333304,0,0,5,11,1,17.0,0,13.9,-0.3,0.79,Desistente,Desistente,1,1
Solteiro,Enfermagem Veterinária,Curso de Especialização Tecnológica,130.0,Português,130.0,0,0,0,Masculino,0,0,2,6,10,5,13.2,0,1,6,21,3,12.0,0,12.4,0.5,1.79,Matriculado,Matriculado,0,
Casado,Gestão,Ensino Básico (3º Ciclo),133.1,Português,128.0,0,0,1,Masculino,0,0,0,5,9,3,14.0,0,0,5,8,3,13.6666666666666,0,8.9,1.4,3.51,Desistente,Desistente,1,1
Solteiro,Higiene Oral,Ensino Superior - Mestrado,190.0,Português,190.0,0,0,1,Masculino,0,0,4,4,4,4,13.875,0,1,1,1,1,12.5,0,11.1,0.6,2.02,Desistente,Desistente,1,1
Casado,Gestão (presencial noturno),Ensino Secundário,120.0,Português,133.2,0,0,1,Masculino,0,0,0,5,5,0,0.0,0,0,5,5,0,0.0,0,7.6,2.6,0.32,Desistente,Desistente,1,1
Solteiro,Serviço Social,Outro - 11º Ano de Escolaridade,100.0,Português,124.3,0,0,1,Masculino,0,0,3,9,9,9,13.1111111111111,0,3,7,7,7,14.8571428571428,0,10.8,1.4,1.74,Graduado,Graduado,0,0
União de Fato,Gestão (presencial noturno),Ensino Secundário,120.0,Português,138.1,0,0,1,Masculino,1,0,0,5,8,5,13.0,0,0,5,11,4,13.333333333333304,2,16.2,0.3,-0.92,Desistente,Desistente,1,1
Casado,Serviço Social (prestação nocturna),Ensino Secundário,133.1,Português,144.3,0,0,1,Masculino,0,0,6,10,10,10,12.5,0,3,7,7,7,12.142857142857096,0,10.8,1.4,1.74,Graduado,Graduado,0,0
Casado,Agronomia,Ensino Secundário,150.0,Português,140.0,0,0,1,Masculino,0,0,17,18,18,18,14.1111111111111,0,11,13,13,13,14.230769230769198,0,15.5,2.8,-4.06,Graduado,Graduado,0,0
Casado,Turismo,Ensino Secundário,120.0,Português,148.3,0,0,1,Masculino,0,0,6,11,11,11,14.7272727272727,0,6,9,9,9,15.777777777777697,0,10.8,1.4,1.74,Graduado,Graduado,0,0
Solteiro,Serviço Social (prestação nocturna),Ensino Secundário,133.1,Português,96.0,0,1,0,Masculino,0,0,0,6,6,0,0.0,0,0,5,6,0,0.0,0,12.4,0.5,1.79,Desistente,Desistente,1,1
Casado,Gestão (presencial noturno),Ensino Básico (3º Ciclo),133.1,Português,121.7,0,0,1,Masculino,0,0,0,5,5,0,0.0,0,0,5,5,0,0.0,0,7.6,2.6,0.32,Desistente,Desistente,1,1
Solteiro,Engenharia Informática,Ensino Secundário,100.0,Português,160.0,0,1,0,Masculino,0,0,0,5,5,0,0.0,0,0,5,5,0,0.0,0,15.5,2.8,-4.06,Desistente,Desistente,1,1
Casado,Enfermagem Veterinária,Ensino Secundário,133.1,Português,110.3,0,0,1,Masculino,0,0,0,5,7,4,13.5,0,0,5,6,5,11.6,0,7.6,2.6,0.32,Graduado,Graduado,0,0
Solteiro,Enfermagem,Ensino Secundário,143.0,Português,129.0,0,0,1,Masculino,0,0,0,8,8,7,13.105714285714196,0,0,8,8,7,13.105714285714196,0,10.8,1.4,1.74,Graduado,Graduado,0,0
Casado,Enfermagem Veterinária,Ensino Secundário,120.0,Português,150.0,0,0,1,Masculino,0,0,0,5,8,5,13.5,2,0,5,5,5,14.4,0,9.4,-0.8,-3.12,Graduado,Graduado,0,0
Solteiro,Serviço Social (prestação nocturna),Ensino Secundário,161.0,Português,100.0,0,0,1,Masculino,0,0,9,13,18,13,11.846153846153797,0,9,11,11,11,12.0,0,12.7,3.7,-1.7,Graduado,Graduado,0,0
Solteiro,Equincultura,12º Ano de Escolaridade - Não Concluído,133.1,Português,107.5,0,0,1,Masculino,0,0,0,5,5,0,0.0,0,0,5,5,0,0.0,0,7.6,2.6,0.32,Desistente,Desistente,1,1
Divorciado,Gestão de Publicidade e Marketing,Ensino Secundário,140.0,Português,170.0,0,1,0,Masculino,0,0,0,6,11,3,14.333333333333304,0,0,6,6,0,0.0,0,12.7,3.7,-1.7,Desistente,Desistente,1,1
Casado,Gestão (presencial noturno),Frequência do Ensino Superior,123.0,Português,123.0,0,0,1,Masculino,0,0,0,5,10,5,15.8,0,0,5,5,5,17.6,0,9.4,-0.8,-3.12,Matriculado,Matriculado,0,
Solteiro,Gestão de Publicidade e Marketing,Ensino Secundário,142.0,Português,138.5,0,0,1,Masculino,0,0,0,6,16,5,13.8,0,0,6,7,5,12.4,0,13.9,-0.3,0.79,Matriculado,Matriculado,0,
Solteiro,Tecnologias de Produção de Biocombustíveis,Ensino Básico (3º Ciclo),133.1,Português,140.0,0,1,1,Masculino,0,0,3,10,18,6,12.666666666666602,0,1,9,11,3,12.0,2,16.2,0.3,-0.92,Desistente,Desistente,1,1
Solteiro,Turismo,Ensino Secundário,115.0,Português,113.6,0,0,1,Masculino,0,0,0,6,10,6,13.0,0,0,6,9,6,12.0,0,11.1,0.6,2.02,Matriculado,Matriculado,0,
Solteiro,Design de Animação e Multimédia,Ensino Secundário,156.0,Português,170.0,0,0,1,Masculino,0,0,0,0,0,0,0.0,0,0,0,0,0,0.0,0,7.6,2.6,0.32,Graduado,Graduado,0,0
Solteiro,Serviço Social (prestação nocturna),Ensino Secundário,140.0,Português,115.5,0,0,0,Masculino,0,0,0,6,6,1,11.0,0,0,6,0,0,0.0,0,10.8,1.4,1.74,Desistente,Desistente,1,1
Solteiro,Equincultura,Ensino Superior - Licenciatura,130.0,Português,130.0,0,0,0,Masculino,0,0,0,5,9,0,0.0,4,0,5,9,0,0.0,3,10.8,1.4,1.74,Desistente,Desistente,1,1
Divorciado,Enfermagem,Ensino Superior - Licenciatura,140.0,Português,140.0,0,0,1,Masculino,0,0,4,7,7,7,15.2,0,6,8,8,8,16.575,0,13.9,-0.3,0.79,Graduado,Graduado,0,0
Solteiro,Gestão de Publicidade e Marketing,Ensino Secundário,140.0,Português,126.6,0,0,1,Masculino,0,0,2,6,7,6,14.428571428571399,0,1,7,8,7,14.375,0,11.1,0.6,2.02,Graduado,Graduado,0,0
Solteiro,Gestão (presencial noturno),Ensino Secundário,133.1,Português,143.2,0,0,1,Masculino,0,0,0,5,5,0,0.0,0,0,5,5,0,0.0,0,11.1,0.6,2.02,Desistente,Desistente,1,1
Solteiro,Design de Animação e Multimédia,Ensino Secundário,131.0,Brasileiro,131.4,0,0,1,Masculino,0,1,0,0,0,0,0.0,0,0,0,0,0,0.0,0,7.6,2.6,0.32,Graduado,Graduado,0,0
Solteiro,Gestão de Publicidade e Marketing,Ensino Secundário,141.0,Português,133.3,0,0,1,Masculino,0,0,0,6,13,4,13.75,0,0,6,8,5,11.2,0,13.9,-0.3,0.79,Matriculado,Matriculado,0,
Solteiro,Jornalismo e Comunicação,Ensino Secundário,120.0,Português,118.3,0,1,0,Masculino,1,0,0,6,11,5,12.166666666666602,0,0,6,15,3,12.0,0,13.9,-0.3,0.79,Desistente,Desistente,1,1
Solteiro,Agronomia,Curso de Especialização Tecnológica,140.0,Português,140.0,0,0,1,Masculino,0,0,0,6,12,5,12.142857142857096,0,0,6,11,5,11.666666666666602,0,13.9,-0.3,0.79,Graduado,Graduado,0,0
Solteiro,Turismo,Ensino Secundário,132.0,Português,124.7,0,0,1,Masculino,0,0,0,6,9,6,12.0,0,0,6,8,5,11.6,0,13.9,-0.3,0.79,Graduado,Graduado,0,0
Casado,Gestão,Ensino Secundário,130.0,Português,140.0,0,0,1,Masculino,0,0,0,5,10,3,11.666666666666602,1,0,5,7,4,12.75,0,9.4,-0.8,-3.12,Graduado,Graduado,0,0
Divorciado,Equincultura,Ensino Secundário,140.0,Português,150.0,0,0,1,Masculino,0,0,0,6,9,0,0.0,0,0,6,6,0,0.0,0,16.2,0.3,-0.92,Desistente,Desistente,1,1
Solteiro,Gestão de Publicidade e Marketing,Ensino Secundário,110.0,Português,115.6,0,0,1,Masculino,0,0,0,6,10,6,11.875,0,0,6,8,5,12.0,0,11.1,0.6,2.02,Graduado,Graduado,0,0
Solteiro,Jornalismo e Comunicação,Ensino Secundário,140.0,Português,116.9,0,0,1,Masculino,0,0,6,11,15,7,11.285714285714198,0,5,7,10,6,12.333333333333304,0,13.9,-0.3,0.79,Matriculado,Matriculado,0,
Solteiro,Turismo,Ensino Secundário,130.0,Português,123.4,0,0,1,Masculino,0,0,0,6,17,2,10.0,0,0,6,15,3,11.333333333333304,0,7.6,2.6,0.32,Desistente,Desistente,1,1
Solteiro,Design de Animação e Multimédia,Ensino Secundário,137.0,Português,146.5,0,1,1,Masculino,0,0,6,12,13,11,12.0,0,4,11,15,10,11.1818181818181,0,8.9,1.4,3.51,Matriculado,Matriculado,0,
Solteiro,Jornalismo e Comunicação,Ensino Secundário,158.0,Português,117.1,0,0,1,Masculino,0,0,1,7,7,6,13.833333333333304,0,1,6,7,5,13.0,0,8.9,1.4,3.51,Desistente,Desistente,1,1
Solteiro,Design de Comunicação,Ensino Secundário,124.0,Português,113.9,0,0,1,Masculino,0,0,0,6,0,0,0.0,0,0,6,0,0,0.0,0,12.4,0.5,1.79,Desistente,Desistente,1,1
Solteiro,Turismo,Ensino Secundário,136.0,Português,128.7,0,0,1,Masculino,0,0,0,6,7,6,14.428571428571399,0,0,6,6,6,12.5,0,8.9,1.4,3.51,Graduado,Graduado,0,0
Solteiro,Enfermagem,Ensino Secundário,142.0,Português,132.9,0,0,1,Masculino,0,0,0,7,8,5,14.2,0,0,7,9,6,12.4,0,12.4,0.5,1.79,Desistente,Desistente,1,1
Solteiro,Gestão (presencial noturno),Ensino Secundário,150.0,Português,123.0,0,0,1,Masculino,0,0,0,5,8,4,11.5,0,0,5,9,3,10.333333333333304,0,12.7,3.7,-1.7,Desistente,Desistente,1,1
Solteiro,Jornalismo e Comunicação,Outro - 11º Ano de Escolaridade,120.0,Português,129.8,0,0,1,Masculino,0,0,0,6,7,5,13.0,0,0,6,6,6,15.0,0,9.4,-0.8,-3.12,Graduado,Graduado,0,0
Casado,Agronomia,Ensino Secundário,149.0,Português,156.1,0,0,0,Masculino,0,0,0,6,6,0,0.0,0,0,6,8,0,0.0,0,15.5,2.8,-4.06,Desistente,Desistente,1,1
Solteiro,Agronomia,Curso de Especialização Tecnológica,130.0,Português,120.0,0,1,0,Masculino,0,0,0,6,12,3,11.333333333333304,0,0,6,13,2,11.0,0,8.9,1.4,3.51,Desistente,Desistente,1,1
Solteiro,Enfermagem Veterinária,Ensino Secundário,110.0,Moçambicano,117.2,0,0,1,Masculino,0,1,13,18,45,18,12.5,12,10,13,26,12,11.428571428571399,6,15.5,2.8,-4.06,Graduado,Graduado,0,0
Solteiro,Gestão de Publicidade e Marketing,Frequência do Ensino Superior,133.1,Português,107.0,0,0,1,Masculino,0,0,0,5,5,0,0.0,0,0,5,5,0,0.0,0,7.6,2.6,0.32,Desistente,Desistente,1,1
Solteiro,Enfermagem,Ensino Secundário,134.0,Português,128.4,0,0,1,Feminino,0,0,0,7,7,7,13.471428571428504,0,0,8,9,8,13.944444444444397,0,16.2,0.3,-0.92,Graduado,Graduado,0,0
Solteiro,Gestão de Publicidade e Marketing,Ensino Secundário,130.0,Português,123.4,0,0,1,Feminino,0,0,0,5,5,4,11.75,0,0,5,5,3,13.333333333333304,0,9.4,-0.8,-3.12,Graduado,Graduado,0,0
Solteiro,Design de Comunicação,Ensino Secundário,141.0,Português,126.7,0,1,1,Feminino,1,0,0,6,9,6,13.333333333333304,0,0,6,10,6,14.6666666666666,0,12.7,3.7,-1.7,Graduado,Graduado,0,0
Solteiro,Enfermagem,Ensino Secundário,123.0,Português,123.0,0,0,1,Feminino,1,0,0,8,8,8,13.105,0,0,8,8,8,13.105,0,9.4,-0.8,-3.12,Graduado,Graduado,0,0
Casado,Gestão (presencial noturno),Ensino Básico (3º Ciclo),133.1,Português,137.2,0,1,0,Feminino,0,0,0,5,5,0,0.0,0,0,5,6,0,0.0,0,10.8,1.4,1.74,Desistente,Desistente,1,1
Solteiro,Design de Comunicação,Ensino Secundário,122.0,Português,125.9,0,0,1,Masculino,1,0,0,6,6,6,15.5,0,0,6,7,6,12.166666666666602,0,12.4,0.5,1.79,Graduado,Graduado,0,0
Solteiro,Design de Animação e Multimédia,Ensino Secundário,132.0,Português,138.0,0,1,0,Masculino,0,0,0,0,0,0,0.0,0,0,0,0,0,0.0,0,15.5,2.8,-4.06,Desistente,Desistente,1,1
Solteiro,Gestão de Publicidade e Marketing,Ensino Secundário,133.1,Brasileiro,128.2,0,1,0,Masculino,0,1,0,6,6,4,11.25,0,0,6,7,3,12.333333333333304,0,8.9,1.4,3.51,Desistente,Desistente,1,1
Solteiro,Gestão (presencial noturno),Ensino Secundário,130.0,Português,126.5,0,0,0,Masculino,0,0,10,15,24,12,11.0,0,10,14,21,11,11.3636363636363,1,7.6,2.6,0.32,Desistente,Desistente,1,1
Solteiro,Turismo,Ensino Secundário,111.0,Português,112.4,0,0,1,Masculino,0,0,0,6,10,6,12.333333333333304,0,0,6,9,4,13.0,0,12.4,0.5,1.79,Graduado,Graduado,0,0
Casado,Gestão,Ensino Secundário,133.1,Português,109.0,0,0,1,Feminino,0,0,4,9,18,8,11.375,2,0,5,11,5,11.8,0,9.4,-0.8,-3.12,Graduado,Graduado,0,0
Solteiro,Agronomia,Ensino Secundário,125.0,Português,100.0,0,0,1,Masculino,0,0,16,18,19,18,12.222222222222198,0,9,12,15,12,12.384615384615298,0,15.5,2.8,-4.06,Graduado,Graduado,0,0
Solteiro,Design de Animação e Multimédia,Ensino Secundário,137.0,Português,144.7,0,0,1,Masculino,0,0,0,0,0,0,0.0,0,0,0,0,0,0.0,0,16.2,0.3,-0.92,Matriculado,Matriculado,0,
Casado,Serviço Social (prestação nocturna),Ensino Básico (3º Ciclo),100.0,Português,120.0,0,0,1,Masculino,0,0,5,9,11,9,12.0,0,3,7,8,6,12.0,0,9.4,-0.8,-3.12,Graduado,Graduado,0,0
Solteiro,Gestão,Ensino Secundário,133.1,Angolano,100.0,0,1,1,Masculino,0,1,0,5,10,1,11.0,0,0,5,10,1,10.0,0,11.1,0.6,2.02,Matriculado,Matriculado,0,
Casado,Serviço Social (prestação nocturna),Curso de Especialização Tecnológica,150.0,Português,154.0,0,0,1,Masculino,0,0,12,16,17,16,14.125,0,6,11,14,10,13.0,0,12.4,0.5,1.79,Graduado,Graduado,0,0
Solteiro,Gestão,Ensino Secundário,120.0,Português,111.3,0,0,1,Masculino,0,0,0,5,8,5,10.2,0,0,5,7,5,11.2,0,12.4,0.5,1.79,Matriculado,Matriculado,0,
Solteiro,Equincultura,Curso de Especialização Tecnológica,150.0,Português,150.0,0,0,1,Feminino,0,0,0,5,7,4,12.0,1,0,5,6,4,12.4,0,10.8,1.4,1.74,Matriculado,Matriculado,0,
Solteiro,Gestão (presencial noturno),Ensino Superior - Licenciatura (1º Ciclo),133.1,Português,100.0,0,0,1,Feminino,0,0,8,9,11,9,12.333333333333304,0,4,7,7,7,12.571428571428502,0,12.4,0.5,1.79,Graduado,Graduado,0,0
Casado,Serviço Social (prestação nocturna),Ensino Secundário,133.1,Português,162.5,0,0,1,Masculino,0,0,4,9,9,9,14.333333333333304,0,2,7,7,7,13.8571428571428,0,8.9,1.4,3.51,Graduado,Graduado,0,0
Solteiro,Gestão de Publicidade e Marketing,Ensino Secundário,132.0,Português,134.1,0,0,1,Masculino,0,0,0,6,6,6,15.1666666666666,0,0,6,9,6,14.0,0,10.8,1.4,1.74,Graduado,Graduado,0,0
Solteiro,Enfermagem Veterinária,Ensino Secundário,134.0,Português,133.0,0,0,1,Feminino,1,0,0,6,8,6,15.142857142857096,0,0,6,8,6,15.142857142857096,0,11.1,0.6,2.02,Graduado,Graduado,0,0
Solteiro,Jornalismo e Comunicação,Ensino Secundário,126.0,Português,119.0,0,0,1,Feminino,0,0,0,6,0,0,0.0,0,0,6,0,0,0.0,0,12.4,0.5,1.79,Desistente,Desistente,1,1
Solteiro,Enfermagem,Ensino Secundário,136.0,Português,131.1,0,0,1,Feminino,0,0,0,7,9,6,13.411428571428502,0,0,8,12,7,13.2944444444444,0,15.5,2.8,-4.06,Matriculado,Matriculado,0,
Solteiro,Serviço Social,Ensino Secundário,129.0,Português,129.4,0,0,1,Feminino,0,0,0,6,7,6,12.333333333333304,0,0,6,7,6,12.166666666666602,0,9.4,-0.8,-3.12,Graduado,Graduado,0,0
Solteiro,Enfermagem Veterinária,Ensino Secundário,126.0,Português,123.9,0,0,1,Feminino,0,0,0,6,13,4,11.8,0,0,6,18,4,12.2,0,12.4,0.5,1.79,Matriculado,Matriculado,0,
Solteiro,Enfermagem Veterinária,Curso de Especialização Tecnológica,140.0,Português,140.0,0,1,1,Feminino,0,0,2,6,9,6,12.0,0,1,6,12,3,12.0,0,13.9,-0.3,0.79,Desistente,Desistente,1,1
Solteiro,Enfermagem Veterinária,Ensino Secundário,162.0,Português,162.0,0,0,1,Feminino,0,0,0,6,7,6,15.0,0,0,6,8,6,15.625,0,12.4,0.5,1.79,Graduado,Graduado,0,0
Solteiro,Design de Animação e Multimédia,Ensino Secundário,148.0,Português,131.6,0,0,1,Feminino,0,0,6,12,12,8,13.875,0,4,11,13,9,12.7,1,8.9,1.4,3.51,Desistente,Desistente,1,1
Solteiro,Ensino Básico,Ensino Secundário,119.0,Português,110.6,0,0,1,Feminino,0,0,0,7,9,6,11.833333333333304,0,0,7,7,6,14.333333333333304,0,11.1,0.6,2.02,Matriculado,Matriculado,0,
Solteiro,Jornalismo e Comunicação,Ensino Secundário,123.0,Português,117.4,0,0,1,Feminino,1,0,0,6,6,6,12.5,0,0,6,6,6,13.833333333333304,0,16.2,0.3,-0.92,Graduado,Graduado,0,0
Solteiro,Jornalismo e Comunicação,Ensino Secundário,150.0,Português,137.8,0,0,1,Feminino,1,0,0,6,6,6,15.0,0,0,6,6,6,15.5,0,8.9,1.4,3.51,Graduado,Graduado,0,0
Solteiro,Gestão de Publicidade e Marketing,Ensino Secundário,113.0,Português,106.7,0,1,1,Feminino,0,0,0,6,10,2,11.666666666666602,0,0,6,10,4,10.5,0,15.5,2.8,-4.06,Desistente,Desistente,1,1
Solteiro,Enfermagem,Ensino Secundário,152.0,Português,156.9,0,0,1,Feminino,1,0,0,7,10,7,14.668000000000001,0,0,8,8,8,14.633750000000001,0,15.5,2.8,-4.06,Graduado,Graduado,0,0
Solteiro,Enfermagem,Ensino Secundário,154.0,Português,129.0,0,0,1,Feminino,0,0,0,8,9,6,13.344999999999999,2,0,8,9,6,13.344999999999999,2,9.4,-0.8,-3.12,Matriculado,Matriculado,0,
Solteiro,Jornalismo e Comunicação,Ensino Secundário,130.0,Português,124.8,0,0,1,Feminino,1,0,0,6,7,5,12.8,0,0,6,6,6,12.333333333333304,0,12.4,0.5,1.79,Graduado,Graduado,0,0
Solteiro,Serviço Social,Ensino Secundário,121.0,Português,115.1,0,0,1,Feminino,0,0,0,6,10,6,10.833333333333304,0,0,6,7,6,12.142857142857096,0,11.1,0.6,2.02,Graduado,Graduado,0,0
Solteiro,Design de Comunicação,Ensino Secundário,153.0,Português,146.7,0,0,1,Feminino,0,0,0,6,6,6,13.6666666666666,0,0,6,6,5,14.0,0,12.7,3.7,-1.7,Graduado,Graduado,0,0
Solteiro,Enfermagem,Ensino Secundário,148.0,Português,132.8,0,0,1,Feminino,0,0,0,8,8,7,14.5371428571428,0,0,8,8,7,14.5371428571428,0,10.8,1.4,1.74,Graduado,Graduado,0,0
Solteiro,Enfermagem Veterinária,Ensino Secundário,143.0,Português,159.1,0,1,1,Feminino,1,0,0,5,5,5,14.4,0,0,5,5,5,14.0,0,7.6,2.6,0.32,Desistente,Desistente,1,1
Solteiro,Design de Animação e Multimédia,Ensino Secundário,147.0,Português,137.6,0,0,1,Feminino,1,0,0,0,0,0,0.0,0,0,0,0,0,0.0,0,12.7,3.7,-1.7,Graduado,Graduado,0,0
Solteiro,Jornalismo e Comunicação,Ensino Secundário,138.0,Português,124.0,0,0,1,Feminino,1,0,0,6,6,6,13.1666666666666,0,0,6,6,6,13.833333333333304,0,11.1,0.6,2.02,Graduado,Graduado,0,0
Solteiro,Enfermagem,Ensino Secundário,120.0,Português,149.0,0,0,0,Masculino,0,0,0,6,15,2,11.5,0,0,7,9,0,0.0,0,15.5,2.8,-4.06,Desistente,Desistente,1,1
Solteiro,Serviço Social,Ensino Secundário,145.0,Português,129.6,0,0,1,Feminino,1,0,0,6,7,6,11.333333333333304,0,0,6,7,6,12.428571428571399,0,11.1,0.6,2.02,Graduado,Graduado,0,0
Solteiro,Serviço Social,Ensino Secundário,118.0,Português,110.0,0,0,1,Feminino,0,0,0,6,6,6,12.0,0,0,6,6,5,13.6,0,8.9,1.4,3.51,Graduado,Graduado,0,0
Solteiro,Jornalismo e Comunicação,Ensino Secundário,121.0,Português,116.1,0,0,1,Feminino,1,0,0,6,6,6,13.1666666666666,0,0,6,6,6,12.166666666666602,0,12.4,0.5,1.79,Graduado,Graduado,0,0
Solteiro,Jornalismo e Comunicação,Ensino Secundário,135.0,Português,133.3,0,0,1,Feminino,1,0,0,6,6,6,14.833333333333304,0,0,6,6,6,14.1666666666666,0,8.9,1.4,3.51,Graduado,Graduado,0,0
Solteiro,Design de Comunicação,Ensino Secundário,140.0,Português,144.3,0,0,1,Feminino,0,0,2,7,7,7,13.0,0,5,9,9,9,13.2222222222222,0,12.4,0.5,1.79,Graduado,Graduado,0,0
Solteiro,Enfermagem,Ensino Secundário,145.0,Português,133.6,0,0,1,Feminino,0,0,0,7,8,7,13.087142857142803,0,0,8,8,8,12.95,0,11.1,0.6,2.02,Graduado,Graduado,0,0
Solteiro,Equincultura,Ensino Secundário,133.0,Português,123.2,0,0,1,Feminino,1,0,0,6,8,6,13.333333333333304,0,0,6,7,6,13.6666666666666,0,8.9,1.4,3.51,Graduado,Graduado,0,0
Solteiro,Ensino Básico,Ensino Secundário,127.0,Português,137.2,0,0,1,Feminino,0,0,0,6,7,6,12.166666666666602,0,0,6,10,4,12.75,0,10.8,1.4,1.74,Matriculado,Matriculado,0,
Solteiro,Design de Comunicação,Curso Técnico Superior Profissional,130.0,Português,130.0,0,0,0,Feminino,1,0,0,6,8,6,11.0,0,0,6,10,4,12.0,0,8.9,1.4,3.51,Matriculado,Matriculado,0,
Solteiro,Serviço Social,Ensino Secundário,117.0,Português,110.0,0,1,0,Feminino,0,0,0,6,0,0,0.0,0,0,6,0,0,0.0,0,11.1,0.6,2.02,Desistente,Desistente,1,1
Solteiro,Gestão,Ensino Secundário,125.0,Português,118.0,0,0,1,Feminino,0,0,0,5,7,5,13.6,0,0,5,6,5,12.2,0,8.9,1.4,3.51,Graduado,Graduado,0,0
Solteiro,Jornalismo e Comunicação,Ensino Secundário,141.0,Português,128.4,0,0,1,Feminino,0,0,0,6,6,6,15.5,0,0,6,6,6,14.0,0,11.1,0.6,2.02,Graduado,Graduado,0,0
Solteiro,Ensino Básico,Ensino Secundário,122.0,Português,113.6,0,0,1,Feminino,0,0,0,7,7,7,13.8571428571428,0,0,7,7,7,14.285714285714198,0,11.1,0.6,2.02,Graduado,Graduado,0,0
Solteiro,Gestão,Ensino Secundário,118.0,Português,113.5,0,1,1,Feminino,0,0,0,5,10,2,11.5,0,0,5,8,3,10.0,0,11.1,0.6,2.02,Matriculado,Matriculado,0,
Solteiro,Design de Comunicação,Ensino Secundário,142.0,Português,146.9,0,0,1,Feminino,1,0,0,6,6,6,13.0,0,0,6,6,6,12.166666666666602,0,16.2,0.3,-0.92,Graduado,Graduado,0,0
Solteiro,Equincultura,Ensino Secundário,143.0,Português,141.3,0,1,0,Feminino,0,0,0,6,10,6,14.0,0,0,6,11,4,13.0,0,11.1,0.6,2.02,Matriculado,Matriculado,0,
Solteiro,Jornalismo e Comunicação,Ensino Secundário,143.0,Português,129.7,0,0,1,Feminino,0,0,0,4,4,0,0.0,0,0,6,0,0,0.0,0,8.9,1.4,3.51,Desistente,Desistente,1,1
Solteiro,Design de Comunicação,Ensino Secundário,123.0,Português,121.3,0,0,1,Feminino,0,0,0,6,6,6,11.166666666666602,0,0,6,9,6,11.5,0,12.4,0.5,1.79,Matriculado,Matriculado,0,
Solteiro,Serviço Social,Ensino Secundário,115.0,Português,109.1,0,1,0,Feminino,1,0,0,6,0,0,0.0,0,0,6,0,0,0.0,0,12.4,0.5,1.79,Desistente,Desistente,1,1
Solteiro,Ensino Básico,Ensino Secundário,112.0,Português,107.1,0,0,1,Feminino,1,0,0,7,8,7,12.142857142857096,0,0,7,9,6,13.6666666666666,0,11.1,0.6,2.02,Graduado,Graduado,0,0
Solteiro,Enfermagem,Ensino Secundário,135.0,Português,129.2,0,0,1,Feminino,1,0,0,7,7,7,14.145714285714197,0,0,8,9,8,13.627777777777698,0,11.1,0.6,2.02,Graduado,Graduado,0,0
Solteiro,Enfermagem,Ensino Secundário,162.0,Português,154.1,0,0,1,Feminino,0,0,0,7,7,7,14.45,0,0,8,9,8,14.144444444444398,0,11.1,0.6,2.02,Graduado,Graduado,0,0
Solteiro,Ensino Básico,Ensino Secundário,143.0,Português,147.2,0,0,1,Feminino,0,0,0,7,7,7,15.714285714285703,0,0,7,7,7,15.0,0,11.1,0.6,2.02,Graduado,Graduado,0,0
Solteiro,Gestão,Ensino Secundário,130.0,Português,120.0,0,0,1,Feminino,0,0,0,5,9,5,12.8,0,0,5,11,3,12.666666666666602,0,11.1,0.6,2.02,Matriculado,Matriculado,0,
Solteiro,Design de Comunicação,Ensino Secundário,136.0,Português,130.8,0,0,1,Feminino,0,0,0,6,6,6,12.5,0,0,6,8,6,11.5,0,10.8,1.4,1.74,Matriculado,Matriculado,0,
Solteiro,Design de Comunicação,Ensino Secundário,125.0,Português,120.8,0,0,1,Feminino,0,0,0,6,6,6,14.5,0,0,6,6,6,12.833333333333304,0,12.4,0.5,1.79,Graduado,Graduado,0,0
Solteiro,Enfermagem,Ensino Secundário,132.0,Português,125.4,0,0,0,Feminino,1,0,0,7,7,7,13.462857142857098,0,0,8,10,7,13.1642857142857,0,11.1,0.6,2.02,Matriculado,Matriculado,0,
Solteiro,Serviço Social (prestação nocturna),Ensino Secundário,123.0,Português,121.3,0,0,1,Feminino,0,0,0,6,6,6,12.833333333333304,0,0,6,6,6,12.833333333333304,0,7.6,2.6,0.32,Graduado,Graduado,0,0
Solteiro,Gestão,Ensino Secundário,142.0,Português,127.0,0,0,1,Feminino,1,0,0,5,10,5,12.0,0,0,5,8,4,11.6,0,13.9,-0.3,0.79,Graduado,Graduado,0,0
Solteiro,Design de Animação e Multimédia,Ensino Secundário,147.0,Português,151.6,0,0,1,Feminino,0,0,0,0,0,0,0.0,0,0,0,0,0,0.0,0,13.9,-0.3,0.79,Graduado,Graduado,0,0
Solteiro,Enfermagem Veterinária,Ensino Secundário,140.0,Espanhol,131.6,0,0,1,Feminino,0,1,0,7,9,6,14.714285714285703,0,1,7,16,6,13.2,0,12.4,0.5,1.79,Matriculado,Matriculado,0,
Solteiro,Serviço Social,Ensino Secundário,133.1,Português,106.0,0,0,1,Feminino,1,0,0,6,7,6,12.571428571428502,0,0,6,7,6,13.285714285714198,0,12.4,0.5,1.79,Graduado,Graduado,0,0
Solteiro,Jornalismo e Comunicação,Ensino Secundário,114.0,Português,111.6,0,0,1,Feminino,1,0,0,6,6,6,12.5,0,0,6,6,6,11.5,0,11.1,0.6,2.02,Graduado,Graduado,0,0
Solteiro,Gestão de Publicidade e Marketing,Ensino Secundário,125.0,Português,117.3,0,0,1,Feminino,0,0,0,6,8,6,14.0,0,0,6,9,5,14.0,0,8.9,1.4,3.51,Graduado,Graduado,0,0
Solteiro,Ensino Básico,Ensino Secundário,127.0,Português,121.4,0,0,1,Feminino,0,0,0,7,8,7,11.571428571428502,0,0,7,9,6,13.1666666666666,0,11.1,0.6,2.02,Desistente,Desistente,1,1
Solteiro,Design de Comunicação,Ensino Secundário,132.0,Português,126.1,0,0,1,Feminino,1,0,0,6,6,6,15.833333333333304,0,0,6,6,6,15.333333333333304,0,11.1,0.6,2.02,Graduado,Graduado,0,0
Solteiro,Enfermagem,Ensino Secundário,148.0,Português,137.0,0,0,1,Feminino,0,0,0,8,8,8,14.25,0,0,8,8,8,14.25,0,9.4,-0.8,-3.12,Graduado,Graduado,0,0
Solteiro,Gestão de Publicidade e Marketing,Ensino Secundário,139.0,Português,120.8,0,0,1,Feminino,0,0,0,6,0,0,0.0,0,0,6,0,0,0.0,0,15.5,2.8,-4.06,Desistente,Desistente,1,1
Solteiro,Turismo,Ensino Secundário,136.0,Português,128.7,0,0,1,Feminino,0,0,0,6,8,6,11.666666666666602,0,0,6,10,6,11.0,0,13.9,-0.3,0.79,Desistente,Desistente,1,1
Solteiro,Serviço Social,12º Ano de Escolaridade - Não Concluído,133.1,Português,118.0,0,0,1,Feminino,0,0,0,6,12,0,0.0,0,0,5,10,0,0.0,0,7.6,2.6,0.32,Desistente,Desistente,1,1
Solteiro,Equincultura,Ensino Secundário,120.0,Espanhol,120.0,0,1,1,Feminino,0,1,2,5,9,5,13.2,2,0,5,7,2,12.5,2,10.8,1.4,1.74,Matriculado,Matriculado,0,
Casado,Equincultura,Ensino Secundário,130.0,Português,160.0,0,0,1,Masculino,0,0,1,6,11,2,12.0,1,1,6,12,1,10.0,1,16.2,0.3,-0.92,Desistente,Desistente,1,1
Casado,Engenharia Informática,Ensino Secundário,110.0,Português,150.0,0,0,1,Masculino,0,0,0,5,6,0,0.0,0,0,5,5,0,0.0,0,7.6,2.6,0.32,Desistente,Desistente,1,1
Solteiro,Engenharia Informática,Ensino Secundário,133.0,Português,121.8,0,0,1,Masculino,0,0,0,5,9,4,12.0,0,0,5,10,2,11.0,0,8.9,1.4,3.51,Matriculado,Matriculado,0,
Solteiro,Engenharia Informática,Ensino Secundário,138.0,Português,125.4,1,0,1,Masculino,0,0,0,5,10,3,13.333333333333304,0,0,5,9,4,10.75,0,8.9,1.4,3.51,Desistente,Desistente,1,1
Solteiro,Higiene Oral,Ensino Secundário,131.0,Português,126.6,0,0,1,Masculino,0,0,0,7,11,5,12.414285714285697,0,0,7,13,2,13.5,0,8.9,1.4,3.51,Matriculado,Matriculado,0,
Solteiro,Equincultura,Curso de Especialização Tecnológica,150.0,Português,150.0,0,0,0,Masculino,0,0,0,5,5,0,0.0,0,0,5,5,0,0.0,0,12.7,3.7,-1.7,Desistente,Desistente,1,1
Solteiro,Gestão,Ensino Secundário,125.0,Português,114.5,0,0,1,Masculino,0,0,0,5,5,5,13.8,0,0,5,7,5,12.4,0,9.4,-0.8,-3.12,Graduado,Graduado,0,0
Solteiro,Gestão,Ensino Secundário,108.0,Brasileiro,107.0,0,1,0,Feminino,0,1,0,5,14,0,0.0,0,0,5,5,0,0.0,0,8.9,1.4,3.51,Desistente,Desistente,1,1
Solteiro,Gestão,Ensino Secundário,116.0,Português,115.7,0,0,0,Masculino,0,0,0,5,10,4,11.5,0,0,5,11,4,14.0,0,8.9,1.4,3.51,Matriculado,Matriculado,0,
Solteiro,Equincultura,Ensino Secundário,133.1,Português,120.0,0,1,0,Masculino,0,0,0,5,11,0,0.0,4,0,5,6,0,0.0,1,9.4,-0.8,-3.12,Desistente,Desistente,1,1
Solteiro,Enfermagem,Ensino Secundário,147.0,Português,134.8,0,0,1,Feminino,0,0,0,7,7,6,14.0166666666666,0,0,7,7,6,14.0166666666666,0,7.6,2.6,0.32,Graduado,Graduado,0,0
Solteiro,Serviço Social,Ensino Secundário,143.0,Português,133.6,0,0,1,Feminino,0,0,0,6,9,5,11.4,0,0,6,8,5,10.8,0,9.4,-0.8,-3.12,Graduado,Graduado,0,0
Solteiro,Design de Animação e Multimédia,Ensino Secundário,115.0,Português,129.0,0,1,0,Feminino,1,0,0,0,0,0,0.0,0,0,0,0,0,0.0,0,9.4,-0.8,-3.12,Desistente,Desistente,1,1
Casado,Gestão (presencial noturno),Ensino Secundário,160.0,Português,128.4,0,0,1,Feminino,0,0,0,5,12,5,10.4,0,0,5,11,5,12.0,0,12.4,0.5,1.79,Graduado,Graduado,0,0
Solteiro,Gestão,Ensino Secundário,118.0,Português,122.2,0,0,1,Feminino,0,0,0,5,11,3,10.666666666666602,0,0,5,9,4,10.25,0,11.1,0.6,2.02,Graduado,Graduado,0,0
Solteiro,Enfermagem Veterinária,Ensino Secundário,122.0,Português,113.3,0,0,1,Feminino,0,0,0,5,9,4,14.25,0,0,5,8,5,12.714285714285698,0,10.8,1.4,1.74,Matriculado,Matriculado,0,
Solteiro,Enfermagem,Ensino Secundário,143.0,Português,129.9,0,0,1,Feminino,1,0,3,7,7,7,13.914285714285702,0,5,8,8,8,14.10625,0,11.1,0.6,2.02,Graduado,Graduado,0,0
Solteiro,Enfermagem,Ensino Secundário,133.0,Português,126.2,0,0,1,Feminino,0,0,0,7,9,7,13.7611111111111,0,0,8,11,7,12.82375,0,15.5,2.8,-4.06,Graduado,Graduado,0,0
Solteiro,Ensino Básico,Ensino Secundário,122.0,Português,112.6,0,0,1,Feminino,0,0,0,6,10,5,12.6,0,0,6,9,4,11.25,0,12.7,3.7,-1.7,Matriculado,Matriculado,0,
Solteiro,Serviço Social,Ensino Secundário,164.0,Português,149.0,0,0,1,Feminino,1,0,0,6,7,6,13.8571428571428,0,0,6,6,6,14.1666666666666,0,10.8,1.4,1.74,Graduado,Graduado,0,0
Casado,Enfermagem,Ensino Secundário,133.1,Português,120.0,0,0,1,Masculino,1,0,0,8,8,7,13.842857142857095,0,0,8,8,7,13.842857142857095,0,12.7,3.7,-1.7,Graduado,Graduado,0,0
Solteiro,Engenharia Informática,Ensino Secundário,127.0,Português,120.4,0,1,0,Masculino,0,0,0,5,12,0,0.0,0,0,5,8,0,0.0,0,9.4,-0.8,-3.12,Matriculado,Matriculado,0,
Solteiro,Jornalismo e Comunicação,Ensino Secundário,140.0,Português,128.1,1,0,1,Masculino,0,0,0,6,6,5,11.8,0,0,6,9,0,0.0,0,16.2,0.3,-0.92,Desistente,Desistente,1,1
Solteiro,Serviço Social,Ensino Secundário,127.0,Português,141.7,0,0,1,Masculino,0,0,0,6,6,6,12.666666666666602,0,0,6,6,6,13.833333333333304,0,10.8,1.4,1.74,Desistente,Desistente,1,1
Solteiro,Agronomia,Outro - 11º Ano de Escolaridade,133.1,Português,130.0,0,0,1,Masculino,0,0,0,6,6,0,0.0,0,0,6,6,0,0.0,0,11.1,0.6,2.02,Desistente,Desistente,1,1
Solteiro,Engenharia Informática,Ensino Secundário,115.0,Português,113.3,0,0,1,Masculino,0,0,0,5,7,0,0.0,0,0,5,5,0,0.0,0,7.6,2.6,0.32,Desistente,Desistente,1,1
Solteiro,Jornalismo e Comunicação,Ensino Secundário,108.0,Português,105.9,0,0,1,Masculino,0,0,0,6,11,4,10.75,0,0,6,13,2,10.0,0,7.6,2.6,0.32,Desistente,Desistente,1,1
Solteiro,Engenharia Informática,Ensino Secundário,136.0,Português,122.7,0,0,1,Masculino,0,0,0,5,7,5,12.6,0,0,5,9,3,13.25,0,13.9,-0.3,0.79,Desistente,Desistente,1,1
Solteiro,Gestão,Outro - 11º Ano de Escolaridade,133.1,Português,120.0,0,1,0,Masculino,0,0,0,5,5,0,0.0,0,0,5,5,0,0.0,0,9.4,-0.8,-3.12,Desistente,Desistente,1,1
Solteiro,Design de Comunicação,Curso de Especialização Tecnológica,120.0,Português,119.8,0,0,1,Masculino,0,0,2,7,7,2,12.0,0,5,9,10,7,12.142857142857096,0,12.4,0.5,1.79,Desistente,Desistente,1,1
Solteiro,Gestão de Publicidade e Marketing,Ensino Secundário,133.1,Português,122.9,0,1,0,Masculino,0,0,0,6,7,3,14.0,0,0,6,9,2,14.5,0,13.9,-0.3,0.79,Desistente,Desistente,1,1
Solteiro,Enfermagem Veterinária,Curso de Especialização Tecnológica,160.0,Português,160.0,1,0,0,Masculino,0,0,2,6,6,6,14.0,0,1,6,11,6,13.5,0,12.4,0.5,1.79,Desistente,Desistente,1,1
Solteiro,Enfermagem,Ensino Secundário,128.0,Português,125.2,0,0,1,Masculino,1,0,0,7,7,7,14.682857142857097,0,0,8,9,8,15.0555555555555,0,12.4,0.5,1.79,Graduado,Graduado,0,0
Solteiro,Engenharia Informática,Ensino Superior - Licenciatura,130.0,Português,143.4,0,0,1,Masculino,0,0,0,3,3,0,0.0,3,0,5,0,0,0.0,0,10.8,1.4,1.74,Desistente,Desistente,1,1
Solteiro,Engenharia Informática,Ensino Básico (3º Ciclo),133.1,Português,96.7,0,0,1,Masculino,1,0,0,5,6,0,0.0,0,0,5,7,0,0.0,0,12.4,0.5,1.79,Desistente,Desistente,1,1
Solteiro,Turismo,Ensino Secundário,137.0,Português,126.9,0,0,1,Masculino,0,0,0,6,7,6,13.8571428571428,0,0,6,7,5,12.8,0,16.2,0.3,-0.92,Graduado,Graduado,0,0
Solteiro,Design de Animação e Multimédia,Ensino Secundário,163.0,Português,143.1,0,0,1,Masculino,0,0,0,0,0,0,0.0,0,0,0,0,0,0.0,0,9.4,-0.8,-3.12,Graduado,Graduado,0,0
Solteiro,Turismo,Ensino Secundário,125.0,Português,114.5,0,0,1,Masculino,0,0,0,6,8,6,13.142857142857096,0,0,6,7,6,12.5,0,8.9,1.4,3.51,Graduado,Graduado,0,0
Casado,Engenharia Informática,Ensino Secundário,120.0,Português,140.0,0,0,1,Masculino,0,0,0,5,14,1,18.0,0,0,5,9,2,13.0,0,9.4,-0.8,-3.12,Desistente,Desistente,1,1
Solteiro,Gestão (presencial noturno),Ensino Secundário,150.0,Português,113.7,0,0,1,Masculino,0,0,11,15,15,13,11.4615384615384,0,6,11,15,10,11.583333333333304,1,16.2,0.3,-0.92,Graduado,Graduado,0,0
Solteiro,Higiene Oral,Ensino Secundário,135.0,Português,131.5,0,0,1,Masculino,1,0,0,7,14,5,11.2,0,0,8,11,6,11.583333333333304,0,16.2,0.3,-0.92,Matriculado,Matriculado,0,
Solteiro,Agronomia,Ensino Secundário,148.0,Português,143.5,0,1,1,Masculino,0,0,0,6,6,5,15.0,0,0,6,8,4,14.5,0,8.9,1.4,3.51,Graduado,Graduado,0,0
Solteiro,Enfermagem,Ensino Secundário,138.0,Português,126.8,0,0,1,Masculino,1,0,0,7,9,7,14.244444444444397,0,0,8,12,8,12.233333333333302,0,15.5,2.8,-4.06,Graduado,Graduado,0,0
Solteiro,Design de Comunicação,Ensino Secundário,119.0,Português,115.2,0,0,1,Masculino,1,0,0,6,8,4,11.5,0,0,6,7,5,11.0,0,15.5,2.8,-4.06,Desistente,Desistente,1,1
Solteiro,Higiene Oral,Ensino Secundário,130.0,Português,100.0,0,0,1,Masculino,1,0,0,7,7,2,10.0,0,0,7,7,0,0.0,0,15.5,2.8,-4.06,Desistente,Desistente,1,1
Solteiro,Gestão de Publicidade e Marketing,Ensino Secundário,135.0,Português,121.4,0,0,1,Masculino,0,0,0,5,7,3,12.333333333333304,0,0,5,5,5,11.6,0,9.4,-0.8,-3.12,Graduado,Graduado,0,0
Solteiro,Design de Comunicação,Curso de Especialização Tecnológica,120.0,Português,120.0,0,0,1,Masculino,0,0,2,7,8,5,12.2,0,5,9,10,7,12.142857142857096,1,16.2,0.3,-0.92,Desistente,Desistente,1,1
Solteiro,Design de Comunicação,Ensino Secundário,126.0,Português,129.9,0,0,1,Masculino,1,0,0,6,6,6,13.6666666666666,0,0,6,7,5,13.2,0,12.4,0.5,1.79,Graduado,Graduado,0,0
Solteiro,Design de Animação e Multimédia,Ensino Secundário,149.0,Português,151.1,0,0,1,Masculino,0,0,0,0,0,0,0.0,0,0,0,0,0,0.0,0,9.4,-0.8,-3.12,Graduado,Graduado,0,0
Solteiro,Agronomia,Ensino Secundário,110.0,Português,120.0,0,1,0,Masculino,0,0,0,6,15,1,11.0,0,0,6,10,0,0.0,0,16.2,0.3,-0.92,Desistente,Desistente,1,1
Solteiro,Agronomia,Ensino Secundário,133.1,Português,130.0,0,1,0,Masculino,0,0,0,6,8,3,13.0,0,4,10,14,6,11.428571428571399,0,16.2,0.3,-0.92,Desistente,Desistente,1,1
Solteiro,Enfermagem,Ensino Secundário,127.0,Português,119.0,0,0,1,Feminino,1,0,0,8,12,7,12.5999999999999,0,0,8,12,7,12.5999999999999,0,10.8,1.4,1.74,Graduado,Graduado,0,0
Solteiro,Jornalismo e Comunicação,Frequência do Ensino Superior,120.0,Português,122.0,0,0,1,Feminino,0,0,8,10,11,10,12.2,0,5,10,12,9,12.333333333333304,0,7.6,2.6,0.32,Graduado,Graduado,0,0
Solteiro,Jornalismo e Comunicação,Ensino Secundário,136.0,Português,129.7,0,0,1,Feminino,0,0,0,6,6,6,13.1666666666666,0,0,6,6,6,13.0,0,7.6,2.6,0.32,Graduado,Graduado,0,0
Solteiro,Serviço Social,Ensino Secundário,110.0,Português,112.5,0,0,1,Feminino,1,0,4,7,16,6,11.0,0,2,7,9,7,11.0,0,9.4,-0.8,-3.12,Graduado,Graduado,0,0
Solteiro,Enfermagem,Ensino Secundário,136.0,Português,136.0,0,0,1,Feminino,1,0,0,7,7,7,14.014285714285702,0,0,8,8,8,15.35,0,13.9,-0.3,0.79,Graduado,Graduado,0,0
Solteiro,Jornalismo e Comunicação,Ensino Secundário,145.0,Português,133.1,0,0,1,Feminino,1,0,0,6,9,4,13.0,0,0,6,13,4,11.25,0,10.8,1.4,1.74,Graduado,Graduado,0,0
Solteiro,Jornalismo e Comunicação,Ensino Secundário,159.0,Português,151.3,0,0,1,Feminino,0,0,0,6,6,6,14.0,0,0,6,6,6,14.6666666666666,0,10.8,1.4,1.74,Graduado,Graduado,0,0
Solteiro,Design de Animação e Multimédia,Ensino Secundário,147.0,Português,133.3,0,0,0,Feminino,0,0,0,0,0,0,0.0,0,0,0,0,0,0.0,0,16.2,0.3,-0.92,Desistente,Desistente,1,1
Solteiro,Enfermagem,Ensino Secundário,150.0,Português,130.8,0,0,1,Feminino,1,0,0,8,8,7,14.428571428571399,0,0,8,8,7,14.428571428571399,0,12.7,3.7,-1.7,Graduado,Graduado,0,0
Solteiro,Serviço Social (prestação nocturna),Ensino Superior - Licenciatura,140.0,Português,140.0,0,0,0,Feminino,0,0,0,5,9,0,0.0,0,0,5,10,0,0.0,0,9.4,-0.8,-3.12,Desistente,Desistente,1,1
Solteiro,Enfermagem Veterinária,Curso de Especialização Tecnológica,150.0,Português,150.0,0,0,1,Feminino,0,0,11,18,45,18,11.833333333333304,10,9,13,27,13,12.4615384615384,5,15.5,2.8,-4.06,Graduado,Graduado,0,0
Casado,Gestão (presencial noturno),Curso de Especialização Tecnológica,130.0,Português,130.0,0,0,0,Feminino,0,0,0,5,12,3,11.333333333333304,0,0,5,10,1,13.0,0,15.5,2.8,-4.06,Desistente,Desistente,1,1
Solteiro,Jornalismo e Comunicação,Ensino Secundário,120.0,Português,125.3,0,0,1,Feminino,0,0,0,6,9,6,12.5,0,0,6,9,6,13.0,0,7.6,2.6,0.32,Graduado,Graduado,0,0
Solteiro,Design de Comunicação,Curso de Especialização Tecnológica,130.0,Português,124.0,0,0,1,Feminino,1,0,4,12,12,12,13.333333333333304,0,5,12,12,11,12.5454545454545,0,15.5,2.8,-4.06,Graduado,Graduado,0,0
Solteiro,Turismo,Ensino Secundário,112.0,Português,113.8,0,0,1,Feminino,0,0,0,6,10,6,10.833333333333304,0,0,6,10,4,11.0,0,7.6,2.6,0.32,Matriculado,Matriculado,0,
Solteiro,Gestão de Publicidade e Marketing,Ensino Secundário,128.0,Português,124.4,0,0,1,Feminino,1,0,0,6,6,6,13.0,0,0,6,6,6,14.0,0,13.9,-0.3,0.79,Graduado,Graduado,0,0
Solteiro,Gestão,Ensino Secundário,114.0,Português,107.7,0,0,1,Feminino,0,0,0,5,7,2,10.0,0,0,5,11,2,14.0,0,10.8,1.4,1.74,Desistente,Desistente,1,1
Solteiro,Serviço Social,Ensino Secundário,118.0,Português,110.0,0,0,1,Feminino,1,0,0,6,8,6,11.428571428571399,0,0,6,11,5,11.2,0,10.8,1.4,1.74,Graduado,Graduado,0,0
Solteiro,Enfermagem,Ensino Superior - Licenciatura,130.0,Português,130.0,0,0,1,Feminino,0,0,0,8,8,8,12.8875,0,0,8,8,8,12.8875,0,9.4,-0.8,-3.12,Graduado,Graduado,0,0
Solteiro,Enfermagem,Ensino Secundário,145.0,Português,138.8,0,0,1,Feminino,1,0,0,7,7,6,12.95,0,0,7,7,6,12.95,0,7.6,2.6,0.32,Graduado,Graduado,0,0
Solteiro,Gestão,Ensino Secundário,121.0,Português,126.3,0,0,1,Feminino,0,0,0,5,12,1,10.0,2,0,5,5,0,0.0,0,12.7,3.7,-1.7,Desistente,Desistente,1,1
Solteiro,Enfermagem,Ensino Secundário,114.0,Português,114.5,0,0,1,Feminino,1,0,0,7,7,7,13.094285714285698,0,0,8,8,8,12.55,0,12.4,0.5,1.79,Graduado,Graduado,0,0
Solteiro,Gestão de Publicidade e Marketing,Ensino Secundário,127.0,Português,116.5,0,0,1,Feminino,0,0,0,6,7,0,0.0,0,0,6,6,0,0.0,0,16.2,0.3,-0.92,Desistente,Desistente,1,1
Solteiro,Serviço Social,Ensino Secundário,145.0,Português,128.6,0,0,1,Feminino,1,0,0,6,12,5,11.714285714285698,0,0,6,11,6,11.0,0,12.7,3.7,-1.7,Graduado,Graduado,0,0
Solteiro,Serviço Social,Ensino Secundário,130.0,Português,130.0,0,0,1,Feminino,0,0,0,6,8,4,11.25,0,0,6,15,3,10.0,0,9.4,-0.8,-3.12,Matriculado,Matriculado,0,
Solteiro,Design de Animação e Multimédia,Ensino Secundário,150.0,Português,134.6,0,0,1,Feminino,0,0,0,0,0,0,0.0,0,0,0,0,0,0.0,0,15.5,2.8,-4.06,Desistente,Desistente,1,1
Solteiro,Ensino Básico,Ensino Secundário,145.0,Português,146.8,0,0,1,Feminino,0,0,0,6,6,6,13.1666666666666,0,0,6,6,6,13.333333333333304,0,7.6,2.6,0.32,Graduado,Graduado,0,0
Solteiro,Enfermagem Veterinária,Ensino Secundário,128.0,Português,135.7,0,0,1,Feminino,0,0,0,5,7,4,12.75,0,0,5,5,5,13.4,0,10.8,1.4,1.74,Graduado,Graduado,0,0
Casado,Gestão (presencial noturno),Ensino Secundário,140.0,Português,120.0,0,0,0,Feminino,0,0,0,5,6,5,10.6,0,0,5,9,2,11.0,0,12.7,3.7,-1.7,Desistente,Desistente,1,1
Divorciado,Serviço Social (prestação nocturna),Ensino Secundário,130.0,Português,138.0,0,0,1,Feminino,0,0,0,6,8,5,11.2,0,0,6,6,6,12.0,0,8.9,1.4,3.51,Graduado,Graduado,0,0
Solteiro,Enfermagem,Ensino Secundário,140.0,Português,135.5,0,0,1,Feminino,0,0,0,7,0,0,0.0,0,0,8,0,0,0.0,0,13.9,-0.3,0.79,Desistente,Desistente,1,1
Solteiro,Jornalismo e Comunicação,Ensino Secundário,120.0,Santomense,120.0,0,0,1,Feminino,0,1,0,6,6,6,13.0,0,0,6,6,6,13.6666666666666,0,12.4,0.5,1.79,Graduado,Graduado,0,0
Casado,Gestão (presencial noturno),Ensino Secundário,147.0,Português,111.7,0,0,1,Feminino,0,0,0,5,10,0,0.0,0,0,5,5,0,0.0,0,7.6,2.6,0.32,Desistente,Desistente,1,1
Casado,Serviço Social (prestação nocturna),12º Ano de Escolaridade - Não Concluído,133.1,Português,100.0,0,0,1,Feminino,0,0,0,6,0,0,0.0,0,0,6,0,0,0.0,0,9.4,-0.8,-3.12,Desistente,Desistente,1,1
Casado,Agronomia,Curso de Especialização Tecnológica,160.0,Português,160.0,0,0,1,Feminino,0,0,0,6,8,6,14.1666666666666,0,0,6,9,6,15.0,0,15.5,2.8,-4.06,Graduado,Graduado,0,0
Separado Judicialmente,Serviço Social (prestação nocturna),Ensino Secundário,133.1,Português,114.8,0,0,1,Feminino,1,0,0,6,10,5,12.833333333333304,0,0,6,6,6,12.333333333333304,0,13.9,-0.3,0.79,Graduado,Graduado,0,0
Divorciado,Serviço Social (prestação nocturna),Ensino Básico (3º Ciclo),140.0,Português,131.0,0,0,1,Feminino,1,0,0,6,11,4,11.75,0,0,6,9,5,10.4,0,10.8,1.4,1.74,Graduado,Graduado,0,0
Solteiro,Serviço Social (prestação nocturna),Ensino Secundário,133.1,Português,97.0,0,0,1,Feminino,1,0,0,6,8,6,10.833333333333304,0,0,6,7,6,11.5,0,10.8,1.4,1.74,Graduado,Graduado,0,0
Solteiro,Serviço Social,Ensino Secundário,131.0,Português,131.7,0,0,1,Feminino,0,0,0,6,8,4,11.75,0,0,6,8,4,12.25,0,9.4,-0.8,-3.12,Desistente,Desistente,1,1
Solteiro,Enfermagem,Ensino Básico (3º Ciclo),133.1,Português,120.0,0,0,0,Feminino,1,0,0,7,14,3,11.5,0,0,7,9,2,10.5,0,16.2,0.3,-0.92,Desistente,Desistente,1,1
Divorciado,Gestão (presencial noturno),Ensino Secundário,120.0,Português,110.0,0,0,1,Feminino,0,0,0,5,14,2,10.0,0,0,5,7,3,11.333333333333304,0,12.7,3.7,-1.7,Matriculado,Matriculado,0,
Solteiro,Enfermagem,Ensino Secundário,130.0,Português,133.0,0,0,1,Feminino,1,0,0,7,7,6,13.7,0,0,7,7,6,13.7,0,7.6,2.6,0.32,Graduado,Graduado,0,0
Solteiro,Enfermagem Veterinária,Ensino Superior - Licenciatura,140.0,Português,140.0,0,0,1,Feminino,0,0,0,5,8,1,14.0,2,0,5,12,0,0.0,4,10.8,1.4,1.74,Desistente,Desistente,1,1
Casado,Serviço Social (prestação nocturna),Ensino Secundário,133.1,Português,100.0,0,1,1,Feminino,0,0,3,8,12,7,11.375,0,2,7,10,6,12.166666666666602,0,13.9,-0.3,0.79,Matriculado,Matriculado,0,
Solteiro,Enfermagem Veterinária,Ensino Secundário,140.0,Português,129.3,0,1,1,Feminino,0,0,0,6,17,0,0.0,0,0,6,6,0,0.0,0,8.9,1.4,3.51,Matriculado,Matriculado,0,
Solteiro,Serviço Social,Ensino Secundário,133.1,Português,137.0,0,0,1,Feminino,0,0,0,6,10,0,0.0,4,0,6,0,0,0.0,0,7.6,2.6,0.32,Desistente,Desistente,1,1
Solteiro,Gestão,Ensino Secundário,125.0,Português,122.2,0,0,1,Feminino,0,0,0,5,9,1,11.0,0,0,5,9,2,12.5,0,7.6,2.6,0.32,Matriculado,Matriculado,0,
Solteiro,Ensino Básico,Ensino Secundário,115.0,Português,108.0,0,0,1,Feminino,1,0,0,7,10,6,13.0,0,0,7,7,7,13.285714285714198,0,12.4,0.5,1.79,Graduado,Graduado,0,0
Casado,Gestão de Publicidade e Marketing,Ensino Superior - Licenciatura,110.0,Português,110.0,0,0,1,Feminino,0,0,4,11,15,8,13.6,0,2,8,10,8,15.1111111111111,0,13.9,-0.3,0.79,Graduado,Graduado,0,0
Casado,Gestão,Ensino Secundário,140.0,Português,127.7,0,0,1,Feminino,0,0,0,5,8,3,11.0,0,0,5,9,2,11.5,0,7.6,2.6,0.32,Desistente,Desistente,1,1
Solteiro,Enfermagem,Ensino Secundário,100.0,Português,121.3,0,0,1,Feminino,0,0,0,8,11,7,11.705714285714198,0,0,8,11,7,11.705714285714198,0,10.8,1.4,1.74,Matriculado,Matriculado,0,
Solteiro,Design de Animação e Multimédia,Ensino Secundário,145.0,Português,140.1,0,0,1,Feminino,0,0,6,12,12,12,13.25,0,4,11,14,11,14.333333333333304,0,8.9,1.4,3.51,Graduado,Graduado,0,0
Solteiro,Enfermagem,Ensino Básico (3º Ciclo),133.1,Português,114.8,0,0,1,Feminino,0,0,0,7,15,1,10.75,0,0,7,10,1,10.0,0,13.9,-0.3,0.79,Desistente,Desistente,1,1
Solteiro,Gestão (presencial noturno),Curso de Especialização Tecnológica,150.0,Português,150.0,0,0,1,Feminino,0,0,2,6,8,6,12.0,0,2,7,8,7,13.428571428571399,0,9.4,-0.8,-3.12,Matriculado,Matriculado,0,
Solteiro,Jornalismo e Comunicação,Ensino Secundário,145.0,Português,131.7,0,0,1,Feminino,0,0,0,6,7,6,12.666666666666602,0,0,6,8,4,12.25,0,7.6,2.6,0.32,Matriculado,Matriculado,0,
Divorciado,Serviço Social (prestação nocturna),Ensino Básico (3º Ciclo),133.1,Português,110.0,0,0,0,Feminino,0,0,0,6,8,5,11.4,0,0,6,9,3,11.0,0,9.4,-0.8,-3.12,Desistente,Desistente,1,1
Solteiro,Jornalismo e Comunicação,Ensino Secundário,110.0,Português,105.5,0,0,1,Feminino,0,0,0,6,6,6,13.0,0,0,6,8,5,12.4,0,12.4,0.5,1.79,Graduado,Graduado,0,0
Solteiro,Serviço Social,Ensino Secundário,128.0,Português,127.3,0,0,1,Feminino,1,0,0,6,8,6,14.0,0,0,6,8,6,12.285714285714198,0,16.2,0.3,-0.92,Graduado,Graduado,0,0
Casado,Serviço Social,Ensino Básico (3º Ciclo),133.1,Português,130.0,0,0,1,Feminino,0,0,0,6,11,0,0.0,0,0,5,10,0,0.0,0,9.4,-0.8,-3.12,Matriculado,Matriculado,0,
Solteiro,Enfermagem Veterinária,Ensino Superior - Licenciatura,130.0,Português,130.0,0,0,1,Feminino,0,0,0,6,0,0,0.0,0,0,6,0,0,0.0,0,15.5,2.8,-4.06,Desistente,Desistente,1,1
Solteiro,Higiene Oral,Ensino Secundário,137.0,Português,122.7,0,0,1,Feminino,1,0,0,7,7,7,15.285714285714198,0,0,8,8,8,16.075,0,12.4,0.5,1.79,Graduado,Graduado,0,0
Solteiro,Turismo,Ensino Secundário,123.0,Português,113.9,0,0,1,Feminino,0,0,0,6,6,6,13.1666666666666,0,0,6,6,6,12.666666666666602,0,11.1,0.6,2.02,Graduado,Graduado,0,0
Solteiro,Gestão,Ensino Secundário,156.0,Português,151.1,0,1,1,Masculino,0,0,0,5,7,5,13.6,0,0,5,11,5,12.833333333333304,5,16.2,0.3,-0.92,Graduado,Graduado,0,0
Solteiro,Jornalismo e Comunicação,Ensino Secundário,133.1,Português,125.8,0,0,0,Masculino,1,0,0,4,8,0,0.0,0,0,4,8,0,0.0,0,7.6,2.6,0.32,Desistente,Desistente,1,1
Casado,Gestão de Publicidade e Marketing,Ensino Secundário,100.0,Português,128.2,0,0,1,Masculino,0,0,6,10,12,10,11.4,0,4,9,9,4,11.5,0,7.6,2.6,0.32,Graduado,Graduado,0,0
Solteiro,Gestão,Ensino Secundário,140.0,Português,135.1,0,0,1,Masculino,0,0,0,5,0,0,0.0,0,0,5,0,0,0.0,0,15.5,2.8,-4.06,Desistente,Desistente,1,1
Solteiro,Gestão (presencial noturno),Ensino Secundário,130.0,Português,120.2,0,0,1,Masculino,0,0,0,5,7,5,11.0,0,0,5,5,5,11.6,0,7.6,2.6,0.32,Graduado,Graduado,0,0
Casado,Gestão (presencial noturno),Ensino Secundário,133.1,Português,132.8,0,1,0,Masculino,0,0,0,5,9,0,0.0,0,0,5,11,0,0.0,0,12.4,0.5,1.79,Desistente,Desistente,1,1
Solteiro,Agronomia,Curso de Especialização Tecnológica,140.0,Português,140.0,0,0,1,Masculino,0,0,0,6,7,6,13.571428571428504,0,0,6,6,6,12.666666666666602,0,12.4,0.5,1.79,Graduado,Graduado,0,0
Solteiro,Enfermagem,Ensino Secundário,137.0,Português,129.3,0,0,1,Feminino,0,0,0,7,0,0,0.0,0,0,8,0,0,0.0,0,9.4,-0.8,-3.12,Desistente,Desistente,1,1
Solteiro,Engenharia Informática,Ensino Secundário,120.0,Português,108.2,0,0,1,Masculino,0,0,4,10,14,4,11.25,0,4,11,11,4,12.0,0,7.6,2.6,0.32,Desistente,Desistente,1,1
Solteiro,Gestão de Publicidade e Marketing,Ensino Secundário,125.0,Português,125.4,0,0,1,Masculino,0,0,0,5,6,3,13.333333333333304,0,0,5,5,1,11.0,0,7.6,2.6,0.32,Desistente,Desistente,1,1
Solteiro,Jornalismo e Comunicação,Ensino Secundário,130.0,Português,140.2,0,0,1,Masculino,1,0,0,6,6,6,12.0,0,0,6,7,6,11.666666666666602,0,16.2,0.3,-0.92,Graduado,Graduado,0,0
Solteiro,Jornalismo e Comunicação,Ensino Secundário,115.0,Português,116.1,0,0,1,Masculino,0,0,0,6,6,6,12.5,0,0,6,7,5,13.0,0,12.4,0.5,1.79,Graduado,Graduado,0,0
Solteiro,Gestão,Ensino Secundário,150.0,Português,137.8,0,0,1,Masculino,1,0,0,5,6,5,13.2,0,0,5,6,5,12.666666666666602,0,16.2,0.3,-0.92,Graduado,Graduado,0,0
Solteiro,Gestão de Publicidade e Marketing,Ensino Secundário,134.0,Português,128.4,0,0,0,Masculino,0,0,0,5,5,0,0.0,0,0,4,4,0,0.0,0,7.6,2.6,0.32,Desistente,Desistente,1,1
Solteiro,Gestão de Publicidade e Marketing,Ensino Secundário,120.0,Português,106.0,0,0,0,Masculino,0,0,0,5,7,3,11.666666666666602,0,0,5,8,2,11.5,1,7.6,2.6,0.32,Desistente,Desistente,1,1
Solteiro,Gestão,Ensino Secundário,141.0,Português,130.2,0,0,1,Masculino,0,0,10,15,16,15,13.466666666666601,1,10,14,14,14,13.642857142857096,0,9.4,-0.8,-3.12,Graduado,Graduado,0,0
Solteiro,Equincultura,Ensino Secundário,133.0,Português,126.0,0,0,1,Masculino,0,0,0,5,7,3,13.6666666666666,0,0,5,5,5,13.2,0,7.6,2.6,0.32,Graduado,Graduado,0,0
Solteiro,Engenharia Informática,Ensino Secundário,149.0,Português,141.0,0,0,1,Masculino,0,0,0,5,9,2,11.666666666666602,0,0,5,9,2,12.5,2,7.6,2.6,0.32,Matriculado,Matriculado,0,
Solteiro,Jornalismo e Comunicação,Ensino Secundário,121.0,Português,113.0,0,0,1,Masculino,1,0,0,6,7,6,11.666666666666602,0,0,6,12,5,10.2,0,12.4,0.5,1.79,Graduado,Graduado,0,0
Solteiro,Agronomia,Curso de Especialização Tecnológica,120.0,Português,120.0,0,0,1,Masculino,0,0,0,6,9,5,13.4,0,0,6,9,5,12.4,0,8.9,1.4,3.51,Graduado,Graduado,0,0
Casado,Gestão (presencial noturno),Ensino Secundário,148.0,Português,130.9,0,0,0,Masculino,0,0,0,5,5,0,0.0,0,0,5,6,0,0.0,0,12.4,0.5,1.79,Desistente,Desistente,1,1
Solteiro,Agronomia,Outro - 11º Ano de Escolaridade,133.1,Português,120.0,0,0,1,Masculino,0,0,0,6,9,0,0.0,0,0,6,6,0,0.0,0,13.9,-0.3,0.79,Desistente,Desistente,1,1
Casado,Gestão (presencial noturno),Ensino Secundário,135.0,Português,134.1,0,0,0,Masculino,0,0,0,5,5,0,0.0,0,0,5,5,0,0.0,0,7.6,2.6,0.32,Desistente,Desistente,1,1
Solteiro,Engenharia Informática,Ensino Secundário,150.0,Português,120.0,0,0,1,Masculino,0,0,0,5,6,3,10.666666666666602,0,0,5,9,2,10.5,0,15.5,2.8,-4.06,Matriculado,Matriculado,0,
Solteiro,Gestão de Publicidade e Marketing,Ensino Secundário,130.0,Português,114.8,0,0,1,Masculino,0,0,0,5,5,4,13.75,0,0,5,5,4,14.75,0,7.6,2.6,0.32,Graduado,Graduado,0,0
Divorciado,Gestão,Ensino Secundário,133.1,Português,123.0,0,0,1,Masculino,0,0,0,5,5,1,10.0,0,0,5,5,0,0.0,0,7.6,2.6,0.32,Desistente,Desistente,1,1
Casado,Engenharia Informática,Ensino Básico (3º Ciclo),133.1,Português,118.0,0,0,0,Masculino,0,0,0,5,11,0,0.0,0,0,5,5,0,0.0,0,9.4,-0.8,-3.12,Desistente,Desistente,1,1
Casado,Ensino Básico,Ensino Secundário,110.0,Português,100.0,0,0,1,Masculino,0,0,0,2,4,1,16.0,0,0,4,5,4,15.5,0,13.9,-0.3,0.79,Graduado,Graduado,0,0
Casado,Gestão (presencial noturno),Ensino Secundário,170.0,Português,151.1,0,0,1,Masculino,0,0,0,5,9,5,12.285714285714198,0,0,5,8,5,11.125,0,16.2,0.3,-0.92,Graduado,Graduado,0,0
Solteiro,Engenharia Informática,Ensino Secundário,120.0,Português,116.9,0,1,0,Masculino,0,0,0,5,10,3,12.0,0,0,5,8,3,10.333333333333304,0,8.9,1.4,3.51,Matriculado,Matriculado,0,
Solteiro,Enfermagem,Ensino Básico (3º Ciclo),133.1,Português,106.0,0,0,1,Masculino,0,0,0,7,7,6,12.666666666666602,1,0,7,7,6,12.666666666666602,1,7.6,2.6,0.32,Graduado,Graduado,0,0
Casado,Enfermagem Veterinária,Ensino Secundário,139.0,Português,127.1,0,0,1,Masculino,1,0,0,5,6,5,11.8,0,0,5,7,4,13.25,1,10.8,1.4,1.74,Graduado,Graduado,0,0
Solteiro,Gestão (presencial noturno),Ensino Básico (3º Ciclo),133.1,Português,155.5,0,1,0,Masculino,0,0,0,5,6,5,10.6,0,0,5,7,5,14.6666666666666,0,10.8,1.4,1.74,Desistente,Desistente,1,1
Solteiro,Agronomia,Ensino Secundário,133.1,Português,101.0,0,0,1,Masculino,0,0,5,11,16,9,11.9,0,3,9,14,8,12.25,0,15.5,2.8,-4.06,Graduado,Graduado,0,0
Solteiro,Engenharia Informática,Frequência do Ensino Superior,120.0,Português,128.2,0,0,1,Masculino,0,0,4,6,8,4,11.25,0,1,5,8,2,10.5,0,7.6,2.6,0.32,Desistente,Desistente,1,1
Casado,Gestão (presencial noturno),Ensino Secundário,100.0,Português,113.0,0,0,1,Masculino,1,0,0,5,9,4,11.0,0,0,5,6,5,11.4,0,8.9,1.4,3.51,Matriculado,Matriculado,0,
Solteiro,Jornalismo e Comunicação,Ensino Secundário,134.0,Português,122.8,0,0,1,Masculino,0,0,0,6,6,6,12.0,0,0,6,6,6,12.5,0,12.7,3.7,-1.7,Graduado,Graduado,0,0
Casado,Gestão (presencial noturno),Ensino Secundário,130.0,Português,145.6,0,0,1,Masculino,0,0,0,5,10,4,11.75,0,0,5,10,4,10.833333333333304,0,13.9,-0.3,0.79,Matriculado,Matriculado,0,
Solteiro,Gestão,Ensino Secundário,128.0,Português,116.5,0,0,1,Masculino,0,0,0,5,8,2,10.0,0,0,5,8,1,16.0,0,7.6,2.6,0.32,Desistente,Desistente,1,1
Solteiro,Enfermagem,Ensino Secundário,154.0,Português,142.0,0,0,1,Masculino,0,0,0,8,8,7,13.7142857142857,0,0,8,8,7,13.7142857142857,0,12.7,3.7,-1.7,Graduado,Graduado,0,0
Solteiro,Agronomia,Ensino Superior - Mestrado,150.0,Português,150.0,0,0,1,Masculino,0,0,0,6,14,6,14.875,0,0,6,12,6,15.8,0,16.2,0.3,-0.92,Graduado,Graduado,0,0
Solteiro,Design de Comunicação,Ensino Secundário,134.0,Português,133.3,0,0,1,Masculino,0,0,0,6,7,5,10.8,1,0,6,6,0,0.0,0,7.6,2.6,0.32,Desistente,Desistente,1,1
Solteiro,Serviço Social,Ensino Secundário,127.0,Português,115.8,0,0,1,Masculino,0,0,0,6,11,3,12.0,0,0,6,12,2,10.0,0,11.1,0.6,2.02,Desistente,Desistente,1,1
Solteiro,Enfermagem Veterinária,Ensino Secundário,133.1,Português,100.0,0,1,0,Masculino,0,0,0,6,10,5,12.5,0,0,6,19,2,13.5,0,12.4,0.5,1.79,Desistente,Desistente,1,1
Solteiro,Enfermagem,Ensino Secundário,130.0,Português,128.6,0,0,1,Feminino,0,0,0,7,7,7,14.7285714285714,0,0,8,11,8,16.3272727272727,0,16.2,0.3,-0.92,Graduado,Graduado,0,0
Solteiro,Equincultura,Ensino Secundário,135.0,Português,137.1,0,0,1,Feminino,0,0,0,6,8,6,12.0,0,0,6,8,5,14.8,0,12.4,0.5,1.79,Graduado,Graduado,0,0
Solteiro,Jornalismo e Comunicação,Ensino Secundário,143.0,Português,149.0,0,0,1,Feminino,0,0,0,6,8,6,11.428571428571399,0,0,6,7,6,11.0,0,11.1,0.6,2.02,Desistente,Desistente,1,1
Solteiro,Serviço Social,Curso de Especialização Tecnológica,150.0,Português,147.0,0,0,1,Feminino,0,0,3,6,6,6,14.1666666666666,0,2,6,6,6,13.5,0,12.4,0.5,1.79,Graduado,Graduado,0,0
Casado,Serviço Social,Ensino Superior - Licenciatura,150.0,Português,150.0,0,0,1,Feminino,0,0,1,6,12,5,12.5,0,0,6,10,5,14.6,0,12.7,3.7,-1.7,Graduado,Graduado,0,0
Solteiro,Serviço Social (prestação nocturna),Ensino Secundário,130.0,Português,103.5,0,0,1,Feminino,1,0,0,6,6,6,14.1666666666666,0,0,6,6,6,14.333333333333304,0,12.7,3.7,-1.7,Graduado,Graduado,0,0
Solteiro,Enfermagem,Ensino Secundário,113.0,Português,107.8,0,0,1,Feminino,1,0,0,7,10,5,14.46,0,0,7,8,6,13.55,0,12.4,0.5,1.79,Matriculado,Matriculado,0,
Solteiro,Enfermagem Veterinária,Curso de Especialização Tecnológica,130.0,Espanhol,130.0,0,0,1,Feminino,0,1,0,6,12,5,12.8,0,0,6,19,2,11.5,0,12.4,0.5,1.79,Matriculado,Matriculado,0,
Solteiro,Turismo,Ensino Secundário,115.0,Português,109.4,0,0,1,Feminino,0,0,0,6,8,6,12.666666666666602,0,0,6,8,5,13.4,0,11.1,0.6,2.02,Graduado,Graduado,0,0
Solteiro,Design de Comunicação,Ensino Secundário,146.0,Português,143.6,0,0,1,Feminino,0,0,0,6,6,6,12.5,0,0,6,6,6,13.0,0,7.6,2.6,0.32,Desistente,Desistente,1,1
Solteiro,Design de Comunicação,Ensino Secundário,132.0,Português,124.3,1,0,1,Feminino,0,0,0,6,0,0,0.0,0,0,6,0,0,0.0,0,15.5,2.8,-4.06,Desistente,Desistente,1,1
Solteiro,Gestão de Publicidade e Marketing,Ensino Secundário,116.0,Português,119.5,0,0,0,Feminino,0,0,0,6,0,0,0.0,0,0,6,0,0,0.0,0,8.9,1.4,3.51,Desistente,Desistente,1,1
Solteiro,Design de Animação e Multimédia,Ensino Secundário,163.0,Português,175.6,0,0,1,Feminino,0,0,0,0,0,0,0.0,0,0,0,0,0,0.0,0,11.1,0.6,2.02,Graduado,Graduado,0,0
Solteiro,Gestão,Ensino Secundário,122.0,Português,116.1,0,0,1,Feminino,1,0,0,5,8,5,11.2,0,0,5,5,3,11.0,0,12.4,0.5,1.79,Graduado,Graduado,0,0
Solteiro,Serviço Social,Ensino Secundário,136.0,Português,126.6,0,0,1,Feminino,0,0,0,6,6,6,16.5,0,0,6,7,6,17.428571428571402,0,11.1,0.6,2.02,Desistente,Desistente,1,1
Solteiro,Enfermagem Veterinária,Ensino Secundário,142.0,Português,130.8,0,0,1,Feminino,0,0,0,5,9,3,13.6666666666666,1,0,5,5,5,12.0,0,12.7,3.7,-1.7,Graduado,Graduado,0,0
Solteiro,Enfermagem,Ensino Secundário,139.0,Português,133.5,0,0,1,Feminino,1,0,0,8,8,7,15.2285714285714,0,0,8,8,7,15.2285714285714,0,12.7,3.7,-1.7,Graduado,Graduado,0,0
Solteiro,Serviço Social,Curso Técnico Superior Profissional,140.0,Português,136.9,0,0,1,Feminino,0,0,5,9,10,9,12.7777777777777,0,4,9,9,9,13.2222222222222,0,8.9,1.4,3.51,Graduado,Graduado,0,0
Solteiro,Enfermagem,Ensino Secundário,165.0,Português,142.3,0,0,1,Feminino,1,0,0,8,8,7,14.428571428571399,0,0,8,8,7,14.428571428571399,0,12.7,3.7,-1.7,Graduado,Graduado,0,0
Solteiro,Gestão de Publicidade e Marketing,Ensino Secundário,122.0,Português,114.3,0,0,1,Feminino,0,0,0,6,8,6,13.875,0,0,6,7,6,13.7142857142857,0,11.1,0.6,2.02,Graduado,Graduado,0,0
Solteiro,Enfermagem,Ensino Secundário,135.0,Português,122.9,0,0,1,Feminino,0,0,0,7,10,7,13.128,0,0,8,13,6,13.193333333333303,0,15.5,2.8,-4.06,Graduado,Graduado,0,0
Solteiro,Enfermagem,Ensino Secundário,128.0,Português,117.2,0,0,1,Feminino,0,0,0,7,9,6,11.605,0,0,8,10,7,12.4125,0,16.2,0.3,-0.92,Graduado,Graduado,0,0
Solteiro,Gestão,Ensino Secundário,139.0,Português,152.0,0,0,1,Feminino,1,0,0,5,5,5,14.6,0,0,5,8,5,12.0,0,12.7,3.7,-1.7,Graduado,Graduado,0,0
Solteiro,Jornalismo e Comunicação,Ensino Secundário,125.0,Português,122.2,0,0,1,Feminino,0,0,0,6,0,0,0.0,0,0,6,0,0,0.0,0,11.1,0.6,2.02,Desistente,Desistente,1,1
Solteiro,Gestão,Ensino Secundário,102.0,Português,101.7,0,0,1,Feminino,1,0,0,5,6,5,11.8,0,0,5,6,5,11.6,0,8.9,1.4,3.51,Graduado,Graduado,0,0
Solteiro,Turismo,Ensino Secundário,116.0,Português,119.9,0,0,1,Feminino,0,0,0,6,6,6,12.333333333333304,0,0,6,6,6,12.333333333333304,0,12.4,0.5,1.79,Graduado,Graduado,0,0
Solteiro,Gestão,Ensino Secundário,138.0,Português,123.7,0,1,1,Feminino,1,0,0,5,5,4,11.0,0,0,5,5,0,0.0,0,11.1,0.6,2.02,Desistente,Desistente,1,1
Solteiro,Design de Comunicação,Ensino Secundário,135.0,Português,121.8,0,0,1,Feminino,1,0,5,11,11,11,13.181818181818102,0,5,11,11,11,12.909090909090901,0,11.1,0.6,2.02,Graduado,Graduado,0,0
Solteiro,Gestão de Publicidade e Marketing,Ensino Secundário,110.0,Português,106.1,1,1,0,Feminino,1,0,0,6,6,1,11.0,0,0,6,0,0,0.0,0,12.7,3.7,-1.7,Desistente,Desistente,1,1
Solteiro,Jornalismo e Comunicação,Ensino Secundário,132.0,Português,124.3,0,1,1,Feminino,1,0,0,6,6,6,11.833333333333304,0,0,6,7,6,12.285714285714198,0,15.5,2.8,-4.06,Graduado,Graduado,0,0
Solteiro,Enfermagem,Ensino Secundário,126.0,Português,124.3,0,0,1,Feminino,1,0,0,8,8,8,12.98125,0,0,8,8,8,12.98125,0,9.4,-0.8,-3.12,Graduado,Graduado,0,0
Solteiro,Gestão,Curso de Especialização Tecnológica,117.4,Português,117.4,0,0,1,Feminino,0,0,4,7,10,6,11.333333333333304,0,1,5,6,5,11.2,0,11.1,0.6,2.02,Graduado,Graduado,0,0
Solteiro,Enfermagem,Ensino Secundário,120.0,Português,112.7,0,0,1,Feminino,0,0,0,8,12,6,11.68,0,0,8,12,6,11.68,0,10.8,1.4,1.74,Graduado,Graduado,0,0
Solteiro,Design de Comunicação,Ensino Secundário,116.0,Português,123.7,0,0,1,Feminino,0,0,0,6,6,6,14.5,0,0,6,7,6,13.5,0,11.1,0.6,2.02,Graduado,Graduado,0,0
Solteiro,Ensino Básico,Ensino Secundário,111.0,Português,105.8,0,0,1,Feminino,0,0,0,7,7,7,13.142857142857096,0,0,7,8,7,12.857142857142804,0,8.9,1.4,3.51,Graduado,Graduado,0,0
Solteiro,Enfermagem Veterinária,Ensino Secundário,128.0,Português,124.2,0,0,0,Feminino,0,0,0,5,8,2,11.5,0,0,5,7,2,10.5,0,7.6,2.6,0.32,Desistente,Desistente,1,1
Solteiro,Enfermagem Veterinária,Ensino Secundário,123.0,Português,122.3,0,0,1,Feminino,0,0,0,5,6,5,14.2,0,0,5,7,5,11.8,0,7.6,2.6,0.32,Graduado,Graduado,0,0
Solteiro,Turismo,Ensino Secundário,131.0,Português,123.7,0,0,1,Feminino,1,0,0,6,8,5,11.666666666666602,0,0,6,7,5,12.2,0,8.9,1.4,3.51,Graduado,Graduado,0,0
Solteiro,Enfermagem,Ensino Secundário,135.0,Português,129.8,0,0,1,Feminino,0,0,0,7,8,7,13.175,0,0,8,8,8,14.875,0,13.9,-0.3,0.79,Graduado,Graduado,0,0
Solteiro,Enfermagem,Ensino Secundário,136.0,Português,123.8,0,0,1,Feminino,1,0,0,8,8,7,13.314285714285699,0,0,8,8,7,13.314285714285699,0,12.7,3.7,-1.7,Graduado,Graduado,0,0
Solteiro,Gestão,Ensino Secundário,132.0,Português,126.4,0,0,1,Feminino,1,0,0,5,13,3,10.6,0,0,5,12,3,10.5,0,13.9,-0.3,0.79,Graduado,Graduado,0,0
Solteiro,Ensino Básico,Ensino Secundário,120.0,Português,115.1,0,0,1,Feminino,1,0,0,6,11,4,12.0,0,0,6,8,4,10.75,0,15.5,2.8,-4.06,Matriculado,Matriculado,0,
Solteiro,Jornalismo e Comunicação,Ensino Secundário,144.0,Português,138.4,0,0,1,Feminino,0,0,0,6,7,6,13.428571428571399,0,0,6,7,6,14.142857142857096,0,13.9,-0.3,0.79,Graduado,Graduado,0,0
Solteiro,Enfermagem Veterinária,Ensino Secundário,129.0,Português,118.2,0,0,1,Feminino,1,0,0,5,7,4,13.25,0,0,5,8,5,15.571428571428504,0,10.8,1.4,1.74,Graduado,Graduado,0,0
Solteiro,Design de Comunicação,Ensino Secundário,136.0,Português,121.7,0,0,1,Feminino,0,0,0,6,6,2,13.0,0,0,6,6,0,0.0,0,12.4,0.5,1.79,Desistente,Desistente,1,1
Solteiro,Design de Comunicação,Ensino Secundário,125.0,Português,118.0,0,0,1,Feminino,1,0,0,6,6,6,14.333333333333304,0,0,6,7,6,14.0,0,11.1,0.6,2.02,Matriculado,Matriculado,0,
Solteiro,Serviço Social,Ensino Secundário,125.0,Português,119.8,0,0,1,Feminino,0,0,0,6,0,0,0.0,0,0,6,0,0,0.0,0,11.1,0.6,2.02,Desistente,Desistente,1,1
Solteiro,Serviço Social,Ensino Secundário,154.0,Português,164.9,0,0,1,Feminino,0,0,0,6,6,6,14.0,0,0,6,6,6,13.1666666666666,0,10.8,1.4,1.74,Graduado,Graduado,0,0
Solteiro,Enfermagem Veterinária,Ensino Secundário,100.0,Português,100.0,0,0,1,Feminino,1,0,1,2,2,2,12.0,0,1,6,11,6,12.833333333333304,0,13.9,-0.3,0.79,Graduado,Graduado,0,0
Solteiro,Ensino Básico,Ensino Secundário,124.0,Português,121.6,0,0,1,Feminino,0,0,0,6,9,5,12.333333333333304,0,0,6,10,5,10.6,0,15.5,2.8,-4.06,Matriculado,Matriculado,0,
Solteiro,Design de Comunicação,Ensino Secundário,126.0,Português,120.4,0,0,1,Feminino,0,0,0,6,8,5,11.8,0,0,6,7,5,10.4,1,16.2,0.3,-0.92,Graduado,Graduado,0,0
Solteiro,Enfermagem,Ensino Secundário,124.0,Português,117.8,0,0,1,Feminino,1,0,0,8,8,7,12.791428571428503,1,0,8,8,7,12.791428571428503,1,10.8,1.4,1.74,Graduado,Graduado,0,0
Divorciado,Gestão de Publicidade e Marketing,Ensino Secundário,150.0,Português,110.0,0,0,1,Feminino,0,0,4,8,8,8,11.625,0,3,7,12,5,11.2,0,9.4,-0.8,-3.12,Graduado,Graduado,0,0
Solteiro,Enfermagem,Ensino Secundário,133.0,Português,128.8,0,0,1,Feminino,1,0,0,7,11,6,11.994444444444401,0,0,8,11,7,12.431428571428503,0,15.5,2.8,-4.06,Graduado,Graduado,0,0
Solteiro,Turismo,Ensino Secundário,126.0,Português,116.6,0,0,1,Feminino,0,0,0,6,9,5,11.6,0,0,6,12,5,12.2,0,13.9,-0.3,0.79,Graduado,Graduado,0,0
Solteiro,Gestão (presencial noturno),Ensino Superior - Licenciatura (1º Ciclo),120.0,Português,120.0,0,0,1,Feminino,0,0,0,5,5,0,0.0,0,0,5,6,0,0.0,0,12.4,0.5,1.79,Desistente,Desistente,1,1
Solteiro,Jornalismo e Comunicação,Ensino Secundário,175.0,Português,157.5,0,0,1,Feminino,0,0,0,6,8,6,13.1666666666666,0,0,6,7,6,13.1666666666666,0,10.8,1.4,1.74,Desistente,Desistente,1,1
Solteiro,Enfermagem,Ensino Secundário,141.0,Português,136.3,0,0,1,Feminino,0,0,0,8,8,7,14.1,0,0,8,8,7,14.1,0,10.8,1.4,1.74,Graduado,Graduado,0,0
Solteiro,Enfermagem,Ensino Secundário,133.0,Português,121.5,0,0,1,Feminino,1,0,0,7,8,6,12.3966666666666,0,0,8,9,7,12.942857142857097,0,11.1,0.6,2.02,Graduado,Graduado,0,0
Solteiro,Enfermagem,Ensino Secundário,143.0,Português,133.9,0,0,1,Feminino,0,0,0,7,7,7,15.014285714285702,0,0,8,8,8,16.0875,0,12.4,0.5,1.79,Graduado,Graduado,0,0
Solteiro,Design de Animação e Multimédia,Ensino Secundário,141.0,Português,136.8,0,0,1,Feminino,1,0,0,0,0,0,0.0,0,0,0,0,0,0.0,0,13.9,-0.3,0.79,Graduado,Graduado,0,0
Solteiro,Enfermagem,Ensino Secundário,134.0,Português,133.5,0,0,1,Feminino,0,0,0,7,8,7,14.05,0,0,8,8,8,15.1,0,13.9,-0.3,0.79,Graduado,Graduado,0,0
Solteiro,Enfermagem,Ensino Secundário,138.0,Português,130.0,0,0,1,Feminino,0,0,0,7,8,7,14.85,0,0,8,8,8,15.2,0,13.9,-0.3,0.79,Desistente,Desistente,1,1
Solteiro,Enfermagem Veterinária,Curso de Especialização Tecnológica,140.0,Português,140.0,0,0,1,Feminino,0,0,0,6,10,6,13.0,0,0,6,19,5,13.0,0,12.4,0.5,1.79,Graduado,Graduado,0,0
Solteiro,Enfermagem,Ensino Secundário,142.0,Português,132.7,0,0,1,Feminino,1,0,0,7,8,7,14.7875,0,0,8,8,8,15.8625,0,13.9,-0.3,0.79,Graduado,Graduado,0,0
Solteiro,Enfermagem,Ensino Secundário,118.0,Português,117.8,0,0,1,Feminino,1,0,0,7,7,7,13.7,0,0,8,9,7,14.671428571428503,0,12.4,0.5,1.79,Graduado,Graduado,0,0
Solteiro,Enfermagem,Ensino Secundário,131.0,Português,126.1,0,0,1,Feminino,1,0,0,7,7,7,12.495714285714197,0,0,8,9,7,12.242857142857096,0,11.1,0.6,2.02,Desistente,Desistente,1,1
Solteiro,Enfermagem,Ensino Secundário,130.0,Português,120.0,0,0,1,Feminino,0,0,0,7,7,6,14.5666666666666,0,0,7,7,6,14.5666666666666,0,7.6,2.6,0.32,Graduado,Graduado,0,0
Solteiro,Gestão de Publicidade e Marketing,Outro - 11º Ano de Escolaridade,133.1,Português,100.0,0,1,0,Feminino,0,0,0,5,5,5,11.2,0,0,5,5,4,11.25,0,9.4,-0.8,-3.12,Desistente,Desistente,1,1
Solteiro,Enfermagem,Ensino Secundário,130.0,Português,116.8,0,0,1,Feminino,0,0,0,8,8,7,12.685714285714198,0,0,8,8,7,12.685714285714198,0,12.7,3.7,-1.7,Graduado,Graduado,0,0
Solteiro,Serviço Social,Curso Técnico Superior Profissional,130.0,Português,128.3,0,1,0,Feminino,0,0,5,9,12,7,13.571428571428504,0,4,9,14,4,13.25,0,8.9,1.4,3.51,Desistente,Desistente,1,1
Solteiro,Design de Comunicação,Ensino Secundário,133.1,Português,117.0,0,0,1,Feminino,0,0,0,6,0,0,0.0,0,0,6,0,0,0.0,0,15.5,2.8,-4.06,Desistente,Desistente,1,1
Solteiro,Serviço Social (prestação nocturna),Ensino Secundário,130.0,Português,131.5,0,0,1,Feminino,0,0,0,6,8,5,11.0,0,0,6,7,6,11.166666666666602,0,11.1,0.6,2.02,Graduado,Graduado,0,0
Solteiro,Enfermagem,Ensino Secundário,149.0,Português,134.8,0,0,1,Feminino,0,0,0,8,8,8,14.444999999999999,0,0,8,8,8,14.444999999999999,0,9.4,-0.8,-3.12,Graduado,Graduado,0,0
Solteiro,Ensino Básico,Ensino Secundário,163.0,Português,146.6,0,1,1,Feminino,0,0,0,6,9,5,13.6,0,0,6,10,4,11.75,0,9.4,-0.8,-3.12,Matriculado,Matriculado,0,
Solteiro,Serviço Social (prestação nocturna),Ensino Superior - Licenciatura (1º Ciclo),130.0,Português,130.0,0,1,0,Feminino,0,0,7,12,12,11,14.0,0,4,10,11,8,14.625,0,13.9,-0.3,0.79,Desistente,Desistente,1,1
Solteiro,Enfermagem,Ensino Secundário,145.0,Português,127.5,0,0,1,Feminino,1,0,0,7,7,6,13.4166666666666,0,0,7,7,6,13.4166666666666,0,7.6,2.6,0.32,Graduado,Graduado,0,0
Solteiro,Gestão,Ensino Secundário,130.0,Português,123.0,0,0,1,Feminino,0,0,0,5,8,5,12.333333333333304,2,0,5,7,5,11.4,0,15.5,2.8,-4.06,Graduado,Graduado,0,0
Solteiro,Enfermagem,Ensino Secundário,128.0,Português,100.0,0,0,1,Feminino,0,0,0,7,8,7,13.1,0,0,8,8,8,14.8125,0,13.9,-0.3,0.79,Graduado,Graduado,0,0
Solteiro,Gestão de Publicidade e Marketing,Ensino Secundário,111.0,Português,114.2,0,0,1,Feminino,0,0,0,6,9,4,13.2,0,0,6,10,5,12.8,0,12.4,0.5,1.79,Graduado,Graduado,0,0
Solteiro,Enfermagem,Ensino Secundário,140.0,Português,123.5,0,0,1,Feminino,1,0,0,8,8,8,14.75,0,0,8,8,8,14.75,0,9.4,-0.8,-3.12,Graduado,Graduado,0,0
Solteiro,Serviço Social,Curso de Especialização Tecnológica,140.0,Português,144.3,0,0,1,Feminino,1,0,3,6,7,6,13.142857142857096,0,2,6,6,6,14.333333333333304,0,12.4,0.5,1.79,Graduado,Graduado,0,0
Solteiro,Ensino Básico,Ensino Secundário,145.0,Português,142.2,0,0,1,Feminino,0,0,0,6,9,4,12.5,0,0,6,9,5,12.5,0,9.4,-0.8,-3.12,Matriculado,Matriculado,0,
Solteiro,Enfermagem Veterinária,Ensino Secundário,151.0,Português,161.9,0,0,1,Feminino,0,0,0,5,6,4,13.75,0,0,5,8,5,14.8571428571428,0,7.6,2.6,0.32,Graduado,Graduado,0,0
Solteiro,Serviço Social,Ensino Secundário,132.0,Português,135.9,0,0,1,Feminino,0,0,0,6,11,5,12.4,0,0,6,7,6,13.0,0,9.4,-0.8,-3.12,Graduado,Graduado,0,0
Solteiro,Jornalismo e Comunicação,Ensino Secundário,116.0,Português,110.1,0,0,1,Feminino,0,0,0,6,6,6,13.333333333333304,0,0,6,6,6,12.0,0,11.1,0.6,2.02,Graduado,Graduado,0,0
Solteiro,Ensino Básico,Ensino Secundário,120.0,Português,122.5,0,0,0,Feminino,0,0,11,11,11,11,11.727272727272702,0,8,8,8,8,12.0,0,15.5,2.8,-4.06,Desistente,Desistente,1,1
Solteiro,Turismo,Ensino Secundário,158.0,Português,138.1,0,0,1,Feminino,0,0,0,6,8,4,12.5,0,0,6,11,1,14.0,0,7.6,2.6,0.32,Desistente,Desistente,1,1
Solteiro,Design de Animação e Multimédia,Ensino Secundário,116.0,Português,117.3,0,1,1,Feminino,0,0,0,0,0,0,0.0,0,0,0,0,0,0.0,0,13.9,-0.3,0.79,Desistente,Desistente,1,1
Solteiro,Enfermagem,Ensino Secundário,112.0,Português,106.8,0,0,1,Feminino,1,0,0,7,8,6,13.533333333333303,0,0,8,9,7,13.6142857142857,0,12.4,0.5,1.79,Graduado,Graduado,0,0
Solteiro,Design de Comunicação,Ensino Secundário,126.0,Português,120.1,1,0,1,Feminino,1,0,0,6,6,6,13.1666666666666,0,0,6,6,6,12.666666666666602,0,11.1,0.6,2.02,Graduado,Graduado,0,0
Solteiro,Turismo,Ensino Secundário,120.0,Português,116.5,0,0,1,Feminino,1,0,0,6,9,5,13.2,0,0,6,8,5,11.0,0,12.4,0.5,1.79,Graduado,Graduado,0,0
Solteiro,Design de Comunicação,Ensino Secundário,117.0,Português,120.0,0,0,1,Feminino,0,0,0,6,7,5,12.2,0,0,6,7,4,12.6,0,8.9,1.4,3.51,Matriculado,Matriculado,0,
Solteiro,Ensino Básico,Ensino Secundário,153.0,Português,139.7,0,0,1,Feminino,1,0,0,7,7,7,13.428571428571399,0,0,7,7,7,14.8571428571428,0,11.1,0.6,2.02,Graduado,Graduado,0,0
Solteiro,Design de Comunicação,Ensino Secundário,124.0,Português,123.7,0,0,1,Feminino,1,0,1,6,8,6,12.714285714285698,1,0,6,8,6,12.625,0,13.9,-0.3,0.79,Graduado,Graduado,0,0
Solteiro,Equincultura,Ensino Secundário,127.0,Português,116.5,0,0,1,Feminino,0,0,0,6,0,0,0.0,0,0,6,0,0,0.0,0,15.5,2.8,-4.06,Desistente,Desistente,1,1
Solteiro,Gestão de Publicidade e Marketing,Ensino Secundário,126.0,Português,122.2,0,0,1,Feminino,1,0,0,6,6,6,13.6666666666666,0,0,6,9,6,13.6666666666666,0,8.9,1.4,3.51,Graduado,Graduado,0,0
Solteiro,Jornalismo e Comunicação,Ensino Secundário,133.1,Português,146.0,0,1,1,Feminino,0,0,0,6,6,5,11.0,0,0,6,6,6,13.1666666666666,0,16.2,0.3,-0.92,Graduado,Graduado,0,0
Solteiro,Ensino Básico,Ensino Secundário,114.0,Português,108.8,0,0,1,Feminino,0,0,0,7,11,5,11.4,0,0,7,9,6,13.333333333333304,0,13.9,-0.3,0.79,Matriculado,Matriculado,0,
Solteiro,Design de Animação e Multimédia,Ensino Secundário,133.0,Português,133.0,0,0,1,Feminino,0,0,0,0,0,0,0.0,0,0,0,0,0,0.0,0,15.5,2.8,-4.06,Matriculado,Matriculado,0,
Solteiro,Equincultura,Ensino Secundário,130.0,Português,123.8,0,0,1,Feminino,0,0,0,5,7,4,12.0,0,0,5,6,5,12.0,0,7.6,2.6,0.32,Graduado,Graduado,0,0
Solteiro,Jornalismo e Comunicação,Ensino Secundário,127.0,Português,120.0,0,0,1,Feminino,0,0,0,6,6,0,0.0,0,0,6,0,0,0.0,0,8.9,1.4,3.51,Desistente,Desistente,1,1
Solteiro,Serviço Social,Ensino Secundário,143.0,Português,126.9,0,0,1,Feminino,0,0,0,6,14,5,11.0,0,0,6,6,6,11.666666666666602,0,7.6,2.6,0.32,Graduado,Graduado,0,0
Solteiro,Jornalismo e Comunicação,Ensino Secundário,130.0,Português,121.3,0,0,1,Feminino,0,0,0,6,12,5,12.0,0,0,6,8,6,11.571428571428502,0,15.5,2.8,-4.06,Desistente,Desistente,1,1
Solteiro,Enfermagem,Ensino Secundário,136.0,Português,129.0,0,0,1,Feminino,1,0,0,7,7,7,13.308571428571401,0,0,8,10,8,12.55,0,12.4,0.5,1.79,Graduado,Graduado,0,0
Solteiro,Ensino Básico,Ensino Secundário,125.0,Português,114.9,0,1,0,Feminino,0,0,0,6,8,3,13.6666666666666,0,0,6,7,3,10.666666666666602,0,15.5,2.8,-4.06,Desistente,Desistente,1,1
Solteiro,Gestão de Publicidade e Marketing,Ensino Superior - Licenciatura,110.0,Português,106.5,0,1,0,Feminino,0,0,0,6,6,0,0.0,0,0,6,9,0,0.0,0,10.8,1.4,1.74,Desistente,Desistente,1,1
Solteiro,Turismo,Ensino Secundário,130.0,Português,133.9,0,0,1,Feminino,0,0,0,6,10,5,12.2,0,0,6,8,4,11.25,0,9.4,-0.8,-3.12,Graduado,Graduado,0,0
Solteiro,Jornalismo e Comunicação,Ensino Secundário,135.0,Português,124.9,0,0,1,Feminino,1,0,0,6,7,6,12.666666666666602,0,0,6,6,6,12.833333333333304,0,10.8,1.4,1.74,Graduado,Graduado,0,0
Solteiro,Enfermagem,Ensino Secundário,133.0,Português,128.5,0,0,1,Feminino,1,0,0,8,8,8,14.071250000000001,0,0,8,8,8,14.071250000000001,0,9.4,-0.8,-3.12,Graduado,Graduado,0,0
Solteiro,Enfermagem Veterinária,Frequência do Ensino Superior,122.0,Português,126.2,0,0,1,Feminino,0,0,0,5,14,4,14.25,3,0,5,9,5,13.2,4,9.4,-0.8,-3.12,Desistente,Desistente,1,1
Solteiro,Equincultura,Ensino Secundário,122.0,Português,121.7,0,0,0,Feminino,0,0,0,6,0,0,0.0,0,0,2,2,0,0.0,2,9.4,-0.8,-3.12,Desistente,Desistente,1,1
Solteiro,Ensino Básico,Ensino Secundário,121.0,Português,120.0,0,0,1,Feminino,0,0,0,6,10,3,12.0,0,0,6,8,4,10.25,0,10.8,1.4,1.74,Matriculado,Matriculado,0,
Solteiro,Gestão,Ensino Secundário,123.0,Português,113.2,0,0,1,Feminino,0,0,3,10,18,6,11.166666666666602,2,4,10,16,7,10.571428571428502,0,7.6,2.6,0.32,Matriculado,Matriculado,0,
Solteiro,Serviço Social,Ensino Secundário,128.0,Português,120.3,0,0,1,Feminino,0,0,0,6,12,2,13.0,0,0,6,8,5,11.6,0,7.6,2.6,0.32,Graduado,Graduado,0,0
Solteiro,Design de Animação e Multimédia,Ensino Secundário,139.0,Português,127.8,0,0,1,Feminino,0,0,0,0,0,0,0.0,0,0,0,0,0,0.0,0,10.8,1.4,1.74,Desistente,Desistente,1,1
Solteiro,Enfermagem,Ensino Secundário,124.0,Português,123.3,0,0,1,Feminino,1,0,0,8,8,7,14.901428571428502,1,0,8,8,7,14.901428571428502,1,9.4,-0.8,-3.12,Desistente,Desistente,1,1
Solteiro,Enfermagem,Ensino Secundário,135.0,Português,126.3,0,1,1,Feminino,1,0,0,7,8,7,12.65,0,0,8,9,8,12.445555555555499,0,15.5,2.8,-4.06,Graduado,Graduado,0,0
Solteiro,Gestão (presencial noturno),Curso Técnico Superior Profissional,110.0,Português,128.2,0,0,0,Feminino,0,0,7,12,12,7,11.0,0,5,5,5,5,10.6,0,8.9,1.4,3.51,Desistente,Desistente,1,1
Solteiro,Enfermagem Veterinária,Ensino Secundário,138.0,Português,134.9,0,0,1,Feminino,0,0,0,5,7,4,12.4,0,0,5,9,5,12.666666666666602,0,7.6,2.6,0.32,Graduado,Graduado,0,0
Solteiro,Agronomia,Curso de Especialização Tecnológica,140.0,Português,140.0,0,0,1,Feminino,0,0,0,6,7,6,12.0,0,0,6,7,6,12.666666666666602,0,12.4,0.5,1.79,Graduado,Graduado,0,0
Solteiro,Enfermagem,Ensino Secundário,126.0,Português,115.5,0,0,1,Feminino,1,0,0,7,8,7,12.135714285714197,0,0,8,10,7,13.328571428571399,0,12.4,0.5,1.79,Graduado,Graduado,0,0
Solteiro,Enfermagem,Ensino Secundário,113.0,Português,106.7,0,0,1,Feminino,1,0,0,7,10,5,12.62,0,0,7,8,6,12.5,0,11.1,0.6,2.02,Matriculado,Matriculado,0,
Solteiro,Gestão (presencial noturno),Ensino Secundário,120.0,Português,140.0,0,0,1,Feminino,0,0,0,5,11,3,10.666666666666602,0,0,5,11,3,11.333333333333304,0,15.5,2.8,-4.06,Matriculado,Matriculado,0,
Solteiro,Enfermagem,Ensino Secundário,145.0,Português,136.6,0,0,1,Feminino,1,0,0,7,12,6,13.7666666666666,0,0,8,10,7,14.051428571428502,0,15.5,2.8,-4.06,Graduado,Graduado,0,0
Solteiro,Enfermagem,Ensino Secundário,124.0,Português,119.3,0,0,1,Feminino,0,0,0,8,8,8,13.116249999999999,0,0,8,8,8,13.116249999999999,0,9.4,-0.8,-3.12,Graduado,Graduado,0,0
Solteiro,Design de Comunicação,Ensino Secundário,160.0,Português,152.0,0,0,0,Feminino,0,0,0,5,5,0,0.0,0,0,6,0,0,0.0,0,10.8,1.4,1.74,Desistente,Desistente,1,1
Solteiro,Enfermagem,Ensino Secundário,138.0,Português,144.3,0,0,1,Feminino,0,0,0,7,9,6,12.7,0,0,8,8,7,13.571428571428504,0,13.9,-0.3,0.79,Graduado,Graduado,0,0
Solteiro,Higiene Oral,Ensino Secundário,130.0,Português,159.0,0,0,1,Feminino,0,0,0,7,11,7,11.857142857142803,0,0,8,21,5,11.7,0,12.4,0.5,1.79,Matriculado,Matriculado,0,
Solteiro,Enfermagem,Ensino Secundário,127.0,Português,129.5,0,0,1,Feminino,1,0,0,7,7,6,12.333333333333304,0,0,7,7,6,12.333333333333304,0,7.6,2.6,0.32,Graduado,Graduado,0,0
Solteiro,Serviço Social,Ensino Secundário,170.0,Português,140.0,0,0,1,Feminino,0,0,0,6,9,4,15.75,0,0,6,10,5,16.4,0,9.4,-0.8,-3.12,Matriculado,Matriculado,0,
Solteiro,Gestão de Publicidade e Marketing,Ensino Secundário,111.0,Português,105.4,0,0,1,Feminino,0,0,0,5,6,5,13.333333333333304,0,0,5,6,5,13.2,0,7.6,2.6,0.32,Graduado,Graduado,0,0
Solteiro,Enfermagem,Ensino Secundário,100.0,Português,136.0,0,0,1,Feminino,0,0,4,7,9,7,14.355555555555501,0,5,8,8,8,13.49375,0,15.5,2.8,-4.06,Graduado,Graduado,0,0
Solteiro,Agronomia,Curso de Especialização Tecnológica,160.0,Português,160.0,0,1,1,Feminino,1,0,0,6,8,6,13.0,0,0,6,11,5,13.0,0,15.5,2.8,-4.06,Graduado,Graduado,0,0
Solteiro,Jornalismo e Comunicação,Ensino Secundário,152.0,Português,139.1,0,0,1,Feminino,1,0,0,6,6,6,12.833333333333304,0,0,6,6,6,13.5,0,16.2,0.3,-0.92,Graduado,Graduado,0,0
Solteiro,Gestão de Publicidade e Marketing,Ensino Secundário,144.0,Português,126.9,0,0,1,Feminino,1,0,0,5,5,5,13.2,0,0,5,5,4,13.0,0,9.4,-0.8,-3.12,Graduado,Graduado,0,0
Solteiro,Enfermagem,Ensino Superior - Licenciatura,133.8,Português,184.0,0,0,1,Feminino,0,0,0,7,9,7,17.005555555555496,0,1,8,9,8,16.582222222222196,0,15.5,2.8,-4.06,Graduado,Graduado,0,0
Solteiro,Serviço Social,Ensino Secundário,125.0,Português,125.0,0,1,0,Feminino,1,0,0,6,8,5,10.6,0,0,6,8,5,11.0,0,10.8,1.4,1.74,Graduado,Graduado,0,0
Solteiro,Gestão,Ensino Secundário,150.0,Português,138.5,0,0,1,Feminino,1,0,0,5,5,5,14.0,0,0,5,6,5,13.6,0,12.4,0.5,1.79,Graduado,Graduado,0,0
União de Fato,Enfermagem,Ensino Secundário,143.0,Português,133.5,0,0,1,Feminino,1,0,0,8,8,7,12.114285714285696,0,0,8,8,7,12.114285714285696,0,12.7,3.7,-1.7,Graduado,Graduado,0,0
Solteiro,Enfermagem,Ensino Secundário,145.0,Português,141.5,0,0,1,Feminino,1,0,0,8,8,8,13.05875,0,0,8,8,8,13.05875,0,9.4,-0.8,-3.12,Graduado,Graduado,0,0
Solteiro,Enfermagem,Ensino Secundário,120.0,Português,130.0,0,0,1,Feminino,0,0,4,8,8,7,13.285714285714198,0,4,8,8,7,13.285714285714198,0,12.7,3.7,-1.7,Graduado,Graduado,0,0
Solteiro,Gestão,Ensino Secundário,138.0,Português,131.0,0,0,1,Feminino,0,0,0,5,9,4,11.0,0,0,5,8,3,10.666666666666602,0,12.4,0.5,1.79,Matriculado,Matriculado,0,
Solteiro,Enfermagem,Ensino Secundário,145.0,Português,145.0,0,0,1,Feminino,1,0,0,7,7,7,14.071428571428504,0,0,8,8,8,15.1625,0,13.9,-0.3,0.79,Graduado,Graduado,0,0
Solteiro,Turismo,Ensino Secundário,122.0,Português,114.3,0,0,0,Feminino,0,0,0,6,0,0,0.0,0,0,6,0,0,0.0,0,15.5,2.8,-4.06,Desistente,Desistente,1,1
Solteiro,Design de Animação e Multimédia,Curso de Especialização Tecnológica,110.0,Português,108.3,0,0,0,Feminino,0,0,4,9,9,4,11.25,0,3,10,12,3,11.0,0,12.4,0.5,1.79,Desistente,Desistente,1,1
Solteiro,Design de Comunicação,Ensino Secundário,136.0,Português,125.2,0,0,1,Feminino,1,0,0,6,6,6,14.0,0,0,6,8,6,13.625,0,10.8,1.4,1.74,Graduado,Graduado,0,0
Solteiro,Turismo,Ensino Secundário,145.0,Português,131.7,0,0,1,Feminino,1,0,0,6,8,6,12.166666666666602,0,0,6,11,3,11.666666666666602,0,10.8,1.4,1.74,Desistente,Desistente,1,1
Solteiro,Enfermagem,Ensino Secundário,141.0,Português,126.3,0,0,1,Feminino,0,0,0,8,8,7,13.297142857142802,0,0,8,8,7,13.297142857142802,0,10.8,1.4,1.74,Graduado,Graduado,0,0
Solteiro,Enfermagem Veterinária,Ensino Secundário,149.0,Português,147.6,0,0,1,Feminino,0,0,0,6,14,6,13.923076923076897,0,0,6,9,6,14.25,0,15.5,2.8,-4.06,Graduado,Graduado,0,0
Solteiro,Enfermagem,Ensino Secundário,130.0,Português,125.1,0,0,1,Feminino,0,0,0,7,11,7,13.37,0,0,8,13,7,12.833333333333304,0,15.5,2.8,-4.06,Graduado,Graduado,0,0
Solteiro,Gestão,Ensino Secundário,121.0,Português,123.8,0,0,1,Feminino,1,0,0,5,5,5,12.4,0,0,5,8,3,11.0,0,12.7,3.7,-1.7,Matriculado,Matriculado,0,
Solteiro,Gestão de Publicidade e Marketing,Ensino Secundário,128.0,Português,130.8,0,0,1,Feminino,0,0,0,5,5,4,15.0,0,0,5,5,4,13.75,0,7.6,2.6,0.32,Desistente,Desistente,1,1
Solteiro,Ensino Básico,Ensino Secundário,152.0,Português,154.1,0,1,1,Feminino,1,0,0,6,6,6,13.333333333333304,0,0,6,7,6,12.571428571428502,0,12.7,3.7,-1.7,Graduado,Graduado,0,0
Solteiro,Gestão,Ensino Secundário,132.0,Português,122.6,0,0,1,Feminino,1,0,0,5,8,3,12.0,0,0,5,9,4,12.625,0,10.8,1.4,1.74,Matriculado,Matriculado,0,
Solteiro,Serviço Social (prestação nocturna),Ensino Secundário,107.0,Português,103.5,0,0,1,Feminino,0,0,0,6,7,5,13.4,0,0,6,9,5,12.2,0,7.6,2.6,0.32,Graduado,Graduado,0,0
Solteiro,Design de Animação e Multimédia,Ensino Secundário,131.0,Português,132.8,0,0,1,Feminino,0,0,0,0,0,0,0.0,0,0,0,0,0,0.0,0,7.6,2.6,0.32,Matriculado,Matriculado,0,
Solteiro,Gestão (presencial noturno),Ensino Secundário,141.0,Português,100.0,0,0,1,Feminino,0,0,1,5,9,4,11.5,0,1,5,5,5,11.4,0,8.9,1.4,3.51,Graduado,Graduado,0,0
Solteiro,Ensino Básico,Ensino Secundário,120.0,Português,115.8,0,0,1,Feminino,0,0,0,7,12,6,12.0,0,0,7,11,6,12.166666666666602,0,13.9,-0.3,0.79,Matriculado,Matriculado,0,
Solteiro,Enfermagem,Ensino Secundário,148.0,Português,133.8,0,0,1,Feminino,0,0,0,8,8,7,13.485714285714199,0,0,8,8,7,13.485714285714199,0,12.7,3.7,-1.7,Graduado,Graduado,0,0
Solteiro,Design de Comunicação,Ensino Secundário,130.0,Português,118.5,1,0,1,Feminino,1,0,0,6,6,6,12.0,0,0,6,8,6,11.285714285714198,0,8.9,1.4,3.51,Graduado,Graduado,0,0
Solteiro,Design de Animação e Multimédia,Ensino Secundário,145.0,Português,150.3,0,0,1,Feminino,0,0,0,0,0,0,0.0,0,0,0,0,0,0.0,0,15.5,2.8,-4.06,Desistente,Desistente,1,1
Solteiro,Gestão,Ensino Secundário,112.0,Português,107.8,0,0,1,Feminino,0,0,0,5,7,3,10.333333333333304,0,0,5,11,3,14.428571428571399,0,10.8,1.4,1.74,Matriculado,Matriculado,0,
Solteiro,Enfermagem,Ensino Secundário,138.0,Português,127.5,0,0,1,Feminino,0,0,0,7,10,5,12.94,0,0,7,7,5,13.76,0,16.2,0.3,-0.92,Matriculado,Matriculado,0,
Solteiro,Enfermagem,Ensino Secundário,135.0,Português,120.5,0,0,1,Feminino,0,0,0,8,11,7,13.2585714285714,0,0,8,11,7,13.2585714285714,0,10.8,1.4,1.74,Graduado,Graduado,0,0
Solteiro,Gestão,Ensino Secundário,118.0,Português,117.3,0,0,1,Feminino,0,0,0,5,9,4,12.25,0,0,5,10,4,12.0,0,8.9,1.4,3.51,Matriculado,Matriculado,0,
Solteiro,Turismo,Ensino Secundário,123.0,Português,120.6,0,0,0,Feminino,0,0,0,6,9,3,11.666666666666602,0,0,6,15,1,10.0,0,10.8,1.4,1.74,Desistente,Desistente,1,1
Solteiro,Turismo,Ensino Secundário,126.0,Português,118.7,0,0,1,Feminino,1,0,0,6,7,6,13.571428571428504,0,0,6,6,6,12.5,0,8.9,1.4,3.51,Graduado,Graduado,0,0
Solteiro,Jornalismo e Comunicação,Ensino Secundário,150.0,Brasileiro,130.8,0,0,1,Feminino,1,1,0,6,9,5,11.8,0,0,6,9,5,11.833333333333304,0,15.5,2.8,-4.06,Graduado,Graduado,0,0
Solteiro,Gestão,Ensino Secundário,121.0,Português,112.6,0,0,1,Feminino,1,0,0,5,7,5,14.2,0,0,5,7,5,13.285714285714198,0,11.1,0.6,2.02,Graduado,Graduado,0,0
Solteiro,Gestão (presencial noturno),Ensino Básico (3º Ciclo),133.1,Português,117.2,0,0,1,Feminino,0,0,0,5,8,5,11.0,0,0,5,6,5,11.8,1,7.6,2.6,0.32,Graduado,Graduado,0,0
Divorciado,Enfermagem,Ensino Superior - Licenciatura (1º Ciclo),130.0,Português,130.0,0,0,1,Feminino,0,0,0,7,16,4,13.625,0,0,7,8,7,12.6375,0,12.4,0.5,1.79,Matriculado,Matriculado,0,
Solteiro,Enfermagem,Ensino Secundário,139.0,Português,131.8,0,0,1,Feminino,0,0,0,8,8,7,14.652857142857096,0,0,8,8,7,14.652857142857096,0,10.8,1.4,1.74,Graduado,Graduado,0,0
Divorciado,Serviço Social (prestação nocturna),Ensino Secundário,160.0,Português,97.0,0,0,1,Feminino,1,0,0,6,9,6,11.333333333333304,0,0,6,6,6,11.333333333333304,0,15.5,2.8,-4.06,Graduado,Graduado,0,0
Solteiro,Enfermagem,Ensino Secundário,110.0,Português,130.0,0,1,0,Feminino,0,0,0,7,12,4,13.7,0,0,7,7,0,0.0,0,16.2,0.3,-0.92,Desistente,Desistente,1,1
Solteiro,Serviço Social (prestação nocturna),Ensino Superior - Licenciatura (1º Ciclo),140.0,Português,148.0,0,0,1,Feminino,0,0,7,11,11,11,13.7272727272727,0,4,8,8,8,14.75,0,12.4,0.5,1.79,Graduado,Graduado,0,0
Casado,Gestão,Ensino Superior - Licenciatura,130.0,Português,103.4,0,0,1,Feminino,0,0,4,7,9,7,11.75,0,3,8,12,7,11.142857142857096,0,12.7,3.7,-1.7,Desistente,Desistente,1,1
Solteiro,Jornalismo e Comunicação,Ensino Secundário,132.0,Português,127.1,0,0,1,Masculino,0,0,0,6,9,6,12.333333333333304,0,0,6,11,5,13.0,0,7.6,2.6,0.32,Graduado,Graduado,0,0
Solteiro,Jornalismo e Comunicação,Ensino Secundário,139.0,Português,124.0,0,0,1,Feminino,1,0,0,6,6,6,14.0,0,0,6,7,6,13.8571428571428,0,15.5,2.8,-4.06,Desistente,Desistente,1,1
Solteiro,Gestão de Publicidade e Marketing,Ensino Secundário,135.0,Português,121.4,0,0,1,Masculino,0,0,0,5,7,4,11.5,0,0,5,6,4,11.75,0,9.4,-0.8,-3.12,Graduado,Graduado,0,0
Solteiro,Gestão,Ensino Secundário,117.0,Português,118.1,0,0,1,Masculino,0,0,0,5,6,5,11.2,0,0,5,5,5,13.2,0,12.4,0.5,1.79,Graduado,Graduado,0,0
Solteiro,Enfermagem,Ensino Secundário,137.0,Português,121.3,0,0,1,Masculino,1,0,0,8,8,7,15.07,0,0,8,8,7,15.07,0,10.8,1.4,1.74,Graduado,Graduado,0,0
Solteiro,Engenharia Informática,Ensino Secundário,144.0,Português,119.5,0,0,1,Masculino,0,0,0,5,6,1,10.0,0,0,5,7,1,12.0,0,10.8,1.4,1.74,Desistente,Desistente,1,1
Solteiro,Gestão (presencial noturno),Ensino Secundário,130.0,Português,115.2,0,0,1,Masculino,0,0,0,5,5,4,12.0,0,0,5,6,5,12.666666666666602,0,12.4,0.5,1.79,Matriculado,Matriculado,0,
Solteiro,Gestão de Publicidade e Marketing,Ensino Secundário,140.0,Português,130.2,0,0,1,Masculino,0,0,0,6,11,4,13.0,0,0,6,11,4,12.6,0,12.7,3.7,-1.7,Graduado,Graduado,0,0
Solteiro,Turismo,Ensino Secundário,130.0,Português,130.0,0,0,1,Masculino,0,0,0,6,7,4,11.0,0,0,6,7,3,11.25,0,16.2,0.3,-0.92,Desistente,Desistente,1,1
Solteiro,Serviço Social,Ensino Secundário,130.0,Português,126.9,0,0,1,Feminino,0,0,0,6,8,6,13.571428571428504,0,0,6,11,5,12.166666666666602,0,9.4,-0.8,-3.12,Graduado,Graduado,0,0
Solteiro,Design de Comunicação,Ensino Secundário,152.0,Mexicano,168.5,0,0,1,Masculino,0,1,0,6,7,5,14.6,0,0,6,6,5,14.2,0,16.2,0.3,-0.92,Graduado,Graduado,0,0
Divorciado,Enfermagem,Ensino Secundário,133.1,Português,130.0,0,1,1,Feminino,0,0,0,7,13,3,11.833333333333304,0,0,7,14,2,10.0,0,16.2,0.3,-0.92,Desistente,Desistente,1,1
Solteiro,Higiene Oral,Ensino Secundário,140.0,Português,122.8,0,0,1,Feminino,1,0,0,7,11,7,12.625,0,0,8,11,8,12.5125,0,12.7,3.7,-1.7,Graduado,Graduado,0,0
Separado Judicialmente,Enfermagem,Ensino Secundário,133.1,Português,110.0,0,0,1,Feminino,0,0,0,7,12,4,11.5,0,0,7,14,3,12.333333333333304,0,16.2,0.3,-0.92,Desistente,Desistente,1,1
Solteiro,Enfermagem Veterinária,Ensino Secundário,140.0,Português,127.1,0,0,1,Feminino,0,0,0,5,8,4,13.25,1,0,5,10,4,10.5,0,12.7,3.7,-1.7,Graduado,Graduado,0,0
Solteiro,Enfermagem,Ensino Secundário,133.1,Português,108.5,0,0,1,Feminino,0,0,0,7,9,7,12.60625,0,0,8,12,6,11.9,0,12.4,0.5,1.79,Graduado,Graduado,0,0
Solteiro,Enfermagem Veterinária,Curso Técnico Superior Profissional,140.0,Português,138.2,0,1,0,Feminino,0,0,7,10,15,8,13.75,0,4,9,17,5,13.2,0,8.9,1.4,3.51,Desistente,Desistente,1,1
Solteiro,Enfermagem,Ensino Secundário,133.1,Português,96.0,0,0,1,Feminino,0,0,0,7,10,6,13.598333333333304,0,0,8,11,6,11.933333333333303,0,11.1,0.6,2.02,Matriculado,Matriculado,0,
Solteiro,Serviço Social,Ensino Secundário,135.0,Português,124.5,0,0,1,Feminino,1,0,0,6,11,5,11.142857142857096,0,0,6,8,6,12.285714285714198,0,16.2,0.3,-0.92,Graduado,Graduado,0,0
Casado,Enfermagem,Ensino Superior - Licenciatura,120.0,Português,120.0,0,0,1,Feminino,0,0,7,11,11,11,12.7,0,6,10,12,10,12.968181818181804,0,13.9,-0.3,0.79,Matriculado,Matriculado,0,
Solteiro,Gestão,Ensino Secundário,140.0,Português,132.3,0,0,1,Feminino,0,0,0,5,9,1,10.0,0,0,5,10,1,11.0,0,7.6,2.6,0.32,Desistente,Desistente,1,1
Solteiro,Turismo,Ensino Secundário,128.0,Português,120.7,0,1,1,Feminino,0,0,0,6,8,6,11.666666666666602,0,0,6,10,4,11.5,0,13.9,-0.3,0.79,Graduado,Graduado,0,0
Solteiro,Gestão de Publicidade e Marketing,Ensino Secundário,141.0,Português,132.6,0,0,1,Feminino,1,0,0,6,8,6,14.0,0,0,6,7,6,13.142857142857096,0,11.1,0.6,2.02,Graduado,Graduado,0,0
Solteiro,Equincultura,Ensino Superior - Licenciatura,140.0,Português,140.0,0,0,1,Feminino,0,0,0,5,9,0,0.0,4,0,5,9,0,0.0,3,10.8,1.4,1.74,Desistente,Desistente,1,1
Solteiro,Enfermagem,Ensino Secundário,139.0,Português,124.5,0,0,1,Feminino,0,0,0,8,9,7,12.041428571428503,0,0,8,9,7,12.041428571428503,0,10.8,1.4,1.74,Graduado,Graduado,0,0
Solteiro,Design de Animação e Multimédia,Ensino Secundário,142.0,Português,142.0,0,0,1,Feminino,1,0,0,0,0,0,0.0,0,0,0,0,0,0.0,0,13.9,-0.3,0.79,Graduado,Graduado,0,0
Solteiro,Turismo,Ensino Superior - Licenciatura (1º Ciclo),130.0,Português,130.0,0,0,1,Feminino,0,0,12,13,14,13,13.769230769230699,0,9,12,16,12,14.583333333333304,0,13.9,-0.3,0.79,Graduado,Graduado,0,0
Casado,Agronomia,Ensino Secundário,130.0,Português,144.0,0,0,1,Feminino,0,0,13,18,20,18,15.444444444444397,0,11,13,13,13,15.307692307692301,0,15.5,2.8,-4.06,Graduado,Graduado,0,0
Solteiro,Ensino Básico,Ensino Secundário,125.0,Português,128.5,0,0,1,Feminino,0,0,0,7,9,6,11.5,0,0,7,8,7,12.714285714285698,0,13.9,-0.3,0.79,Matriculado,Matriculado,0,
Solteiro,Design de Comunicação,Ensino Superior - Licenciatura,140.0,Português,140.0,0,0,0,Feminino,0,0,0,3,3,2,10.0,0,0,6,0,0,0.0,0,10.8,1.4,1.74,Desistente,Desistente,1,1
Solteiro,Ensino Básico,Ensino Secundário,120.0,Português,113.9,0,0,1,Feminino,0,0,0,6,8,4,12.25,0,0,6,13,3,10.333333333333304,0,12.7,3.7,-1.7,Desistente,Desistente,1,1
Solteiro,Serviço Social,Ensino Secundário,147.0,Português,137.2,0,0,0,Feminino,0,0,0,6,6,6,14.5,0,0,6,6,6,15.1666666666666,0,10.8,1.4,1.74,Graduado,Graduado,0,0
Solteiro,Enfermagem Veterinária,Ensino Superior - Licenciatura (1º Ciclo),140.0,Português,140.0,0,0,1,Feminino,0,0,0,6,7,6,15.571428571428504,0,0,6,8,6,16.375,0,12.4,0.5,1.79,Graduado,Graduado,0,0
Solteiro,Equincultura,Ensino Secundário,161.0,Português,152.3,0,0,1,Feminino,0,0,0,6,7,6,15.571428571428504,0,0,6,7,6,14.714285714285703,0,11.1,0.6,2.02,Graduado,Graduado,0,0
Casado,Serviço Social (prestação nocturna),Ensino Básico (3º Ciclo),133.1,Português,112.5,0,0,1,Feminino,0,0,0,6,8,5,13.8,0,0,6,7,6,12.166666666666602,0,9.4,-0.8,-3.12,Graduado,Graduado,0,0
Casado,Gestão,Ensino Secundário,150.0,Português,101.0,0,1,0,Feminino,0,0,0,5,8,3,10.666666666666602,0,0,5,14,2,14.8,0,10.8,1.4,1.74,Desistente,Desistente,1,1
Solteiro,Serviço Social,Ensino Secundário,113.0,Português,112.3,0,1,1,Feminino,1,0,0,6,8,5,11.6,0,0,6,8,4,11.75,0,8.9,1.4,3.51,Graduado,Graduado,0,0
Solteiro,Serviço Social,Ensino Secundário,140.0,Português,114.0,0,0,0,Feminino,0,0,0,6,11,1,13.0,0,0,6,12,0,0.0,0,9.4,-0.8,-3.12,Desistente,Desistente,1,1
Solteiro,Gestão,Ensino Superior - Licenciatura,130.0,Português,130.0,0,0,1,Feminino,0,0,0,5,9,3,12.0,0,0,5,11,4,13.625,0,10.8,1.4,1.74,Graduado,Graduado,0,0
Solteiro,Enfermagem,Ensino Secundário,120.0,Português,121.5,0,1,1,Feminino,0,0,11,14,14,12,12.333333333333304,2,11,14,14,12,12.333333333333304,2,7.6,2.6,0.32,Graduado,Graduado,0,0
Casado,Agronomia,Ensino Básico (3º Ciclo),133.1,Português,120.0,0,1,1,Feminino,0,0,0,6,10,6,12.875,0,0,6,12,6,12.9,0,16.2,0.3,-0.92,Matriculado,Matriculado,0,
Solteiro,Serviço Social (prestação nocturna),Ensino Superior - Licenciatura,130.0,Português,130.0,0,0,0,Feminino,0,0,0,6,12,1,11.0,0,0,6,0,0,0.0,0,12.7,3.7,-1.7,Desistente,Desistente,1,1
Casado,Agronomia,Ensino Secundário,120.0,Português,125.7,0,1,0,Feminino,0,0,0,6,10,4,12.25,0,0,6,13,4,10.5,0,8.9,1.4,3.51,Desistente,Desistente,1,1
Solteiro,Higiene Oral,Ensino Secundário,140.0,Português,128.0,0,0,0,Feminino,0,0,0,7,7,0,0.0,7,0,8,8,0,0.0,7,10.8,1.4,1.74,Desistente,Desistente,1,1
Solteiro,Serviço Social,Ensino Secundário,123.0,Português,113.2,0,0,1,Feminino,1,0,0,6,11,4,10.75,0,0,6,13,5,11.5,0,15.5,2.8,-4.06,Matriculado,Matriculado,0,
Divorciado,Enfermagem,Ensino Básico (3º Ciclo),133.1,Português,120.0,0,0,1,Feminino,1,0,0,8,9,8,13.63,1,0,8,9,8,13.63,1,9.4,-0.8,-3.12,Graduado,Graduado,0,0
Solteiro,Gestão de Publicidade e Marketing,Ensino Secundário,130.0,Português,117.8,0,0,1,Feminino,0,0,0,5,8,3,13.0,0,0,5,7,4,11.5,1,7.6,2.6,0.32,Graduado,Graduado,0,0
Solteiro,Enfermagem,Ensino Secundário,126.0,Português,121.3,0,0,1,Feminino,1,0,0,7,9,6,13.533333333333303,0,0,7,7,7,12.2285714285714,0,12.4,0.5,1.79,Matriculado,Matriculado,0,
Solteiro,Enfermagem,Ensino Secundário,176.0,Português,169.7,0,0,1,Feminino,1,0,0,7,7,7,16.9,0,0,8,9,8,16.3777777777777,0,16.2,0.3,-0.92,Graduado,Graduado,0,0
Solteiro,Serviço Social,Ensino Secundário,124.0,Português,117.7,0,0,1,Feminino,0,0,0,6,10,5,12.0,0,0,6,11,4,12.0,0,16.2,0.3,-0.92,Graduado,Graduado,0,0
Solteiro,Serviço Social (prestação nocturna),Curso de Especialização Tecnológica,120.0,Português,121.8,0,0,1,Feminino,0,0,3,6,6,6,12.5,0,2,6,7,6,13.285714285714198,0,12.4,0.5,1.79,Graduado,Graduado,0,0
Solteiro,Enfermagem,Ensino Secundário,140.0,Português,128.3,0,0,1,Feminino,0,0,0,8,8,7,12.764285714285696,0,0,8,8,7,12.764285714285696,0,10.8,1.4,1.74,Graduado,Graduado,0,0
Solteiro,Gestão,Ensino Secundário,143.0,Português,132.2,0,0,1,Feminino,1,0,0,5,8,5,13.75,0,0,5,6,5,12.166666666666602,0,13.9,-0.3,0.79,Graduado,Graduado,0,0
Solteiro,Design de Animação e Multimédia,Ensino Secundário,136.0,Português,134.3,0,1,1,Feminino,0,0,0,0,0,0,0.0,0,0,0,0,0,0.0,0,12.4,0.5,1.79,Desistente,Desistente,1,1
Solteiro,Enfermagem,Ensino Secundário,132.0,Português,123.4,0,0,1,Feminino,1,0,0,7,7,7,14.604285714285703,0,0,8,9,8,15.683333333333303,0,11.1,0.6,2.02,Graduado,Graduado,0,0
Casado,Gestão (presencial noturno),Ensino Básico (3º Ciclo),133.1,Português,121.7,0,1,0,Feminino,0,0,0,5,7,0,0.0,0,0,5,7,0,0.0,0,16.2,0.3,-0.92,Desistente,Desistente,1,1
Casado,Serviço Social (prestação nocturna),Ensino Básico (3º Ciclo),100.0,Português,130.0,0,1,1,Feminino,1,0,0,6,9,5,13.833333333333304,0,0,6,7,6,12.5,0,9.4,-0.8,-3.12,Graduado,Graduado,0,0
Solteiro,Enfermagem,Ensino Secundário,137.0,Português,126.5,0,0,1,Feminino,1,0,0,8,8,8,13.576249999999998,0,0,8,8,8,13.576249999999998,0,9.4,-0.8,-3.12,Graduado,Graduado,0,0
Solteiro,Serviço Social,Ensino Secundário,153.0,Português,159.7,0,0,1,Feminino,1,0,0,6,7,6,15.142857142857096,0,0,6,6,6,15.833333333333304,0,12.7,3.7,-1.7,Graduado,Graduado,0,0
Solteiro,Gestão,Ensino Secundário,160.0,Português,151.3,0,0,1,Feminino,0,0,0,5,8,3,10.666666666666602,0,0,5,8,5,11.6,0,7.6,2.6,0.32,Graduado,Graduado,0,0
Solteiro,Serviço Social,Ensino Secundário,145.0,Português,138.0,0,0,1,Feminino,0,0,0,6,11,5,11.2,0,0,6,6,6,12.0,0,9.4,-0.8,-3.12,Graduado,Graduado,0,0
Solteiro,Enfermagem,Ensino Secundário,137.0,Português,126.5,0,0,1,Feminino,0,0,0,8,8,8,13.763749999999998,0,0,8,8,8,13.763749999999998,0,9.4,-0.8,-3.12,Graduado,Graduado,0,0
Solteiro,Enfermagem Veterinária,Curso Técnico Superior Profissional,140.0,Português,140.0,0,1,1,Feminino,0,0,7,9,10,8,13.25,0,4,9,14,5,12.2,0,8.9,1.4,3.51,Matriculado,Matriculado,0,
Solteiro,Serviço Social,Ensino Secundário,120.0,Português,112.3,0,0,1,Feminino,1,0,0,6,10,5,10.7142857142857,0,0,6,10,5,12.2,0,12.7,3.7,-1.7,Graduado,Graduado,0,0
Solteiro,Serviço Social,Ensino Secundário,122.0,Português,127.3,0,1,1,Feminino,0,0,0,6,6,6,12.166666666666602,0,0,6,7,6,11.666666666666602,0,9.4,-0.8,-3.12,Graduado,Graduado,0,0
Solteiro,Enfermagem,Ensino Superior - Licenciatura,130.0,Português,130.0,0,0,1,Feminino,0,0,1,7,8,6,14.3571428571428,0,1,7,8,6,14.3571428571428,0,7.6,2.6,0.32,Graduado,Graduado,0,0
Solteiro,Jornalismo e Comunicação,Ensino Secundário,133.1,Português,115.0,0,0,1,Feminino,0,0,0,6,6,6,12.833333333333304,0,0,6,6,6,12.666666666666602,0,16.2,0.3,-0.92,Graduado,Graduado,0,0
Solteiro,Enfermagem,Ensino Secundário,150.0,Português,131.5,0,0,1,Feminino,0,0,0,8,8,7,13.925714285714198,0,0,8,8,7,13.925714285714198,0,10.8,1.4,1.74,Graduado,Graduado,0,0
Solteiro,Gestão (presencial noturno),Ensino Secundário,133.1,Português,125.7,0,0,1,Feminino,0,0,0,5,9,2,12.0,0,0,5,9,3,11.0,0,10.8,1.4,1.74,Desistente,Desistente,1,1
Solteiro,Enfermagem,Ensino Secundário,141.0,Português,126.8,0,0,1,Feminino,0,0,0,7,7,7,13.442857142857097,0,0,8,9,8,13.744444444444397,0,16.2,0.3,-0.92,Graduado,Graduado,0,0
Solteiro,Engenharia Informática,Ensino Secundário,146.0,Português,132.4,0,0,1,Masculino,0,0,0,5,5,1,16.0,0,0,5,5,0,0.0,0,9.4,-0.8,-3.12,Desistente,Desistente,1,1
Solteiro,Agronomia,Curso de Especialização Tecnológica,150.0,Português,150.0,0,0,1,Masculino,0,0,0,6,8,6,13.125,0,0,6,10,6,13.2,0,16.2,0.3,-0.92,Graduado,Graduado,0,0
Solteiro,Gestão de Publicidade e Marketing,Ensino Secundário,133.1,Português,95.0,0,0,1,Masculino,0,0,0,6,7,0,0.0,0,0,6,6,0,0.0,0,15.5,2.8,-4.06,Desistente,Desistente,1,1
Solteiro,Gestão (presencial noturno),Ensino Secundário,120.0,Português,128.2,0,0,0,Masculino,0,0,5,9,9,5,11.4,0,4,4,4,4,11.0,0,10.8,1.4,1.74,Desistente,Desistente,1,1
Casado,Equincultura,Ensino Secundário,150.0,Português,130.0,0,0,0,Masculino,0,0,0,4,12,2,11.0,2,0,5,9,3,11.666666666666602,0,9.4,-0.8,-3.12,Desistente,Desistente,1,1
Solteiro,Engenharia Informática,Ensino Básico (3º Ciclo),133.1,Português,100.0,0,0,1,Masculino,0,0,0,5,13,1,11.0,0,0,5,11,1,10.0,0,13.9,-0.3,0.79,Matriculado,Matriculado,0,
Solteiro,Enfermagem Veterinária,Curso de Especialização Tecnológica,140.0,Português,159.9,0,0,1,Feminino,0,0,2,6,14,5,13.6666666666666,0,2,6,10,5,13.0,0,16.2,0.3,-0.92,Graduado,Graduado,0,0
Casado,Gestão (presencial noturno),Ensino Secundário,140.0,Português,100.0,0,0,0,Feminino,0,0,2,6,10,4,11.75,0,0,5,6,1,10.0,0,12.7,3.7,-1.7,Desistente,Desistente,1,1
Casado,Ensino Básico,Ensino Secundário,133.1,Português,116.5,0,0,1,Feminino,0,0,0,7,11,1,10.0,0,0,7,7,1,13.0,0,16.2,0.3,-0.92,Desistente,Desistente,1,1
Solteiro,Serviço Social,Ensino Secundário,128.0,Português,120.0,0,0,1,Feminino,1,0,0,6,8,6,13.5,0,0,6,9,6,12.833333333333304,0,11.1,0.6,2.02,Graduado,Graduado,0,0
Solteiro,Serviço Social,Ensino Secundário,117.0,Português,117.0,0,1,1,Feminino,0,0,0,6,0,0,0.0,0,0,6,0,0,0.0,0,12.4,0.5,1.79,Desistente,Desistente,1,1
Solteiro,Gestão de Publicidade e Marketing,Curso Técnico Superior Profissional,140.0,Português,140.0,0,1,1,Feminino,0,0,0,6,12,1,12.0,0,0,6,11,1,11.0,0,8.9,1.4,3.51,Matriculado,Matriculado,0,
Solteiro,Ensino Básico,Ensino Secundário,124.0,Português,118.1,0,0,0,Feminino,0,0,0,6,11,3,13.0,0,0,6,10,5,11.8,0,9.4,-0.8,-3.12,Desistente,Desistente,1,1
Solteiro,Turismo,Ensino Secundário,158.0,Português,153.5,0,0,1,Feminino,0,0,0,6,7,6,14.833333333333304,0,0,6,6,6,16.0,0,11.1,0.6,2.02,Graduado,Graduado,0,0
Solteiro,Jornalismo e Comunicação,Ensino Secundário,137.0,Português,127.9,0,0,1,Feminino,0,0,0,6,6,6,11.833333333333304,0,0,6,7,6,12.857142857142804,0,15.5,2.8,-4.06,Graduado,Graduado,0,0
Solteiro,Gestão de Publicidade e Marketing,Ensino Secundário,123.0,Português,118.8,1,0,1,Feminino,1,0,0,6,10,5,12.0,0,0,6,11,5,12.333333333333304,0,11.1,0.6,2.02,Graduado,Graduado,0,0
Solteiro,Serviço Social,Ensino Secundário,126.0,Português,126.7,0,0,1,Feminino,0,0,0,6,11,4,12.75,0,0,6,7,6,11.333333333333304,0,7.6,2.6,0.32,Graduado,Graduado,0,0
Solteiro,Enfermagem Veterinária,Ensino Secundário,170.0,Português,170.0,0,0,1,Feminino,0,0,0,5,5,0,0.0,5,0,5,7,4,14.75,1,12.7,3.7,-1.7,Matriculado,Matriculado,0,
Divorciado,Equincultura,Ensino Secundário,133.1,Português,110.0,0,0,1,Feminino,1,0,0,6,7,0,0.0,0,0,6,16,1,10.0,0,11.1,0.6,2.02,Desistente,Desistente,1,1
Solteiro,Serviço Social,Ensino Secundário,115.0,Português,115.0,0,0,1,Feminino,0,0,0,6,6,6,12.0,0,0,6,7,6,12.857142857142804,0,11.1,0.6,2.02,Graduado,Graduado,0,0
Solteiro,Higiene Oral,Ensino Secundário,132.0,Português,119.0,0,0,1,Feminino,0,0,0,7,9,7,11.6777777777777,0,0,8,8,8,13.8,0,12.7,3.7,-1.7,Graduado,Graduado,0,0
Solteiro,Enfermagem,Ensino Secundário,132.0,Português,121.8,0,0,1,Feminino,1,0,0,8,8,7,13.6,0,0,8,8,7,13.6,0,12.7,3.7,-1.7,Graduado,Graduado,0,0
Solteiro,Enfermagem Veterinária,Ensino Secundário,143.0,Português,133.4,0,0,1,Feminino,0,0,0,6,7,6,16.0,0,0,6,8,6,15.875,0,12.4,0.5,1.79,Graduado,Graduado,0,0
Solteiro,Serviço Social,Ensino Secundário,137.0,Português,131.4,0,0,1,Feminino,0,0,0,6,9,5,11.8,0,0,6,7,6,11.5,0,7.6,2.6,0.32,Graduado,Graduado,0,0
Solteiro,Engenharia Informática,Ensino Secundário,130.0,Português,135.0,0,1,1,Masculino,0,0,0,5,5,0,0.0,0,2,6,7,2,14.0,0,13.9,-0.3,0.79,Desistente,Desistente,1,1
Solteiro,Jornalismo e Comunicação,Ensino Secundário,121.0,Português,122.8,0,0,1,Masculino,0,0,0,6,0,0,0.0,0,0,6,0,0,0.0,0,12.4,0.5,1.79,Desistente,Desistente,1,1
Casado,Ensino Básico,Ensino Secundário,130.0,Português,140.0,0,1,1,Feminino,1,0,0,6,7,6,16.142857142857096,0,0,6,10,6,16.2,0,9.4,-0.8,-3.12,Graduado,Graduado,0,0
Solteiro,Enfermagem,Ensino Secundário,135.0,Português,125.3,0,0,1,Feminino,1,0,0,8,8,7,11.785714285714198,0,0,8,8,7,11.785714285714198,0,12.7,3.7,-1.7,Graduado,Graduado,0,0
Solteiro,Enfermagem,Ensino Secundário,137.0,Português,126.3,0,0,1,Feminino,1,0,0,8,8,8,13.423750000000002,0,0,8,8,8,13.423750000000002,0,9.4,-0.8,-3.12,Graduado,Graduado,0,0
Solteiro,Gestão de Publicidade e Marketing,Ensino Secundário,100.0,Português,100.0,0,0,1,Feminino,0,0,0,6,8,6,12.5,0,0,6,10,5,14.1666666666666,0,11.1,0.6,2.02,Graduado,Graduado,0,0
Solteiro,Enfermagem,Ensino Secundário,127.0,Português,121.3,0,0,1,Feminino,1,0,0,8,8,7,12.464285714285698,0,0,8,8,7,12.464285714285698,0,10.8,1.4,1.74,Graduado,Graduado,0,0
Solteiro,Gestão (presencial noturno),Ensino Secundário,140.0,Português,135.0,0,1,1,Feminino,0,0,6,11,18,8,12.375,0,3,9,15,5,12.6,0,8.9,1.4,3.51,Matriculado,Matriculado,0,
Solteiro,Gestão de Publicidade e Marketing,Ensino Secundário,140.0,Português,120.0,0,0,1,Feminino,0,0,0,6,8,1,10.0,0,0,6,9,0,0.0,0,10.8,1.4,1.74,Desistente,Desistente,1,1
Solteiro,Jornalismo e Comunicação,Ensino Secundário,121.0,Português,113.7,0,0,1,Feminino,0,0,0,6,8,5,12.6,0,0,6,10,6,12.428571428571399,0,15.5,2.8,-4.06,Matriculado,Matriculado,0,
Solteiro,Gestão,Ensino Secundário,131.0,Português,129.7,0,0,1,Feminino,0,0,0,5,5,5,12.6,0,0,5,6,4,12.4,0,16.2,0.3,-0.92,Graduado,Graduado,0,0
Casado,Gestão,Ensino Secundário,151.0,Português,132.1,0,0,1,Feminino,0,0,0,5,7,2,10.0,0,0,5,6,4,12.0,0,7.6,2.6,0.32,Desistente,Desistente,1,1
Casado,Ensino Básico,Ensino Secundário,130.0,Português,120.3,0,0,1,Feminino,0,0,0,7,7,0,0.0,0,0,6,0,0,0.0,0,8.9,1.4,3.51,Desistente,Desistente,1,1
Solteiro,Gestão (presencial noturno),Ensino Superior - Licenciatura (1º Ciclo),120.0,Português,120.0,0,0,1,Feminino,0,0,0,5,7,5,11.6,0,0,5,8,5,12.333333333333304,0,12.4,0.5,1.79,Graduado,Graduado,0,0
Solteiro,Turismo,Ensino Secundário,136.0,Português,123.1,0,0,1,Feminino,0,0,0,6,8,6,12.166666666666602,0,0,6,6,6,13.5,0,11.1,0.6,2.02,Graduado,Graduado,0,0
Solteiro,Gestão de Publicidade e Marketing,Ensino Secundário,125.0,Português,119.4,0,0,1,Feminino,0,0,0,6,10,4,13.6,0,0,6,7,5,12.666666666666602,0,11.1,0.6,2.02,Graduado,Graduado,0,0
Casado,Gestão,Ensino Secundário,133.1,Português,140.0,0,0,0,Feminino,0,0,0,5,8,4,12.5,1,0,5,8,5,11.8,0,9.4,-0.8,-3.12,Desistente,Desistente,1,1
Solteiro,Serviço Social (prestação nocturna),Ensino Secundário,133.1,Português,116.5,0,0,1,Masculino,1,0,0,6,6,4,12.25,0,0,6,10,4,11.5,0,12.4,0.5,1.79,Matriculado,Matriculado,0,
Solteiro,Serviço Social,Ensino Secundário,120.0,Português,113.0,0,0,1,Feminino,1,0,0,6,7,6,11.714285714285698,0,0,6,8,6,12.625,0,13.9,-0.3,0.79,Graduado,Graduado,0,0
Solteiro,Jornalismo e Comunicação,Ensino Secundário,143.0,Italiano,133.9,0,0,1,Masculino,1,1,0,6,7,6,13.5,0,0,6,7,6,13.0,0,16.2,0.3,-0.92,Graduado,Graduado,0,0
Solteiro,Enfermagem,Ensino Secundário,133.1,Português,115.5,0,0,1,Masculino,1,0,0,8,8,7,13.024285714285696,0,0,8,8,7,13.024285714285696,0,10.8,1.4,1.74,Graduado,Graduado,0,0
Solteiro,Turismo,Ensino Secundário,121.0,Português,116.5,0,0,0,Masculino,0,0,0,6,12,0,0.0,0,0,6,0,0,0.0,0,9.4,-0.8,-3.12,Desistente,Desistente,1,1
Solteiro,Engenharia Informática,Ensino Secundário,168.0,Português,171.2,0,0,1,Masculino,1,0,0,5,6,5,17.333333333333304,0,0,5,8,5,18.571428571428502,0,12.4,0.5,1.79,Graduado,Graduado,0,0
Solteiro,Gestão de Publicidade e Marketing,Ensino Secundário,124.0,Português,119.1,0,0,1,Masculino,1,0,0,5,7,4,11.0,0,0,5,7,4,11.5,0,9.4,-0.8,-3.12,Graduado,Graduado,0,0
Solteiro,Ensino Básico,Ensino Secundário,127.0,Português,121.1,0,0,1,Masculino,0,0,0,7,10,6,13.6666666666666,0,0,7,9,6,12.5,0,12.4,0.5,1.79,Desistente,Desistente,1,1
Solteiro,Design de Comunicação,Ensino Secundário,129.0,Português,132.9,0,0,1,Masculino,1,0,0,6,9,6,11.375,0,0,6,6,5,13.8,0,7.6,2.6,0.32,Matriculado,Matriculado,0,
Solteiro,Serviço Social,Ensino Secundário,137.0,Português,132.8,0,0,1,Masculino,0,0,0,6,6,6,12.833333333333304,0,0,6,8,6,11.833333333333304,0,10.8,1.4,1.74,Graduado,Graduado,0,0
Solteiro,Jornalismo e Comunicação,Ensino Secundário,120.0,Português,126.7,0,0,1,Masculino,0,0,0,6,9,5,12.6,0,0,6,11,4,11.5,0,7.6,2.6,0.32,Graduado,Graduado,0,0
Solteiro,Enfermagem,Ensino Secundário,110.0,Português,105.8,0,0,1,Masculino,0,0,0,7,8,6,14.333333333333304,0,0,8,9,7,13.771428571428505,0,11.1,0.6,2.02,Graduado,Graduado,0,0
Solteiro,Engenharia Informática,Ensino Secundário,120.0,Português,117.2,0,0,1,Masculino,1,0,0,5,8,4,13.5,0,0,6,10,6,13.625,0,11.1,0.6,2.02,Matriculado,Matriculado,0,
Solteiro,Enfermagem,Ensino Secundário,143.0,Português,140.0,0,0,1,Masculino,0,0,0,8,8,7,14.285714285714198,0,0,8,8,7,14.285714285714198,0,12.7,3.7,-1.7,Graduado,Graduado,0,0
Solteiro,Agronomia,Curso de Especialização Tecnológica,120.0,Português,120.0,0,0,1,Masculino,0,0,2,6,15,3,11.75,0,0,6,12,2,10.0,0,13.9,-0.3,0.79,Desistente,Desistente,1,1
Solteiro,Engenharia Informática,Ensino Secundário,124.0,Italiano,119.5,0,0,1,Masculino,0,1,0,5,5,5,14.8,0,0,5,5,5,17.6,0,8.9,1.4,3.51,Graduado,Graduado,0,0
Casado,Agronomia,Ensino Secundário,168.0,Português,153.9,0,1,0,Masculino,0,0,0,6,7,0,0.0,0,0,6,0,0,0.0,0,12.4,0.5,1.79,Desistente,Desistente,1,1
Casado,Serviço Social (prestação nocturna),Ensino Básico (3º Ciclo),133.1,Português,130.0,0,0,1,Masculino,0,0,0,6,14,1,10.0,0,0,5,5,0,0.0,0,16.2,0.3,-0.92,Desistente,Desistente,1,1
Solteiro,Gestão de Publicidade e Marketing,Ensino Secundário,150.0,Português,107.0,0,0,1,Masculino,0,0,0,5,5,0,0.0,0,0,5,5,0,0.0,0,7.6,2.6,0.32,Desistente,Desistente,1,1
Solteiro,Enfermagem,Ensino Secundário,140.0,Português,132.8,0,0,1,Masculino,0,0,0,7,10,4,12.6,0,0,7,9,5,12.38,0,12.4,0.5,1.79,Desistente,Desistente,1,1
Solteiro,Gestão (presencial noturno),Ensino Secundário,145.0,Português,127.5,0,0,1,Masculino,0,0,0,5,9,5,12.428571428571399,1,0,5,7,5,11.8,0,7.6,2.6,0.32,Graduado,Graduado,0,0
Solteiro,Turismo,Ensino Secundário,118.0,Português,123.3,0,0,1,Masculino,0,0,0,6,10,4,10.0,0,0,6,11,3,12.0,0,9.4,-0.8,-3.12,Matriculado,Matriculado,0,
Solteiro,Gestão,Ensino Secundário,123.0,Português,122.0,0,0,1,Masculino,0,0,0,5,7,3,12.333333333333304,0,0,5,5,0,0.0,0,8.9,1.4,3.51,Desistente,Desistente,1,1
Solteiro,Turismo,Ensino Secundário,120.0,Português,114.8,0,0,0,Masculino,0,0,0,6,0,0,0.0,0,0,6,0,0,0.0,0,8.9,1.4,3.51,Desistente,Desistente,1,1
Solteiro,Design de Animação e Multimédia,Curso de Especialização Tecnológica,140.0,Português,140.0,0,1,1,Masculino,0,0,0,0,0,0,0.0,0,0,0,0,0,0.0,0,15.5,2.8,-4.06,Graduado,Graduado,0,0
Solteiro,Gestão de Publicidade e Marketing,Ensino Secundário,126.0,Português,111.0,0,1,1,Masculino,0,0,5,11,12,10,12.1,0,2,8,9,8,13.333333333333304,0,11.1,0.6,2.02,Graduado,Graduado,0,0
Solteiro,Jornalismo e Comunicação,Ensino Secundário,137.0,Português,133.2,0,0,1,Feminino,1,0,0,6,7,6,14.714285714285703,0,0,6,6,6,15.0,0,13.9,-0.3,0.79,Graduado,Graduado,0,0
Solteiro,Jornalismo e Comunicação,Ensino Secundário,130.0,Português,123.0,0,0,1,Feminino,0,0,0,6,6,6,12.666666666666602,0,0,6,7,6,12.833333333333304,0,12.7,3.7,-1.7,Graduado,Graduado,0,0
Solteiro,Agronomia,Curso Técnico Superior Profissional,150.0,Português,150.0,0,0,1,Feminino,1,0,7,12,14,12,14.384615384615298,0,5,10,12,10,13.3,0,8.9,1.4,3.51,Graduado,Graduado,0,0
Solteiro,Gestão,Ensino Secundário,147.0,Português,132.3,0,0,1,Feminino,1,0,0,5,5,5,13.4,0,0,5,6,5,12.2,0,12.7,3.7,-1.7,Graduado,Graduado,0,0
Solteiro,Enfermagem,Ensino Secundário,140.0,Português,126.0,0,0,1,Feminino,0,0,0,8,8,7,13.314285714285699,0,0,8,8,7,13.314285714285699,0,12.7,3.7,-1.7,Graduado,Graduado,0,0
Solteiro,Enfermagem,Ensino Secundário,132.0,Português,119.3,0,0,1,Feminino,0,0,0,8,8,7,11.9885714285714,0,0,8,8,7,11.9885714285714,0,10.8,1.4,1.74,Graduado,Graduado,0,0
Solteiro,Gestão,Curso Técnico Superior Profissional,130.0,Português,133.8,0,0,1,Feminino,0,0,6,11,17,11,11.5454545454545,0,3,9,13,8,12.8888888888888,0,8.9,1.4,3.51,Graduado,Graduado,0,0
Solteiro,Enfermagem Veterinária,Ensino Secundário,130.0,Português,126.5,0,0,1,Feminino,1,0,0,6,13,6,16.4615384615384,0,0,6,8,6,13.875,0,15.5,2.8,-4.06,Graduado,Graduado,0,0
Solteiro,Jornalismo e Comunicação,Ensino Secundário,151.0,Português,138.4,0,0,1,Feminino,1,0,0,6,7,6,13.6666666666666,0,0,6,6,6,12.833333333333304,0,10.8,1.4,1.74,Graduado,Graduado,0,0
Solteiro,Enfermagem,Ensino Secundário,144.0,Português,129.0,0,0,1,Feminino,0,0,0,7,8,7,12.65,0,0,8,9,8,13.4111111111111,0,16.2,0.3,-0.92,Desistente,Desistente,1,1
Solteiro,Gestão de Publicidade e Marketing,Ensino Secundário,127.0,Português,118.3,0,0,1,Feminino,0,0,0,6,7,6,12.333333333333304,0,0,6,10,3,12.0,0,13.9,-0.3,0.79,Matriculado,Matriculado,0,
Solteiro,Enfermagem,Ensino Secundário,131.0,Português,129.8,0,0,1,Feminino,0,0,0,7,8,6,14.37,0,0,8,10,7,14.65,0,12.4,0.5,1.79,Graduado,Graduado,0,0
Solteiro,Enfermagem Veterinária,Ensino Secundário,123.0,Português,113.6,0,0,1,Feminino,0,0,0,5,13,3,12.0,2,0,5,8,4,11.75,0,9.4,-0.8,-3.12,Matriculado,Matriculado,0,
Solteiro,Jornalismo e Comunicação,Ensino Secundário,130.0,Português,128.3,0,0,0,Feminino,1,0,0,6,12,3,12.0,0,0,6,15,3,10.666666666666602,0,7.6,2.6,0.32,Desistente,Desistente,1,1
Solteiro,Turismo,Ensino Secundário,130.0,Português,130.0,0,0,1,Feminino,1,0,0,6,11,4,12.0,0,0,6,14,3,11.0,0,10.8,1.4,1.74,Desistente,Desistente,1,1
Solteiro,Ensino Básico,Ensino Secundário,131.0,Português,121.9,0,0,1,Feminino,0,0,0,6,10,5,12.6,0,0,6,7,5,11.2,0,10.8,1.4,1.74,Graduado,Graduado,0,0
Solteiro,Serviço Social,Ensino Superior - Licenciatura,135.0,Português,129.4,0,1,1,Feminino,0,0,0,6,6,6,12.166666666666602,0,0,6,6,6,12.333333333333304,0,10.8,1.4,1.74,Graduado,Graduado,0,0
Solteiro,Ensino Básico,Ensino Secundário,123.0,Português,115.3,0,0,1,Feminino,0,0,0,7,8,6,13.5,0,0,7,8,6,14.0,0,11.1,0.6,2.02,Matriculado,Matriculado,0,
Solteiro,Enfermagem,Ensino Secundário,145.0,Português,125.5,0,0,1,Feminino,1,0,0,8,8,8,13.763749999999998,0,0,8,8,8,13.763749999999998,0,9.4,-0.8,-3.12,Graduado,Graduado,0,0
Solteiro,Higiene Oral,Ensino Secundário,118.0,Português,117.8,0,0,1,Feminino,1,0,0,7,11,6,12.4,0,0,7,8,6,12.8,0,11.1,0.6,2.02,Graduado,Graduado,0,0
Solteiro,Gestão,Ensino Secundário,125.0,Português,118.7,0,0,1,Feminino,0,0,0,5,16,4,10.666666666666602,0,0,5,11,2,12.0,0,13.9,-0.3,0.79,Matriculado,Matriculado,0,
Solteiro,Enfermagem,Ensino Secundário,152.0,Português,139.0,0,0,1,Feminino,0,0,0,7,7,6,14.333333333333304,0,0,7,7,6,14.333333333333304,0,7.6,2.6,0.32,Graduado,Graduado,0,0
Solteiro,Enfermagem Veterinária,Ensino Secundário,101.0,Português,98.9,0,0,1,Feminino,0,0,0,6,12,4,12.5,0,0,6,13,2,12.666666666666602,0,11.1,0.6,2.02,Matriculado,Matriculado,0,
Solteiro,Turismo,Ensino Secundário,137.0,Português,137.7,0,1,0,Feminino,0,0,0,6,14,1,10.0,0,0,6,13,0,0.0,0,7.6,2.6,0.32,Desistente,Desistente,1,1
Solteiro,Enfermagem,Ensino Secundário,123.0,Português,113.6,0,0,1,Feminino,0,0,0,7,8,7,14.696250000000001,0,0,8,9,8,14.6222222222222,0,12.4,0.5,1.79,Graduado,Graduado,0,0
Solteiro,Enfermagem Veterinária,Ensino Secundário,120.0,Português,113.4,0,0,1,Feminino,0,0,0,6,14,4,11.5,0,0,6,17,3,13.75,0,11.1,0.6,2.02,Matriculado,Matriculado,0,
Solteiro,Higiene Oral,Ensino Secundário,131.0,Português,128.5,0,0,1,Feminino,1,0,0,7,9,7,12.855555555555501,0,0,8,8,8,13.9125,0,12.7,3.7,-1.7,Graduado,Graduado,0,0
Solteiro,Enfermagem,Ensino Secundário,141.0,Português,142.8,0,0,1,Feminino,0,0,0,7,7,7,13.7,0,0,8,9,8,13.994444444444397,0,11.1,0.6,2.02,Graduado,Graduado,0,0
Solteiro,Equincultura,Ensino Secundário,144.0,Português,137.7,0,0,0,Feminino,0,0,0,5,9,0,0.0,3,1,5,10,1,12.0,3,10.8,1.4,1.74,Desistente,Desistente,1,1
Solteiro,Serviço Social,Ensino Secundário,107.0,Português,103.5,0,0,1,Feminino,0,0,0,6,13,3,11.2,0,0,6,9,4,12.0,0,16.2,0.3,-0.92,Matriculado,Matriculado,0,
Solteiro,Enfermagem,Ensino Secundário,133.0,Português,123.2,0,0,1,Feminino,0,0,0,7,7,7,13.285714285714198,0,0,8,9,8,13.333333333333304,0,16.2,0.3,-0.92,Graduado,Graduado,0,0
Solteiro,Ensino Básico,Ensino Secundário,126.0,Português,126.0,0,0,1,Feminino,0,0,0,6,9,5,13.0,0,0,6,8,5,10.4,0,7.6,2.6,0.32,Matriculado,Matriculado,0,
Solteiro,Enfermagem,Ensino Secundário,133.1,Português,121.7,0,0,1,Feminino,1,0,0,7,8,6,12.6,0,0,7,9,6,11.685714285714198,0,12.4,0.5,1.79,Matriculado,Matriculado,0,
Solteiro,Gestão,Ensino Secundário,147.0,Português,142.8,0,1,0,Feminino,1,0,0,5,5,5,12.8,0,0,5,5,4,12.0,0,11.1,0.6,2.02,Matriculado,Matriculado,0,
Solteiro,Equincultura,Ensino Secundário,120.0,Português,120.0,0,0,1,Feminino,0,0,0,6,14,5,11.5,1,0,6,13,5,11.0,1,15.5,2.8,-4.06,Desistente,Desistente,1,1
Solteiro,Enfermagem,Ensino Secundário,130.0,Português,119.3,0,0,1,Feminino,1,0,0,8,8,7,11.4,0,0,8,8,7,11.4,0,10.8,1.4,1.74,Graduado,Graduado,0,0
Solteiro,Serviço Social,Ensino Secundário,120.0,Português,121.0,0,0,1,Feminino,1,0,3,6,6,6,12.333333333333304,0,2,6,8,6,11.333333333333304,0,13.9,-0.3,0.79,Graduado,Graduado,0,0
Solteiro,Jornalismo e Comunicação,Ensino Secundário,138.0,Português,139.4,0,0,1,Feminino,0,0,0,6,7,5,12.8,0,0,6,10,4,12.2,0,10.8,1.4,1.74,Graduado,Graduado,0,0
Solteiro,Enfermagem Veterinária,Ensino Secundário,124.0,Português,113.9,0,0,1,Feminino,1,0,0,5,8,5,12.0,1,0,5,8,4,15.0,1,12.7,3.7,-1.7,Graduado,Graduado,0,0
Solteiro,Ensino Básico,Ensino Secundário,133.0,Português,124.6,0,0,1,Feminino,1,0,0,6,8,5,13.0,0,0,6,9,5,13.5,0,9.4,-0.8,-3.12,Graduado,Graduado,0,0
Solteiro,Design de Comunicação,Ensino Secundário,122.0,Português,123.8,0,1,0,Feminino,1,0,0,6,6,6,11.833333333333304,0,0,6,8,6,11.0,0,12.7,3.7,-1.7,Desistente,Desistente,1,1
Solteiro,Enfermagem Veterinária,Ensino Secundário,138.0,Português,126.3,0,0,1,Feminino,0,0,0,6,8,6,14.0,0,0,6,9,6,13.333333333333304,0,8.9,1.4,3.51,Graduado,Graduado,0,0
Solteiro,Jornalismo e Comunicação,Ensino Secundário,134.0,Português,120.4,0,0,1,Feminino,1,0,0,6,6,6,12.333333333333304,0,0,6,6,6,13.5,0,16.2,0.3,-0.92,Graduado,Graduado,0,0
Solteiro,Enfermagem,Ensino Secundário,128.0,Português,120.5,0,0,1,Feminino,1,0,0,7,10,5,13.04,0,0,7,7,7,12.5,0,12.4,0.5,1.79,Matriculado,Matriculado,0,
Solteiro,Enfermagem Veterinária,Curso Técnico Superior Profissional,140.0,Português,144.9,0,1,0,Feminino,0,0,7,11,18,11,13.1666666666666,0,4,9,15,8,13.333333333333304,0,8.9,1.4,3.51,Matriculado,Matriculado,0,
Solteiro,Enfermagem Veterinária,Ensino Básico (3º Ciclo),133.1,Português,139.9,0,0,1,Feminino,1,0,1,6,7,6,12.5,0,0,6,11,6,12.833333333333304,0,8.9,1.4,3.51,Graduado,Graduado,0,0
Solteiro,Design de Animação e Multimédia,Ensino Secundário,142.0,Português,133.3,0,0,1,Feminino,0,0,0,0,0,0,0.0,0,0,0,0,0,0.0,0,10.8,1.4,1.74,Graduado,Graduado,0,0
Solteiro,Enfermagem,Ensino Secundário,141.0,Português,126.0,0,0,1,Feminino,0,0,0,8,8,7,15.657142857142802,0,0,8,8,7,15.657142857142802,0,12.7,3.7,-1.7,Graduado,Graduado,0,0
Solteiro,Design de Comunicação,Ensino Secundário,145.0,Português,133.5,0,0,1,Feminino,0,0,0,6,6,6,12.166666666666602,0,0,6,6,6,11.333333333333304,0,12.7,3.7,-1.7,Graduado,Graduado,0,0
Solteiro,Ensino Básico,Ensino Secundário,145.0,Português,127.9,0,0,1,Feminino,0,0,0,6,0,0,0.0,0,0,6,0,0,0.0,0,10.8,1.4,1.74,Desistente,Desistente,1,1
Solteiro,Serviço Social,Ensino Secundário,108.0,Português,105.9,0,0,1,Feminino,1,0,0,6,11,5,10.6,0,0,6,9,5,11.166666666666602,0,11.1,0.6,2.02,Matriculado,Matriculado,0,
Solteiro,Enfermagem Veterinária,Ensino Secundário,132.0,Português,124.3,0,0,1,Feminino,0,0,0,6,10,6,13.428571428571399,0,0,6,11,5,12.666666666666602,0,13.9,-0.3,0.79,Matriculado,Matriculado,0,
Solteiro,Jornalismo e Comunicação,Ensino Secundário,140.0,Português,102.5,0,0,1,Feminino,0,0,0,6,8,4,11.75,0,0,6,12,0,0.0,0,7.6,2.6,0.32,Desistente,Desistente,1,1
Solteiro,Turismo,Ensino Básico (3º Ciclo),133.1,Português,97.0,0,1,0,Masculino,0,0,0,5,10,0,0.0,0,0,5,5,0,0.0,0,15.5,2.8,-4.06,Desistente,Desistente,1,1
Solteiro,Design de Animação e Multimédia,Ensino Secundário,128.0,Português,134.7,0,0,0,Masculino,0,0,0,0,0,0,0.0,0,0,0,0,0,0.0,0,10.8,1.4,1.74,Desistente,Desistente,1,1
Solteiro,Engenharia Informática,Ensino Secundário,120.0,Português,113.8,0,0,0,Masculino,0,0,0,5,0,0,0.0,0,0,5,0,0,0.0,0,15.5,2.8,-4.06,Desistente,Desistente,1,1
Solteiro,Engenharia Informática,Ensino Secundário,120.0,Português,116.9,0,0,1,Masculino,0,0,0,5,9,1,13.0,0,0,5,5,0,0.0,0,8.9,1.4,3.51,Desistente,Desistente,1,1
Solteiro,Enfermagem,Ensino Secundário,139.0,Português,124.0,0,0,1,Masculino,1,0,0,8,8,7,13.331428571428503,0,0,8,8,7,13.331428571428503,0,10.8,1.4,1.74,Graduado,Graduado,0,0
Solteiro,Design de Comunicação,Ensino Secundário,139.3,Português,117.5,0,0,1,Masculino,0,0,0,6,0,0,0.0,0,0,6,0,0,0.0,0,12.4,0.5,1.79,Desistente,Desistente,1,1
Solteiro,Design de Animação e Multimédia,Curso de Especialização Tecnológica,150.0,Português,154.8,0,0,1,Masculino,0,0,0,0,0,0,0.0,0,0,0,0,0,0.0,0,12.4,0.5,1.79,Graduado,Graduado,0,0
Solteiro,Enfermagem,Ensino Secundário,138.0,Português,141.0,0,0,1,Masculino,0,0,0,7,7,6,13.7,0,0,7,7,6,13.7,0,7.6,2.6,0.32,Graduado,Graduado,0,0
Solteiro,Gestão de Publicidade e Marketing,12º Ano de Escolaridade - Não Concluído,133.1,Português,120.0,0,1,0,Masculino,0,0,0,5,5,0,0.0,0,0,5,5,0,0.0,5,9.4,-0.8,-3.12,Desistente,Desistente,1,1
Solteiro,Engenharia Informática,Ensino Secundário,136.0,Português,133.6,0,0,1,Masculino,0,0,4,9,12,9,13.4545454545454,0,2,7,9,6,13.875,0,11.1,0.6,2.02,Desistente,Desistente,1,1
Solteiro,Enfermagem,Ensino Secundário,134.0,Português,122.0,0,0,1,Masculino,0,0,0,8,8,7,12.2,0,0,8,8,7,12.2,0,12.7,3.7,-1.7,Graduado,Graduado,0,0
Solteiro,Gestão,Ensino Secundário,140.0,Português,120.0,0,0,1,Masculino,0,0,0,5,8,3,10.0,0,0,5,10,4,11.0,0,12.7,3.7,-1.7,Desistente,Desistente,1,1
Solteiro,Gestão de Publicidade e Marketing,Curso Técnico Superior Profissional,110.0,Português,114.2,0,0,1,Masculino,1,0,0,6,7,5,13.0,0,0,6,7,6,12.857142857142804,0,8.9,1.4,3.51,Graduado,Graduado,0,0
Solteiro,Serviço Social (prestação nocturna),Ensino Básico (2º Ciclo),133.1,Português,95.5,0,0,1,Masculino,0,0,0,6,11,6,12.0,0,0,6,6,6,14.0,0,11.1,0.6,2.02,Graduado,Graduado,0,0
Solteiro,Enfermagem,Ensino Secundário,129.0,Português,120.0,0,0,1,Masculino,0,0,0,8,8,7,15.0285714285714,0,0,8,8,7,15.0285714285714,0,12.7,3.7,-1.7,Graduado,Graduado,0,0
Solteiro,Serviço Social,Ensino Secundário,116.0,Português,111.1,0,0,1,Masculino,0,0,0,6,8,6,12.0,0,0,6,7,6,11.714285714285698,0,15.5,2.8,-4.06,Graduado,Graduado,0,0
Solteiro,Jornalismo e Comunicação,Ensino Secundário,130.0,Português,128.6,0,0,1,Masculino,0,0,0,6,8,5,12.0,0,0,6,8,5,12.4,0,9.4,-0.8,-3.12,Graduado,Graduado,0,0
Solteiro,Higiene Oral,Ensino Superior - Licenciatura,130.0,Português,130.0,0,0,0,Masculino,0,0,3,7,7,3,13.6666666666666,0,3,8,8,3,11.333333333333304,4,10.8,1.4,1.74,Desistente,Desistente,1,1
Solteiro,Design de Animação e Multimédia,Ensino Secundário,116.0,Português,111.1,0,0,1,Masculino,0,0,0,0,0,0,0.0,0,0,0,0,0,0.0,0,13.9,-0.3,0.79,Desistente,Desistente,1,1
Solteiro,Gestão,Ensino Secundário,136.0,Português,122.7,0,0,1,Masculino,0,0,0,5,6,5,12.0,0,0,5,7,4,12.5,0,15.5,2.8,-4.06,Matriculado,Matriculado,0,
Solteiro,Design de Animação e Multimédia,Ensino Secundário,147.0,Português,134.4,0,0,1,Masculino,1,0,0,0,0,0,0.0,0,0,0,0,0,0.0,0,10.8,1.4,1.74,Graduado,Graduado,0,0
Solteiro,Design de Comunicação,Ensino Secundário,117.0,Português,131.0,0,1,0,Masculino,0,0,0,6,6,1,14.0,0,0,6,7,0,0.0,7,9.4,-0.8,-3.12,Desistente,Desistente,1,1
Solteiro,Serviço Social,Ensino Secundário,141.0,Português,125.0,0,0,1,Masculino,0,0,0,6,6,0,0.0,0,0,6,7,0,0.0,0,11.1,0.6,2.02,Desistente,Desistente,1,1
Solteiro,Higiene Oral,Ensino Secundário,133.1,Português,106.0,0,0,1,Masculino,0,0,0,7,8,7,12.375,0,0,7,11,5,12.583333333333304,0,8.9,1.4,3.51,Graduado,Graduado,0,0
Solteiro,Enfermagem,Ensino Secundário,133.1,Português,128.0,0,0,0,Masculino,0,0,0,7,0,0,0.0,0,0,8,0,0,0.0,0,16.2,0.3,-0.92,Desistente,Desistente,1,1
Solteiro,Agronomia,Ensino Superior - Licenciatura,120.0,Português,120.0,0,0,1,Masculino,0,0,14,18,21,18,11.421052631578899,0,10,13,16,13,11.076923076923,1,15.5,2.8,-4.06,Graduado,Graduado,0,0
Solteiro,Enfermagem,Ensino Secundário,148.0,Português,134.8,0,0,1,Masculino,0,0,0,7,7,6,13.35,0,0,7,7,6,13.35,0,7.6,2.6,0.32,Graduado,Graduado,0,0
Solteiro,Design de Comunicação,Ensino Secundário,130.0,Português,112.0,0,0,1,Masculino,1,0,0,6,6,6,15.0,0,0,6,6,2,16.0,0,15.5,2.8,-4.06,Graduado,Graduado,0,0
Solteiro,Equincultura,Ensino Secundário,120.0,Português,116.1,0,0,1,Masculino,0,0,0,5,9,2,10.5,0,0,5,5,0,0.0,0,12.7,3.7,-1.7,Desistente,Desistente,1,1
Solteiro,Equincultura,Ensino Secundário,120.0,Português,120.0,0,0,0,Masculino,0,0,0,6,0,0,0.0,0,0,4,6,0,0.0,2,10.8,1.4,1.74,Desistente,Desistente,1,1
Solteiro,Gestão,Ensino Secundário,133.0,Português,119.7,0,0,1,Masculino,0,0,0,5,8,5,13.25,0,0,5,6,5,11.833333333333304,0,13.9,-0.3,0.79,Graduado,Graduado,0,0
Solteiro,Engenharia Informática,Ensino Secundário,129.0,Português,117.1,0,0,1,Masculino,0,0,0,5,10,0,0.0,0,0,5,5,0,0.0,0,7.6,2.6,0.32,Desistente,Desistente,1,1
Solteiro,Enfermagem Veterinária,Ensino Secundário,118.0,Português,112.4,0,0,1,Masculino,0,0,0,5,7,4,11.5,0,0,5,15,3,10.6,4,10.8,1.4,1.74,Matriculado,Matriculado,0,
Solteiro,Enfermagem,Ensino Secundário,140.0,Português,131.0,0,0,1,Feminino,1,0,0,8,8,8,13.88125,0,0,8,8,8,13.88125,0,9.4,-0.8,-3.12,Graduado,Graduado,0,0
Solteiro,Turismo,Ensino Secundário,127.0,Português,130.9,0,0,1,Feminino,0,0,0,6,8,6,11.333333333333304,0,0,6,8,5,12.6,0,9.4,-0.8,-3.12,Graduado,Graduado,0,0
Solteiro,Design de Animação e Multimédia,Ensino Secundário,131.0,Português,134.9,0,1,1,Feminino,0,0,0,0,0,0,0.0,0,0,0,0,0,0.0,0,16.2,0.3,-0.92,Desistente,Desistente,1,1
Solteiro,Serviço Social,Ensino Secundário,132.0,Português,127.1,0,0,1,Feminino,0,0,0,6,7,6,12.857142857142804,0,0,6,7,6,13.6666666666666,0,13.9,-0.3,0.79,Graduado,Graduado,0,0
Solteiro,Jornalismo e Comunicação,Ensino Secundário,113.0,Português,110.2,0,1,1,Feminino,0,0,0,6,6,5,11.6,0,0,6,6,6,12.5,0,8.9,1.4,3.51,Graduado,Graduado,0,0
Solteiro,Turismo,Ensino Secundário,115.0,Português,108.7,0,0,1,Feminino,1,0,0,6,9,5,11.4,0,0,6,6,6,11.333333333333304,0,12.4,0.5,1.79,Graduado,Graduado,0,0
Solteiro,Equincultura,Ensino Secundário,133.1,Português,138.0,0,0,1,Feminino,0,0,0,6,11,6,13.333333333333304,0,0,6,10,6,13.0,0,16.2,0.3,-0.92,Matriculado,Matriculado,0,
Solteiro,Design de Comunicação,Curso de Especialização Tecnológica,150.0,Português,147.7,0,1,1,Feminino,1,0,2,7,7,7,13.571428571428504,0,5,9,9,9,13.777777777777697,0,12.4,0.5,1.79,Graduado,Graduado,0,0
Casado,Higiene Oral,Ensino Básico (3º Ciclo),133.1,Português,123.0,0,0,1,Feminino,0,0,0,7,13,6,11.833333333333304,0,0,7,8,7,12.2285714285714,0,12.4,0.5,1.79,Graduado,Graduado,0,0
Solteiro,Ensino Básico,Ensino Secundário,141.0,Português,142.8,0,0,1,Feminino,1,0,0,7,7,7,14.428571428571399,0,0,7,7,7,14.142857142857096,0,16.2,0.3,-0.92,Graduado,Graduado,0,0
Solteiro,Design de Animação e Multimédia,Ensino Secundário,140.0,Português,138.3,0,0,1,Feminino,0,0,0,0,0,0,0.0,0,0,0,0,0,0.0,0,12.4,0.5,1.79,Matriculado,Matriculado,0,
Solteiro,Turismo,Ensino Secundário,136.0,Português,125.2,0,0,1,Feminino,1,0,0,6,8,6,12.285714285714198,0,0,6,9,5,12.4,0,8.9,1.4,3.51,Graduado,Graduado,0,0
Solteiro,Enfermagem Veterinária,Ensino Secundário,140.0,Português,141.8,0,0,1,Feminino,0,0,0,5,7,5,14.4,0,0,5,5,5,13.8,0,7.6,2.6,0.32,Graduado,Graduado,0,0
Solteiro,Enfermagem,Ensino Secundário,143.0,Português,130.6,0,0,1,Feminino,1,0,0,7,8,7,13.15,0,0,8,9,8,15.06875,0,13.9,-0.3,0.79,Graduado,Graduado,0,0
Solteiro,Gestão,Curso de Especialização Tecnológica,130.0,Cabo-verdiano,130.0,0,1,0,Masculino,0,1,0,5,6,0,0.0,0,0,5,5,0,0.0,0,15.5,2.8,-4.06,Desistente,Desistente,1,1
Solteiro,Engenharia Informática,Ensino Secundário,133.1,Brasileiro,100.0,0,1,1,Masculino,0,1,0,5,5,0,0.0,0,0,6,8,0,0.0,0,11.1,0.6,2.02,Desistente,Desistente,1,1
Solteiro,Enfermagem,Ensino Secundário,129.0,Português,119.0,0,0,1,Feminino,1,0,0,8,8,7,12.342857142857095,0,0,8,8,7,12.342857142857095,0,10.8,1.4,1.74,Graduado,Graduado,0,0
Solteiro,Jornalismo e Comunicação,Ensino Secundário,132.0,Português,124.3,0,0,1,Feminino,0,0,0,6,6,5,12.2,0,0,6,7,5,10.8,0,10.8,1.4,1.74,Matriculado,Matriculado,0,
Solteiro,Turismo,Ensino Secundário,118.0,Português,122.2,0,0,1,Feminino,0,0,0,6,10,4,10.5,0,0,6,14,1,11.0,0,7.6,2.6,0.32,Desistente,Desistente,1,1
Solteiro,Gestão,Ensino Secundário,150.0,Português,150.0,0,0,1,Masculino,0,0,0,5,5,5,10.6,0,0,5,8,5,11.6,0,12.4,0.5,1.79,Graduado,Graduado,0,0
Solteiro,Serviço Social (prestação nocturna),Ensino Básico (3º Ciclo),133.1,Português,135.5,0,0,1,Feminino,0,0,0,6,6,0,0.0,0,0,6,6,0,0.0,0,11.1,0.6,2.02,Desistente,Desistente,1,1
Solteiro,Serviço Social,Ensino Secundário,122.0,Português,127.3,0,0,1,Feminino,1,0,0,6,8,4,11.25,0,0,6,6,6,12.0,0,10.8,1.4,1.74,Graduado,Graduado,0,0
Solteiro,Gestão de Publicidade e Marketing,Ensino Secundário,127.0,Cabo-verdiano,127.0,0,0,1,Masculino,0,1,3,9,11,6,10.5,0,4,10,10,10,11.7,0,9.4,-0.8,-3.12,Graduado,Graduado,0,0
Solteiro,Jornalismo e Comunicação,Ensino Secundário,122.0,Português,126.9,0,0,1,Feminino,1,0,0,6,11,4,11.0,0,0,6,11,3,11.666666666666602,0,9.4,-0.8,-3.12,Matriculado,Matriculado,0,
Solteiro,Enfermagem,Ensino Secundário,131.0,Português,127.5,0,0,1,Feminino,0,0,0,7,7,7,13.457142857142802,0,0,8,8,8,14.5125,0,13.9,-0.3,0.79,Graduado,Graduado,0,0
Solteiro,Enfermagem Veterinária,Ensino Secundário,130.0,Português,122.0,0,0,1,Feminino,0,0,0,5,6,5,12.6,0,0,5,8,4,12.333333333333304,0,7.6,2.6,0.32,Graduado,Graduado,0,0
Solteiro,Enfermagem Veterinária,Ensino Secundário,130.0,Português,115.8,0,0,0,Feminino,0,0,0,6,0,0,0.0,0,0,6,0,0,0.0,0,12.7,3.7,-1.7,Desistente,Desistente,1,1
Solteiro,Gestão de Publicidade e Marketing,Ensino Secundário,130.0,Português,121.6,0,0,1,Feminino,0,0,0,6,6,6,13.6666666666666,0,0,6,8,5,13.6,0,8.9,1.4,3.51,Graduado,Graduado,0,0
Solteiro,Gestão,Ensino Secundário,122.0,Português,116.4,0,1,1,Feminino,1,0,0,5,5,5,11.6,0,0,5,5,5,11.8,0,11.1,0.6,2.02,Graduado,Graduado,0,0
Solteiro,Equincultura,Ensino Secundário,114.0,Português,120.0,0,0,1,Feminino,0,0,0,6,9,6,12.571428571428502,0,0,6,10,5,12.833333333333304,0,11.1,0.6,2.02,Desistente,Desistente,1,1
Solteiro,Ensino Básico,Ensino Secundário,143.0,Português,127.3,0,0,1,Feminino,0,0,0,6,7,5,11.8,0,0,6,7,5,11.4,0,10.8,1.4,1.74,Desistente,Desistente,1,1
Solteiro,Gestão,Ensino Secundário,127.0,Português,123.5,0,0,1,Feminino,1,0,0,5,5,5,11.6,0,0,5,11,3,12.666666666666602,0,9.4,-0.8,-3.12,Matriculado,Matriculado,0,
Solteiro,Serviço Social,Ensino Secundário,141.0,Português,125.6,0,0,1,Feminino,1,0,0,6,8,6,11.333333333333304,0,0,6,6,6,11.833333333333304,0,8.9,1.4,3.51,Graduado,Graduado,0,0
Solteiro,Turismo,Ensino Secundário,129.0,Português,118.5,0,0,1,Feminino,0,0,0,6,6,6,10.666666666666602,0,0,6,6,6,11.5,0,7.6,2.6,0.32,Graduado,Graduado,0,0
Solteiro,Equincultura,Ensino Secundário,140.0,Português,129.5,0,0,1,Feminino,0,0,0,5,10,4,13.5,1,0,5,5,5,13.4,0,12.7,3.7,-1.7,Matriculado,Matriculado,0,
Solteiro,Design de Animação e Multimédia,Ensino Secundário,137.0,Português,134.6,0,0,1,Feminino,1,0,0,0,0,0,0.0,0,0,0,0,0,0.0,0,10.8,1.4,1.74,Graduado,Graduado,0,0
Solteiro,Enfermagem Veterinária,Ensino Secundário,140.0,Português,140.0,0,0,1,Feminino,0,0,2,6,9,6,13.333333333333304,0,1,6,9,4,11.5,0,13.9,-0.3,0.79,Graduado,Graduado,0,0
Solteiro,Turismo,Ensino Secundário,143.0,Português,133.2,0,0,1,Feminino,0,0,0,6,9,5,13.4,0,0,6,16,2,13.5,0,10.8,1.4,1.74,Matriculado,Matriculado,0,
Viúvo,Serviço Social,Ensino Secundário,138.0,Português,133.5,0,0,1,Feminino,1,0,0,6,8,3,10.2,0,0,6,13,4,12.25,0,12.7,3.7,-1.7,Matriculado,Matriculado,0,
Solteiro,Jornalismo e Comunicação,Ensino Secundário,120.0,Português,117.9,0,0,1,Feminino,1,0,0,6,6,5,13.0,0,0,6,7,6,12.833333333333304,0,8.9,1.4,3.51,Graduado,Graduado,0,0
Solteiro,Enfermagem,Ensino Secundário,144.0,Português,128.0,0,0,1,Feminino,1,0,0,8,11,7,12.9085714285714,0,0,8,11,7,12.9085714285714,0,10.8,1.4,1.74,Graduado,Graduado,0,0
Solteiro,Ensino Básico,Ensino Secundário,123.0,Português,113.2,0,0,1,Feminino,0,0,0,6,12,4,12.0,0,0,6,11,1,10.0,0,10.8,1.4,1.74,Desistente,Desistente,1,1
Solteiro,Turismo,Ensino Secundário,129.0,Português,122.0,0,0,1,Feminino,1,0,0,6,9,6,10.833333333333304,0,0,6,8,5,11.0,0,7.6,2.6,0.32,Matriculado,Matriculado,0,
Solteiro,Design de Comunicação,Ensino Secundário,152.0,Português,156.9,0,0,1,Feminino,0,0,0,6,6,6,15.333333333333304,0,0,6,9,6,15.833333333333304,0,12.7,3.7,-1.7,Graduado,Graduado,0,0
Solteiro,Enfermagem,Ensino Secundário,130.0,Português,125.1,0,0,1,Feminino,1,0,0,7,9,6,12.8166666666666,0,0,8,11,6,12.875,0,11.1,0.6,2.02,Matriculado,Matriculado,0,
Solteiro,Gestão,Ensino Secundário,133.1,Brasileiro,100.0,0,1,0,Masculino,0,1,6,7,7,6,13.0,0,2,6,6,2,14.0,0,11.1,0.6,2.02,Desistente,Desistente,1,1
Solteiro,Engenharia Informática,Ensino Secundário,160.0,Turco,160.0,0,1,1,Feminino,0,1,0,6,11,2,13.5,1,0,5,11,2,11.0,0,8.9,1.4,3.51,Matriculado,Matriculado,0,
Casado,Serviço Social (prestação nocturna),Ensino Secundário,140.0,Português,101.0,0,0,1,Feminino,0,0,0,6,7,6,12.5,0,0,6,6,6,12.166666666666602,0,15.5,2.8,-4.06,Graduado,Graduado,0,0
Solteiro,Gestão de Publicidade e Marketing,Ensino Secundário,133.0,Português,121.5,0,0,1,Feminino,1,0,0,6,7,6,13.0,0,0,6,6,6,14.333333333333304,0,12.4,0.5,1.79,Graduado,Graduado,0,0
Solteiro,Enfermagem Veterinária,Ensino Secundário,138.0,Português,126.8,0,0,1,Masculino,0,0,0,5,6,4,11.75,0,0,5,10,5,12.571428571428502,1,10.8,1.4,1.74,Graduado,Graduado,0,0
Solteiro,Gestão de Publicidade e Marketing,Ensino Secundário,142.0,Português,132.9,0,0,1,Masculino,0,0,0,5,5,4,12.5,0,0,5,5,4,14.25,0,7.6,2.6,0.32,Graduado,Graduado,0,0
Solteiro,Design de Animação e Multimédia,Ensino Secundário,115.0,Português,134.3,0,0,1,Masculino,0,0,16,17,19,17,11.6111111111111,0,14,17,22,17,12.0555555555555,0,12.4,0.5,1.79,Graduado,Graduado,0,0
Solteiro,Turismo,Ensino Secundário,125.0,Português,120.5,0,0,1,Masculino,0,0,0,6,6,6,14.0,0,0,6,6,6,14.6666666666666,0,11.1,0.6,2.02,Graduado,Graduado,0,0
Solteiro,Agronomia,Ensino Secundário,170.0,Português,144.1,0,1,0,Masculino,0,0,0,6,8,0,0.0,0,0,6,10,0,0.0,0,16.2,0.3,-0.92,Desistente,Desistente,1,1
Solteiro,Gestão (presencial noturno),Ensino Secundário,140.0,Português,100.0,0,0,1,Masculino,0,0,0,5,5,5,13.8,0,0,5,6,5,13.833333333333304,0,9.4,-0.8,-3.12,Graduado,Graduado,0,0
Solteiro,Turismo,Ensino Secundário,110.0,Português,114.8,0,0,0,Masculino,0,0,0,5,6,0,0.0,0,0,5,5,0,0.0,0,12.7,3.7,-1.7,Desistente,Desistente,1,1
Solteiro,Design de Animação e Multimédia,Ensino Secundário,114.0,Português,111.9,0,0,0,Masculino,0,0,0,0,0,0,0.0,0,0,0,0,0,0.0,0,9.4,-0.8,-3.12,Desistente,Desistente,1,1
Solteiro,Engenharia Informática,Ensino Secundário,138.0,Português,125.4,0,0,1,Masculino,1,0,0,5,9,4,12.25,0,0,5,9,3,12.333333333333304,0,8.9,1.4,3.51,Desistente,Desistente,1,1
Solteiro,Agronomia,Curso de Especialização Tecnológica,140.0,Português,140.0,0,0,1,Masculino,0,0,0,6,12,3,11.5,0,0,6,12,3,13.6666666666666,0,12.4,0.5,1.79,Desistente,Desistente,1,1
Solteiro,Design de Comunicação,Curso de Especialização Tecnológica,140.0,Português,140.0,0,0,1,Masculino,0,0,2,7,9,6,12.571428571428502,0,5,9,9,9,12.5555555555555,0,16.2,0.3,-0.92,Graduado,Graduado,0,0
Solteiro,Equincultura,Ensino Secundário,132.0,Português,127.8,0,0,1,Masculino,0,0,0,6,9,6,12.0,0,0,6,10,5,12.166666666666602,0,11.1,0.6,2.02,Desistente,Desistente,1,1
Solteiro,Agronomia,Ensino Secundário,148.0,Português,131.6,0,0,1,Masculino,0,0,8,12,17,11,12.0,2,4,12,21,12,12.307692307692301,0,15.5,2.8,-4.06,Graduado,Graduado,0,0
Solteiro,Design de Animação e Multimédia,Ensino Secundário,132.0,Português,119.4,0,0,1,Masculino,0,0,0,0,0,0,0.0,0,0,0,0,0,0.0,0,10.8,1.4,1.74,Desistente,Desistente,1,1
Solteiro,Serviço Social,Ensino Secundário,126.0,Português,129.9,0,0,1,Masculino,1,0,1,7,9,6,12.0,0,2,6,6,6,11.166666666666602,0,10.8,1.4,1.74,Graduado,Graduado,0,0
Solteiro,Engenharia Informática,Ensino Secundário,121.0,Português,114.0,0,0,1,Masculino,0,0,0,5,9,4,11.6,0,0,5,7,4,12.25,2,7.6,2.6,0.32,Matriculado,Matriculado,0,
Solteiro,Gestão,Ensino Secundário,120.0,Português,113.4,0,0,1,Masculino,1,0,0,5,5,0,0.0,0,0,5,5,0,0.0,0,11.1,0.6,2.02,Desistente,Desistente,1,1
Solteiro,Gestão,Ensino Secundário,123.0,Português,117.8,0,0,1,Masculino,0,0,0,5,9,5,12.0,0,0,5,9,4,13.0,0,8.9,1.4,3.51,Matriculado,Matriculado,0,
Solteiro,Enfermagem,Ensino Secundário,122.0,Português,114.3,0,0,1,Masculino,0,0,0,7,8,6,13.976666666666599,0,0,8,12,6,12.041666666666602,1,11.1,0.6,2.02,Matriculado,Matriculado,0,
Solteiro,Gestão de Publicidade e Marketing,Ensino Secundário,136.0,Português,129.7,0,0,1,Masculino,0,0,0,6,10,4,12.5,0,0,6,12,1,10.0,3,16.2,0.3,-0.92,Matriculado,Matriculado,0,
Solteiro,Gestão,Ensino Secundário,119.0,Português,112.0,0,0,0,Masculino,0,0,0,5,5,0,0.0,0,0,5,0,0,0.0,0,9.4,-0.8,-3.12,Desistente,Desistente,1,1
Solteiro,Gestão de Publicidade e Marketing,Ensino Secundário,120.0,Português,140.0,0,0,1,Masculino,0,0,0,6,15,4,10.5,0,0,6,16,4,12.5,0,15.5,2.8,-4.06,Desistente,Desistente,1,1
Solteiro,Agronomia,Curso de Especialização Tecnológica,150.0,Português,150.0,0,0,1,Masculino,0,0,0,6,8,5,12.857142857142804,0,0,6,11,6,12.3,0,16.2,0.3,-0.92,Graduado,Graduado,0,0
Solteiro,Gestão de Publicidade e Marketing,Ensino Secundário,121.0,Português,122.4,0,0,1,Masculino,0,0,0,5,7,3,11.666666666666602,0,0,5,5,4,12.0,0,9.4,-0.8,-3.12,Matriculado,Matriculado,0,
Solteiro,Engenharia Informática,Ensino Secundário,140.0,Português,150.0,0,0,1,Masculino,0,0,0,5,7,2,13.0,0,0,5,11,1,10.0,0,8.9,1.4,3.51,Desistente,Desistente,1,1
Solteiro,Turismo,Ensino Secundário,135.0,Português,135.0,0,0,1,Masculino,0,0,0,6,8,6,11.833333333333304,0,0,6,9,5,10.4,0,7.6,2.6,0.32,Matriculado,Matriculado,0,
Solteiro,Serviço Social (prestação nocturna),Ensino Secundário,116.0,Português,116.2,0,0,1,Masculino,0,0,9,11,11,11,12.454545454545398,0,3,11,17,8,12.75,0,9.4,-0.8,-3.12,Graduado,Graduado,0,0
Solteiro,Engenharia Informática,Ensino Secundário,120.0,Português,120.4,0,0,1,Masculino,0,0,0,5,6,3,11.0,0,0,5,6,0,0.0,0,10.8,1.4,1.74,Desistente,Desistente,1,1
Casado,Engenharia Informática,Ensino Secundário,126.0,Português,122.9,0,0,1,Masculino,0,0,0,5,10,4,13.2,0,0,5,7,4,14.25,2,7.6,2.6,0.32,Matriculado,Matriculado,0,
Solteiro,Jornalismo e Comunicação,Ensino Secundário,170.0,Português,155.0,0,0,1,Masculino,1,0,0,6,6,6,15.5,0,0,6,6,6,14.1666666666666,0,11.1,0.6,2.02,Graduado,Graduado,0,0
Solteiro,Turismo,Ensino Secundário,123.0,Português,123.4,0,0,1,Masculino,0,0,0,6,8,6,12.333333333333304,0,0,6,6,6,13.6666666666666,0,11.1,0.6,2.02,Graduado,Graduado,0,0
Solteiro,Gestão,Ensino Secundário,120.0,Português,124.2,0,0,1,Masculino,0,0,0,5,13,5,12.0,0,0,5,9,4,11.4,0,13.9,-0.3,0.79,Matriculado,Matriculado,0,
Solteiro,Agronomia,Curso de Especialização Tecnológica,130.0,Português,130.0,0,0,1,Masculino,0,0,0,6,12,4,11.6,0,0,6,11,5,11.5,0,15.5,2.8,-4.06,Matriculado,Matriculado,0,
Solteiro,Jornalismo e Comunicação,Ensino Secundário,130.0,Português,126.2,0,0,1,Masculino,1,0,0,6,7,6,11.333333333333304,0,0,6,8,6,12.285714285714198,0,16.2,0.3,-0.92,Graduado,Graduado,0,0
Solteiro,Jornalismo e Comunicação,Ensino Secundário,117.0,Português,120.5,0,0,1,Masculino,0,0,0,6,12,0,0.0,1,0,6,0,0,0.0,0,9.4,-0.8,-3.12,Desistente,Desistente,1,1
Solteiro,Engenharia Informática,Ensino Secundário,131.0,Português,123.7,0,0,1,Masculino,0,0,0,5,7,4,12.0,0,0,5,8,2,12.5,0,10.8,1.4,1.74,Matriculado,Matriculado,0,
Solteiro,Equincultura,Ensino Secundário,130.0,Português,122.5,0,0,1,Masculino,0,0,0,5,11,4,12.0,1,0,5,9,5,12.6,0,9.4,-0.8,-3.12,Graduado,Graduado,0,0
Solteiro,Gestão (presencial noturno),Ensino Secundário,133.0,Português,139.2,0,1,1,Masculino,0,0,0,5,11,2,12.5,0,0,5,9,2,11.5,1,12.7,3.7,-1.7,Desistente,Desistente,1,1
Solteiro,Design de Animação e Multimédia,Ensino Secundário,128.0,Português,131.2,0,0,1,Masculino,0,0,6,12,12,12,13.6666666666666,0,4,11,16,11,13.0,0,8.9,1.4,3.51,Graduado,Graduado,0,0
Casado,Agronomia,Ensino Secundário,133.1,Português,120.0,0,1,0,Masculino,0,0,0,6,17,2,14.5,2,0,6,13,0,0.0,1,15.5,2.8,-4.06,Desistente,Desistente,1,1
Solteiro,Enfermagem Veterinária,Ensino Secundário,123.0,Português,116.7,0,0,1,Masculino,1,0,0,6,10,4,13.2,0,0,6,8,0,0.0,0,12.4,0.5,1.79,Desistente,Desistente,1,1
Solteiro,Enfermagem Veterinária,Curso Técnico Superior Profissional,150.0,Português,150.0,0,0,1,Masculino,1,0,1,7,11,5,12.166666666666602,0,4,8,14,5,14.8,0,8.9,1.4,3.51,Desistente,Desistente,1,1
Divorciado,Jornalismo e Comunicação,Ensino Básico (3º Ciclo),133.1,Português,117.5,0,0,1,Feminino,0,0,0,6,10,4,11.25,0,0,6,6,6,11.333333333333304,0,10.8,1.4,1.74,Graduado,Graduado,0,0
Solteiro,Gestão de Publicidade e Marketing,Ensino Secundário,140.0,Português,137.6,0,0,1,Masculino,1,0,0,6,8,6,15.1666666666666,0,0,6,7,6,14.428571428571399,0,8.9,1.4,3.51,Graduado,Graduado,0,0
Solteiro,Turismo,Ensino Secundário,126.0,Português,124.3,0,0,1,Feminino,1,0,0,6,8,6,11.166666666666602,0,0,6,7,4,13.4,0,16.2,0.3,-0.92,Graduado,Graduado,0,0
Solteiro,Enfermagem,Ensino Básico (3º Ciclo),133.1,Português,116.0,0,0,1,Feminino,1,0,0,7,8,6,10.983333333333302,0,0,7,8,6,10.983333333333302,0,7.6,2.6,0.32,Graduado,Graduado,0,0
Solteiro,Serviço Social,Ensino Secundário,121.0,Português,121.4,0,0,1,Feminino,1,0,0,6,8,4,10.75,0,0,6,11,5,11.5,0,15.5,2.8,-4.06,Graduado,Graduado,0,0
Solteiro,Enfermagem Veterinária,Curso Técnico Superior Profissional,140.0,Português,142.8,0,0,0,Feminino,1,0,7,12,15,11,13.384615384615298,0,4,9,13,7,14.285714285714198,0,8.9,1.4,3.51,Graduado,Graduado,0,0
Solteiro,Gestão de Publicidade e Marketing,Ensino Secundário,133.1,Português,96.0,0,0,1,Feminino,1,0,0,6,8,6,11.285714285714198,0,0,6,10,5,12.2,0,15.5,2.8,-4.06,Matriculado,Matriculado,0,
Solteiro,Serviço Social (prestação nocturna),Ensino Secundário,131.0,Português,125.0,0,0,1,Masculino,0,0,0,6,13,0,0.0,3,0,6,6,0,0.0,0,16.2,0.3,-0.92,Desistente,Desistente,1,1
Solteiro,Engenharia Informática,Ensino Secundário,124.0,Português,126.1,0,0,1,Masculino,0,0,0,5,7,4,13.0,0,0,5,9,5,14.833333333333304,3,7.6,2.6,0.32,Graduado,Graduado,0,0
Casado,Agronomia,Ensino Secundário,120.0,Português,155.8,0,0,1,Masculino,0,0,0,6,9,6,16.1111111111111,0,0,6,7,6,13.5,0,13.9,-0.3,0.79,Graduado,Graduado,0,0
Solteiro,Jornalismo e Comunicação,Ensino Secundário,133.1,Português,116.0,0,0,1,Masculino,0,0,0,6,8,6,11.5,0,0,6,8,6,11.0,0,16.2,0.3,-0.92,Graduado,Graduado,0,0
Solteiro,Equincultura,Curso de Especialização Tecnológica,110.0,Português,110.0,0,0,1,Masculino,0,0,0,6,15,4,10.75,0,0,6,12,2,10.5,0,13.9,-0.3,0.79,Desistente,Desistente,1,1
Solteiro,Gestão de Publicidade e Marketing,Ensino Básico (3º Ciclo),133.1,Português,97.2,0,0,1,Masculino,1,0,0,6,10,4,11.6,0,0,6,8,5,13.0,0,11.1,0.6,2.02,Graduado,Graduado,0,0
Solteiro,Enfermagem,Ensino Básico (3º Ciclo),133.1,Português,100.0,0,1,1,Masculino,0,0,0,7,21,0,0.0,3,0,7,7,0,0.0,0,16.2,0.3,-0.92,Desistente,Desistente,1,1
Solteiro,Engenharia Informática,Ensino Superior - Licenciatura (1º Ciclo),140.0,Português,140.0,0,0,1,Masculino,0,0,0,5,5,5,13.8,0,0,5,7,5,14.142857142857096,0,11.1,0.6,2.02,Graduado,Graduado,0,0
Solteiro,Higiene Oral,Ensino Secundário,130.0,Português,128.0,0,0,1,Masculino,0,0,0,7,8,7,13.585714285714198,0,0,8,8,8,14.6875,0,15.5,2.8,-4.06,Graduado,Graduado,0,0
Solteiro,Gestão de Publicidade e Marketing,Ensino Secundário,110.0,Português,115.3,0,0,1,Masculino,0,0,0,6,8,6,13.8571428571428,0,0,6,8,5,13.0,0,15.5,2.8,-4.06,Graduado,Graduado,0,0
Divorciado,Agronomia,Ensino Secundário,140.0,Português,150.0,0,0,1,Masculino,0,0,0,6,12,5,12.0,0,0,6,10,6,12.333333333333304,0,11.1,0.6,2.02,Matriculado,Matriculado,0,
Solteiro,Agronomia,Curso de Especialização Tecnológica,160.0,Português,160.0,0,0,1,Masculino,1,0,0,6,9,6,13.444444444444397,0,0,6,9,5,12.6,0,13.9,-0.3,0.79,Graduado,Graduado,0,0
Solteiro,Design de Comunicação,Ensino Secundário,138.0,Português,133.1,0,0,1,Masculino,0,0,0,6,6,6,14.0,0,0,6,7,6,13.8571428571428,0,8.9,1.4,3.51,Graduado,Graduado,0,0
Solteiro,Gestão de Publicidade e Marketing,Ensino Secundário,126.0,Português,119.0,0,1,1,Masculino,0,0,0,6,10,1,12.0,1,0,6,0,0,0.0,0,10.8,1.4,1.74,Desistente,Desistente,1,1
Casado,Gestão (presencial noturno),Ensino Secundário,120.0,Português,156.0,0,0,1,Masculino,0,0,0,5,5,5,14.2,0,0,5,6,5,13.833333333333304,0,10.8,1.4,1.74,Graduado,Graduado,0,0
Casado,Enfermagem,Ensino Secundário,130.0,Português,163.7,0,0,1,Feminino,0,0,0,7,11,5,13.34,0,0,7,9,5,10.84,0,12.4,0.5,1.79,Matriculado,Matriculado,0,
Solteiro,Enfermagem,Ensino Superior - Licenciatura (1º Ciclo),130.0,Português,130.0,0,0,1,Feminino,0,0,3,8,12,7,12.457142857142802,0,3,8,12,7,12.457142857142802,0,12.7,3.7,-1.7,Matriculado,Matriculado,0,
Solteiro,Jornalismo e Comunicação,Ensino Secundário,122.0,Português,123.1,0,0,0,Feminino,0,0,0,6,12,3,11.0,0,0,6,12,3,12.0,0,9.4,-0.8,-3.12,Desistente,Desistente,1,1
Solteiro,Gestão (presencial noturno),Ensino Secundário,160.0,Brasileiro,160.0,0,0,1,Feminino,1,1,0,5,13,4,10.5,0,0,5,10,4,10.5,0,15.5,2.8,-4.06,Matriculado,Matriculado,0,
Solteiro,Design de Animação e Multimédia,Ensino Secundário,134.0,Português,136.1,0,0,1,Masculino,0,0,0,0,0,0,0.0,0,0,0,0,0,0.0,0,9.4,-0.8,-3.12,Graduado,Graduado,0,0
Solteiro,Design de Comunicação,Ensino Secundário,134.0,Português,132.7,0,0,1,Masculino,0,0,9,13,13,13,14.0,0,7,12,13,12,13.0,0,15.5,2.8,-4.06,Graduado,Graduado,0,0
Solteiro,Enfermagem,Ensino Secundário,140.0,Moldávia (República da),128.2,0,0,1,Feminino,0,1,0,7,0,0,0.0,0,0,8,0,0,0.0,0,12.7,3.7,-1.7,Desistente,Desistente,1,1
Solteiro,Turismo,Ensino Secundário,127.0,Português,126.7,0,0,0,Masculino,0,0,0,1,1,0,0.0,0,0,6,0,0,0.0,0,12.4,0.5,1.79,Desistente,Desistente,1,1
Casado,Gestão (presencial noturno),Ensino Secundário,133.1,Português,150.0,0,0,1,Masculino,0,0,0,5,8,4,10.0,0,0,5,8,4,12.5,0,9.4,-0.8,-3.12,Matriculado,Matriculado,0,
Solteiro,Design de Animação e Multimédia,Ensino Secundário,143.0,Português,156.3,0,0,1,Masculino,1,0,0,0,0,0,0.0,0,0,0,0,0,0.0,0,11.1,0.6,2.02,Graduado,Graduado,0,0
Solteiro,Turismo,Ensino Secundário,115.0,Guineense,116.1,0,0,1,Feminino,0,1,0,6,6,6,13.5,0,0,6,6,6,14.333333333333304,0,12.4,0.5,1.79,Graduado,Graduado,0,0
Solteiro,Enfermagem,Ensino Secundário,131.0,Português,123.8,0,0,1,Feminino,0,0,0,7,0,0,0.0,0,0,8,0,0,0.0,0,15.5,2.8,-4.06,Desistente,Desistente,1,1
Solteiro,Design de Animação e Multimédia,Ensino Secundário,146.0,Português,153.0,0,0,1,Feminino,1,0,15,17,18,17,13.3888888888888,0,15,17,18,17,14.8888888888888,0,11.1,0.6,2.02,Graduado,Graduado,0,0
Solteiro,Enfermagem,Ensino Superior - Doutoramento,140.0,Português,140.0,0,0,0,Feminino,0,0,0,7,0,0,0.0,0,0,8,0,0,0.0,0,12.4,0.5,1.79,Desistente,Desistente,1,1
Solteiro,Design de Animação e Multimédia,Ensino Secundário,135.0,Português,131.9,0,0,1,Masculino,0,0,6,12,12,12,13.583333333333304,0,4,11,12,11,13.583333333333304,0,8.9,1.4,3.51,Graduado,Graduado,0,0
Solteiro,Design de Animação e Multimédia,Ensino Secundário,133.0,Português,141.4,0,0,1,Masculino,1,0,0,0,0,0,0.0,0,0,0,0,0,0.0,0,13.9,-0.3,0.79,Matriculado,Matriculado,0,
Solteiro,Gestão,Outro - 11º Ano de Escolaridade,133.1,Português,140.0,0,1,0,Masculino,0,0,0,5,5,0,0.0,0,0,5,5,0,0.0,0,12.7,3.7,-1.7,Desistente,Desistente,1,1
Solteiro,Gestão (presencial noturno),Ensino Secundário,120.0,Português,115.0,0,0,1,Masculino,0,0,0,5,9,1,10.0,0,0,5,5,0,0.0,0,12.7,3.7,-1.7,Desistente,Desistente,1,1
Casado,Gestão (presencial noturno),Ensino Secundário,133.1,Português,168.0,0,0,1,Masculino,0,0,0,5,5,5,15.2,0,0,5,5,5,15.2,0,11.1,0.6,2.02,Graduado,Graduado,0,0
Solteiro,Enfermagem Veterinária,Ensino Secundário,130.0,Português,101.3,0,0,1,Masculino,0,0,0,6,12,4,12.8,0,0,6,17,0,0.0,0,12.4,0.5,1.79,Desistente,Desistente,1,1
Solteiro,Gestão de Publicidade e Marketing,Ensino Secundário,125.0,Português,122.6,0,0,1,Masculino,0,0,0,5,7,5,11.166666666666602,0,0,5,5,4,11.0,0,9.4,-0.8,-3.12,Desistente,Desistente,1,1
Solteiro,Design de Animação e Multimédia,Ensino Secundário,134.0,Português,141.7,0,0,1,Masculino,0,0,0,0,0,0,0.0,0,0,0,0,0,0.0,0,7.6,2.6,0.32,Matriculado,Matriculado,0,
Solteiro,Enfermagem,Ensino Secundário,151.0,Português,132.3,0,0,1,Masculino,0,0,0,8,9,7,12.828571428571399,0,0,8,9,7,12.828571428571399,0,12.7,3.7,-1.7,Graduado,Graduado,0,0
Solteiro,Jornalismo e Comunicação,Ensino Secundário,112.0,Português,111.7,0,1,0,Masculino,0,0,0,6,6,6,12.5,0,0,6,10,4,12.6,0,15.5,2.8,-4.06,Desistente,Desistente,1,1
Solteiro,Engenharia Informática,Ensino Secundário,120.0,Português,98.7,0,0,1,Masculino,1,0,0,5,12,3,10.0,0,0,5,10,3,12.4,0,12.4,0.5,1.79,Graduado,Graduado,0,0
Solteiro,Turismo,Ensino Secundário,140.0,Santomense,140.0,0,0,0,Feminino,0,1,0,6,6,6,11.5,0,0,6,10,4,13.25,0,13.9,-0.3,0.79,Graduado,Graduado,0,0
Solteiro,Enfermagem,Ensino Secundário,140.0,Guineense,140.0,0,1,0,Feminino,0,1,0,8,11,7,11.328571428571399,0,0,8,11,7,11.328571428571399,0,12.7,3.7,-1.7,Desistente,Desistente,1,1
Divorciado,Agronomia,Ensino Secundário,133.1,Português,100.7,0,0,1,Feminino,0,0,0,6,15,2,13.0,2,0,6,13,3,13.0,1,15.5,2.8,-4.06,Matriculado,Matriculado,0,
Solteiro,Enfermagem,Ensino Secundário,143.0,Português,133.8,0,0,1,Feminino,0,0,0,7,7,6,13.033333333333303,0,0,7,7,6,13.033333333333303,0,7.6,2.6,0.32,Graduado,Graduado,0,0
Casado,Jornalismo e Comunicação,Ensino Secundário,133.1,Brasileiro,100.0,0,0,1,Feminino,0,1,0,6,8,6,12.166666666666602,0,0,6,7,4,11.75,0,11.1,0.6,2.02,Graduado,Graduado,0,0
Solteiro,Engenharia Informática,Ensino Superior - Mestrado,180.0,Português,180.0,0,1,1,Masculino,0,0,0,5,6,4,14.5,0,0,5,10,3,16.2,0,13.9,-0.3,0.79,Matriculado,Matriculado,0,
Solteiro,Enfermagem Veterinária,Ensino Secundário,136.0,Português,130.8,0,0,1,Feminino,0,0,0,5,7,5,14.4,1,0,5,5,5,13.6,0,12.7,3.7,-1.7,Graduado,Graduado,0,0
Casado,Gestão (presencial noturno),Curso de Especialização Tecnológica,140.0,Português,140.0,0,0,1,Feminino,0,0,2,6,10,4,12.25,0,3,7,9,6,12.5,0,9.4,-0.8,-3.12,Matriculado,Matriculado,0,
Solteiro,Enfermagem,Ensino Secundário,130.0,Português,106.2,0,0,1,Feminino,0,0,0,7,14,0,0.0,0,0,7,14,0,0.0,0,11.1,0.6,2.02,Desistente,Desistente,1,1
Solteiro,Serviço Social,Ensino Secundário,141.0,Português,125.6,0,0,1,Feminino,1,0,0,6,6,6,12.666666666666602,0,0,6,6,6,12.0,0,9.4,-0.8,-3.12,Graduado,Graduado,0,0
Solteiro,Ensino Básico,Ensino Secundário,121.0,Português,117.5,0,1,0,Feminino,0,0,0,6,14,2,12.0,0,0,6,14,3,11.666666666666602,0,10.8,1.4,1.74,Desistente,Desistente,1,1
Casado,Engenharia Informática,Ensino Superior - Licenciatura,120.0,Português,122.5,0,0,0,Feminino,0,0,0,5,6,0,0.0,0,0,5,5,0,0.0,0,12.7,3.7,-1.7,Desistente,Desistente,1,1
Solteiro,Gestão,Ensino Secundário,129.0,Português,132.9,0,0,1,Feminino,0,0,0,5,5,3,11.666666666666602,0,0,5,10,4,10.8,0,9.4,-0.8,-3.12,Desistente,Desistente,1,1
Casado,Ensino Básico,Outro - 11º Ano de Escolaridade,133.1,Português,103.0,0,0,1,Feminino,0,0,0,6,0,0,0.0,0,0,6,0,0,0.0,0,16.2,0.3,-0.92,Desistente,Desistente,1,1
Divorciado,Serviço Social (prestação nocturna),Ensino Secundário,100.0,Português,107.0,0,0,1,Feminino,0,0,0,5,12,1,10.0,0,0,5,10,0,0.0,0,10.8,1.4,1.74,Desistente,Desistente,1,1
Solteiro,Equincultura,Ensino Superior - Licenciatura,133.1,Espanhol,100.0,0,0,1,Masculino,0,1,0,7,8,0,0.0,1,0,6,9,0,0.0,0,8.9,1.4,3.51,Desistente,Desistente,1,1
Solteiro,Serviço Social (prestação nocturna),Ensino Secundário,133.1,Português,100.0,0,0,1,Feminino,0,0,0,6,11,4,12.25,0,0,6,16,3,12.0,0,7.6,2.6,0.32,Desistente,Desistente,1,1
Solteiro,Design de Comunicação,Ensino Secundário,139.0,Português,131.3,0,0,1,Feminino,0,0,0,6,10,4,12.0,1,0,6,6,6,12.5,0,7.6,2.6,0.32,Graduado,Graduado,0,0
Solteiro,Jornalismo e Comunicação,Ensino Secundário,125.0,Português,122.2,0,0,0,Feminino,0,0,0,6,7,5,12.6,0,0,6,6,5,11.8,0,11.1,0.6,2.02,Matriculado,Matriculado,0,
Casado,Gestão (presencial noturno),12º Ano de Escolaridade - Não Concluído,133.1,Português,118.4,0,0,0,Feminino,0,0,0,5,5,0,0.0,0,0,5,5,0,0.0,0,7.6,2.6,0.32,Desistente,Desistente,1,1
Casado,Turismo,Ensino Superior - Licenciatura,100.0,Português,100.0,0,0,0,Feminino,0,0,0,5,5,0,0.0,0,0,5,10,0,0.0,0,10.8,1.4,1.74,Desistente,Desistente,1,1
União de Fato,Enfermagem,Ensino Secundário,110.0,Português,110.0,0,0,0,Feminino,0,0,0,8,8,0,0.0,1,0,8,8,0,0.0,1,12.7,3.7,-1.7,Desistente,Desistente,1,1
Casado,Serviço Social (prestação nocturna),Ensino Secundário,133.1,Português,100.0,0,0,1,Feminino,1,0,11,16,16,16,12.6875,0,11,13,13,13,12.0,0,9.4,-0.8,-3.12,Graduado,Graduado,0,0
Solteiro,Gestão,Ensino Secundário,123.0,Português,106.2,0,0,1,Feminino,0,0,9,13,22,10,10.4,0,4,9,18,6,10.666666666666602,0,12.7,3.7,-1.7,Graduado,Graduado,0,0
Solteiro,Gestão,Ensino Superior - Licenciatura (1º Ciclo),110.0,Português,110.0,0,0,1,Feminino,0,0,11,15,26,14,10.466666666666601,0,9,12,16,12,10.923076923076902,0,13.9,-0.3,0.79,Graduado,Graduado,0,0
Solteiro,Enfermagem Veterinária,Ensino Secundário,130.0,Português,122.3,0,0,1,Feminino,0,0,0,5,10,5,14.333333333333304,2,0,5,8,5,13.0,1,9.4,-0.8,-3.12,Graduado,Graduado,0,0
Solteiro,Serviço Social (prestação nocturna),Ensino Secundário,133.1,Português,112.5,0,0,1,Feminino,1,0,0,7,7,6,14.6666666666666,1,0,6,7,6,14.333333333333304,0,10.8,1.4,1.74,Graduado,Graduado,0,0
Solteiro,Enfermagem,Ensino Secundário,97.0,Português,98.1,0,0,1,Feminino,0,0,0,7,7,7,12.835714285714198,0,0,8,8,8,14.23125,0,11.1,0.6,2.02,Graduado,Graduado,0,0
Solteiro,Engenharia Informática,Ensino Secundário,130.0,Português,140.2,0,0,1,Masculino,0,0,0,5,5,0,0.0,0,0,5,0,0,0.0,0,9.4,-0.8,-3.12,Desistente,Desistente,1,1
Solteiro,Gestão,Ensino Secundário,139.0,Português,143.6,0,1,1,Masculino,0,0,0,5,9,0,0.0,0,0,5,5,0,0.0,0,7.6,2.6,0.32,Matriculado,Matriculado,0,
Solteiro,Design de Animação e Multimédia,Ensino Secundário,150.0,Português,134.6,0,0,1,Masculino,0,0,0,0,0,0,0.0,0,0,0,0,0,0.0,0,7.6,2.6,0.32,Desistente,Desistente,1,1
Solteiro,Enfermagem,Ensino Secundário,141.0,Português,126.8,0,0,1,Masculino,0,0,0,8,8,8,13.248750000000001,0,0,8,8,8,13.248750000000001,0,9.4,-0.8,-3.12,Graduado,Graduado,0,0
Solteiro,Tecnologias de Produção de Biocombustíveis,Ensino Secundário,133.1,Brasileiro,100.0,0,0,1,Masculino,0,1,0,7,10,7,12.857142857142804,0,0,7,7,4,12.75,0,8.9,1.4,3.51,Matriculado,Matriculado,0,
Solteiro,Equincultura,Ensino Secundário,137.0,Português,130.0,0,0,1,Feminino,0,0,0,6,12,5,13.6,0,0,6,10,4,14.25,0,12.4,0.5,1.79,Matriculado,Matriculado,0,
Solteiro,Gestão,Ensino Secundário,116.0,Português,113.6,0,0,1,Feminino,1,0,0,5,6,3,14.0,0,0,5,8,5,12.4,0,11.1,0.6,2.02,Graduado,Graduado,0,0
Solteiro,Equincultura,Curso de Especialização Tecnológica,140.0,Português,140.0,0,1,0,Feminino,0,0,1,6,11,3,12.0,0,0,6,11,2,11.0,0,12.4,0.5,1.79,Matriculado,Matriculado,0,
Solteiro,Enfermagem Veterinária,Ensino Secundário,106.0,Português,106.0,0,0,1,Feminino,0,0,0,6,9,6,13.1666666666666,0,0,6,8,4,14.0,0,13.9,-0.3,0.79,Matriculado,Matriculado,0,
Solteiro,Serviço Social,Ensino Secundário,135.0,Português,126.6,0,0,1,Feminino,1,0,0,6,8,6,13.625,0,0,6,7,6,12.166666666666602,0,12.7,3.7,-1.7,Graduado,Graduado,0,0
Solteiro,Enfermagem,Ensino Secundário,144.0,Português,130.7,0,0,1,Feminino,1,0,0,7,8,7,14.85,0,0,8,9,8,15.6111111111111,0,13.9,-0.3,0.79,Graduado,Graduado,0,0
Solteiro,Gestão,Ensino Secundário,108.0,Português,105.9,0,0,1,Masculino,0,0,0,5,9,4,10.75,0,0,5,6,5,11.4,0,11.1,0.6,2.02,Graduado,Graduado,0,0
Solteiro,Higiene Oral,Ensino Secundário,137.0,Santomense,137.0,0,1,1,Feminino,0,1,0,7,11,0,0.0,4,0,7,11,2,11.666666666666602,0,8.9,1.4,3.51,Matriculado,Matriculado,0,
Solteiro,Equincultura,Ensino Secundário,133.1,Espanhol,100.0,0,0,1,Feminino,0,1,0,6,0,0,0.0,0,0,6,0,0,0.0,0,13.9,-0.3,0.79,Desistente,Desistente,1,1
Casado,Serviço Social (prestação nocturna),Ensino Secundário,121.0,Português,114.4,0,0,1,Feminino,0,0,8,12,14,12,14.0,0,2,7,12,7,13.8571428571428,0,7.6,2.6,0.32,Matriculado,Matriculado,0,
Solteiro,Agronomia,Ensino Básico (3º Ciclo),133.1,Português,120.0,0,1,0,Masculino,0,0,0,6,8,0,0.0,0,0,6,10,0,0.0,0,16.2,0.3,-0.92,Desistente,Desistente,1,1
Separado Judicialmente,Gestão (presencial noturno),Outro - 11º Ano de Escolaridade,130.0,Português,119.0,0,0,0,Masculino,0,0,0,5,5,0,0.0,0,0,5,5,0,0.0,0,7.6,2.6,0.32,Desistente,Desistente,1,1
União de Fato,Agronomia,Ensino Secundário,133.1,Português,110.0,0,1,0,Feminino,0,0,0,6,17,5,13.0,0,0,6,11,4,11.75,0,13.9,-0.3,0.79,Desistente,Desistente,1,1
União de Fato,Gestão (presencial noturno),Ensino Superior - Licenciatura,120.0,Português,120.0,0,0,1,Feminino,0,0,6,8,12,8,12.375,0,4,9,11,5,12.4,0,8.9,1.4,3.51,Graduado,Graduado,0,0
Solteiro,Design de Animação e Multimédia,Ensino Secundário,131.0,Português,119.8,1,0,1,Feminino,0,0,0,0,0,0,0.0,0,0,0,0,0,0.0,0,16.2,0.3,-0.92,Graduado,Graduado,0,0
Casado,Gestão de Publicidade e Marketing,Ensino Básico (3º Ciclo),133.1,Português,135.6,0,0,1,Feminino,0,0,0,6,10,5,11.4,0,0,6,9,4,13.75,0,12.4,0.5,1.79,Desistente,Desistente,1,1
Solteiro,Gestão (presencial noturno),Ensino Secundário,100.0,Português,120.7,0,0,1,Feminino,0,0,0,5,9,4,11.25,0,0,5,7,4,13.0,0,7.6,2.6,0.32,Matriculado,Matriculado,0,
Solteiro,Enfermagem Veterinária,Ensino Secundário,131.0,Português,136.3,0,1,0,Feminino,0,0,0,5,7,3,13.0,0,0,5,8,3,12.0,0,7.6,2.6,0.32,Desistente,Desistente,1,1
Solteiro,Design de Animação e Multimédia,Ensino Secundário,158.0,Português,164.3,0,0,1,Masculino,1,0,0,0,0,0,0.0,0,0,0,0,0,0.0,0,10.8,1.4,1.74,Matriculado,Matriculado,0,
Solteiro,Jornalismo e Comunicação,Ensino Secundário,146.0,Português,149.2,0,0,1,Masculino,1,0,0,6,6,6,13.5,0,0,6,6,6,14.1666666666666,0,12.7,3.7,-1.7,Graduado,Graduado,0,0
Solteiro,Design de Comunicação,Ensino Secundário,133.0,Português,122.5,0,0,1,Feminino,0,0,0,6,11,1,11.0,1,0,6,11,4,11.0,4,7.6,2.6,0.32,Matriculado,Matriculado,0,
Solteiro,Gestão (presencial noturno),Ensino Secundário,120.0,Português,100.0,0,0,1,Feminino,0,0,0,5,9,0,0.0,0,0,5,10,1,11.0,0,13.9,-0.3,0.79,Desistente,Desistente,1,1
Solteiro,Ensino Básico,Ensino Secundário,119.0,Português,125.0,0,0,1,Feminino,1,0,0,6,9,5,12.0,0,0,6,8,5,11.2,0,10.8,1.4,1.74,Desistente,Desistente,1,1
Solteiro,Jornalismo e Comunicação,Ensino Secundário,132.0,Português,131.0,0,0,1,Feminino,1,0,0,6,8,5,13.0,0,0,6,7,6,13.0,0,15.5,2.8,-4.06,Graduado,Graduado,0,0
Solteiro,Design de Animação e Multimédia,Ensino Secundário,130.0,Português,122.0,0,0,1,Masculino,0,0,0,0,0,0,0.0,0,0,0,0,0,0.0,0,7.6,2.6,0.32,Graduado,Graduado,0,0
Solteiro,Gestão,Ensino Secundário,132.0,Português,131.3,0,0,1,Feminino,0,0,0,5,8,4,12.0,0,0,5,8,4,12.25,0,9.4,-0.8,-3.12,Matriculado,Matriculado,0,
Solteiro,Engenharia Informática,Ensino Secundário,133.1,Português,117.0,0,0,1,Masculino,0,0,0,5,10,5,11.166666666666602,0,0,5,10,3,10.8,0,12.4,0.5,1.79,Matriculado,Matriculado,0,
Solteiro,Turismo,Ensino Secundário,119.0,Português,118.0,0,0,1,Masculino,0,0,0,6,13,2,10.5,0,0,6,11,1,12.0,0,10.8,1.4,1.74,Desistente,Desistente,1,1
Solteiro,Serviço Social (prestação nocturna),Ensino Secundário,134.0,Português,126.0,0,0,1,Masculino,0,0,0,6,7,6,12.666666666666602,0,0,6,6,6,12.166666666666602,0,7.6,2.6,0.32,Graduado,Graduado,0,0
Solteiro,Agronomia,Curso de Especialização Tecnológica,120.0,Português,120.0,0,0,1,Masculino,0,0,1,6,6,1,11.0,0,0,6,8,0,0.0,0,15.5,2.8,-4.06,Desistente,Desistente,1,1
Solteiro,Design de Animação e Multimédia,Ensino Secundário,172.0,Português,155.6,0,0,1,Masculino,0,0,0,0,0,0,0.0,0,0,0,0,0,0.0,0,9.4,-0.8,-3.12,Desistente,Desistente,1,1
Solteiro,Gestão,Ensino Secundário,120.0,Português,122.8,0,0,1,Masculino,0,0,0,5,6,4,11.5,0,0,5,12,2,10.333333333333304,0,10.8,1.4,1.74,Matriculado,Matriculado,0,
Solteiro,Design de Animação e Multimédia,Ensino Secundário,129.0,Português,127.3,0,1,0,Masculino,1,0,0,0,0,0,0.0,0,0,0,0,0,0.0,0,9.4,-0.8,-3.12,Desistente,Desistente,1,1
Solteiro,Gestão,Ensino Secundário,118.0,Português,118.4,0,0,1,Masculino,0,0,0,5,10,2,10.5,0,0,5,5,4,11.75,0,12.4,0.5,1.79,Matriculado,Matriculado,0,
Solteiro,Gestão de Publicidade e Marketing,Ensino Secundário,127.0,Português,128.1,0,0,1,Masculino,0,0,0,5,8,4,12.5,0,0,5,6,4,11.0,0,7.6,2.6,0.32,Matriculado,Matriculado,0,
Solteiro,Enfermagem,Ensino Secundário,133.1,Português,99.0,0,0,1,Masculino,0,0,0,7,9,6,12.833333333333304,0,0,8,12,6,12.5,0,16.2,0.3,-0.92,Matriculado,Matriculado,0,
Solteiro,Jornalismo e Comunicação,Ensino Secundário,164.0,Português,161.2,0,0,1,Masculino,1,0,0,6,7,6,15.571428571428504,0,0,6,7,6,16.142857142857096,0,13.9,-0.3,0.79,Graduado,Graduado,0,0
Solteiro,Serviço Social,Ensino Secundário,136.0,Português,140.9,0,0,1,Masculino,0,0,0,6,10,4,12.0,0,0,6,7,5,11.8,0,9.4,-0.8,-3.12,Desistente,Desistente,1,1
Solteiro,Jornalismo e Comunicação,Ensino Secundário,117.0,Português,111.1,0,1,1,Masculino,0,0,0,6,6,4,11.25,0,0,6,6,3,11.333333333333304,0,16.2,0.3,-0.92,Desistente,Desistente,1,1
Solteiro,Design de Animação e Multimédia,Ensino Secundário,131.0,Português,149.9,0,0,1,Masculino,0,0,0,0,0,0,0.0,0,0,0,0,0,0.0,0,11.1,0.6,2.02,Graduado,Graduado,0,0
Solteiro,Gestão de Publicidade e Marketing,Ensino Secundário,110.0,Português,111.3,0,0,1,Masculino,0,0,0,6,10,6,12.285714285714198,0,0,6,11,4,14.25,0,15.5,2.8,-4.06,Matriculado,Matriculado,0,
Solteiro,Turismo,Ensino Secundário,125.0,Português,121.5,0,0,1,Masculino,0,0,0,6,12,5,11.0,0,0,6,11,3,10.333333333333304,0,9.4,-0.8,-3.12,Matriculado,Matriculado,0,
Solteiro,Agronomia,Curso de Especialização Tecnológica,120.0,Português,120.0,0,0,1,Masculino,0,0,0,6,8,6,12.142857142857096,0,0,6,11,5,13.6,0,12.4,0.5,1.79,Graduado,Graduado,0,0
Solteiro,Agronomia,Ensino Básico (3º Ciclo),133.1,Português,120.0,0,1,0,Masculino,0,0,0,6,11,2,11.5,0,0,6,7,0,0.0,0,8.9,1.4,3.51,Desistente,Desistente,1,1
Solteiro,Agronomia,Curso Técnico Superior Profissional,130.0,Português,130.0,0,1,1,Masculino,0,0,7,12,16,11,12.5454545454545,0,5,10,12,8,11.625,0,8.9,1.4,3.51,Matriculado,Matriculado,0,
Solteiro,Turismo,Ensino Secundário,101.0,Português,98.9,0,0,1,Masculino,0,0,0,6,10,4,13.0,0,0,6,6,6,13.0,0,12.4,0.5,1.79,Graduado,Graduado,0,0
Solteiro,Enfermagem,Ensino Secundário,141.0,Português,136.3,0,0,1,Masculino,0,0,0,8,9,8,12.8875,1,0,8,9,8,12.8875,1,9.4,-0.8,-3.12,Graduado,Graduado,0,0
Solteiro,Jornalismo e Comunicação,Ensino Secundário,128.0,Português,125.2,0,0,1,Masculino,0,0,0,6,6,6,12.666666666666602,0,0,6,7,5,13.6,0,12.4,0.5,1.79,Matriculado,Matriculado,0,
Solteiro,Design de Comunicação,Ensino Secundário,145.0,Português,130.0,0,0,1,Masculino,0,0,0,6,7,6,12.833333333333304,0,0,6,7,6,12.571428571428502,0,8.9,1.4,3.51,Graduado,Graduado,0,0
Solteiro,Gestão,Ensino Secundário,160.0,Português,141.5,0,0,1,Masculino,0,0,0,5,10,3,10.666666666666602,1,0,5,11,2,12.5,0,9.4,-0.8,-3.12,Desistente,Desistente,1,1
Solteiro,Enfermagem Veterinária,Ensino Secundário,134.0,Português,123.9,0,0,1,Masculino,0,0,0,5,11,5,13.0,2,0,5,7,5,12.4,0,9.4,-0.8,-3.12,Matriculado,Matriculado,0,
Solteiro,Enfermagem,Ensino Secundário,125.0,Português,114.5,0,0,1,Feminino,0,0,0,7,11,6,11.983333333333302,0,0,8,12,8,12.28125,0,16.2,0.3,-0.92,Graduado,Graduado,0,0
Solteiro,Serviço Social (prestação nocturna),10º Ano de Escolaridade - Não Concluído,133.1,Português,100.0,0,0,0,Feminino,0,0,0,5,9,0,0.0,0,0,5,5,0,0.0,5,9.4,-0.8,-3.12,Desistente,Desistente,1,1
Casado,Serviço Social (prestação nocturna),Ensino Secundário,120.0,Português,110.5,0,0,1,Feminino,1,0,0,6,6,6,11.833333333333304,0,0,6,6,6,11.5,0,10.8,1.4,1.74,Graduado,Graduado,0,0
Casado,Enfermagem Veterinária,Ensino Básico (3º Ciclo),133.1,Português,101.0,0,0,1,Feminino,0,0,0,6,21,3,12.666666666666602,0,0,6,15,2,11.0,0,15.5,2.8,-4.06,Desistente,Desistente,1,1
Solteiro,Enfermagem Veterinária,Ensino Secundário,121.0,Português,121.0,0,0,1,Feminino,0,0,0,5,9,4,13.75,1,0,5,8,4,14.5,0,7.6,2.6,0.32,Graduado,Graduado,0,0
Solteiro,Serviço Social (prestação nocturna),Ensino Secundário,120.0,Português,95.0,0,0,1,Feminino,0,0,0,6,8,5,11.4,0,0,6,8,5,11.8,0,15.5,2.8,-4.06,Desistente,Desistente,1,1
Solteiro,Jornalismo e Comunicação,Ensino Secundário,130.0,Colombiano,126.9,0,0,1,Feminino,1,1,0,6,8,6,13.1666666666666,0,0,6,6,6,13.0,0,11.1,0.6,2.02,Desistente,Desistente,1,1
Solteiro,Gestão de Publicidade e Marketing,Ensino Secundário,130.0,Português,116.3,0,0,1,Feminino,1,0,3,7,10,6,12.833333333333304,0,2,8,8,5,11.8,0,12.7,3.7,-1.7,Graduado,Graduado,0,0
Solteiro,Gestão de Publicidade e Marketing,Ensino Secundário,128.0,Português,120.0,0,0,1,Feminino,0,0,0,6,8,6,14.125,0,0,6,10,5,14.5,0,11.1,0.6,2.02,Graduado,Graduado,0,0
Solteiro,Enfermagem Veterinária,Ensino Secundário,126.0,Português,123.6,0,0,1,Feminino,0,0,0,5,10,3,11.666666666666602,0,0,5,5,5,13.0,0,10.8,1.4,1.74,Graduado,Graduado,0,0
Casado,Higiene Oral,Ensino Secundário,120.0,Português,150.0,0,0,0,Feminino,0,0,0,7,18,6,10.25,0,0,7,14,4,11.25,0,12.7,3.7,-1.7,Desistente,Desistente,1,1
Casado,Higiene Oral,Ensino Secundário,100.0,Português,120.0,0,0,1,Feminino,0,0,1,7,16,6,12.514285714285696,0,0,7,15,4,11.75,0,12.7,3.7,-1.7,Desistente,Desistente,1,1
Solteiro,Ensino Básico,Ensino Secundário,120.0,Português,111.3,0,0,1,Feminino,0,0,9,13,17,10,11.5,0,7,13,18,9,10.4444444444444,0,16.2,0.3,-0.92,Desistente,Desistente,1,1
Solteiro,Gestão (presencial noturno),Ensino Secundário,110.0,Português,150.0,0,0,0,Feminino,0,0,0,5,5,1,10.0,0,0,5,5,0,0.0,0,15.5,2.8,-4.06,Desistente,Desistente,1,1
Solteiro,Enfermagem Veterinária,Ensino Secundário,127.0,Português,123.2,0,0,1,Feminino,1,0,0,6,7,6,15.714285714285703,0,0,6,17,5,12.7777777777777,0,12.4,0.5,1.79,Graduado,Graduado,0,0
Solteiro,Gestão (presencial noturno),Curso de Especialização Tecnológica,130.0,Português,130.0,0,0,1,Masculino,0,0,2,6,9,4,12.5,0,3,7,7,4,11.0,0,9.4,-0.8,-3.12,Desistente,Desistente,1,1
Solteiro,Gestão de Publicidade e Marketing,Ensino Secundário,141.0,Português,137.9,0,0,0,Masculino,0,0,0,5,6,3,12.0,0,0,5,5,4,12.75,0,7.6,2.6,0.32,Desistente,Desistente,1,1
Solteiro,Engenharia Informática,Ensino Secundário,120.0,Português,100.0,0,1,1,Masculino,0,0,0,5,11,0,0.0,0,0,5,5,0,0.0,0,16.2,0.3,-0.92,Desistente,Desistente,1,1
Casado,Equincultura,Ensino Básico (3º Ciclo),133.1,Português,120.0,0,0,1,Masculino,0,0,0,5,9,4,12.25,2,0,5,8,4,11.75,0,9.4,-0.8,-3.12,Graduado,Graduado,0,0
Casado,Jornalismo e Comunicação,Ensino Básico (3º Ciclo),133.1,Português,131.0,0,1,0,Masculino,0,0,0,4,5,0,0.0,0,0,4,4,0,0.0,0,13.9,-0.3,0.79,Desistente,Desistente,1,1
Casado,Gestão (presencial noturno),Outro - 11º Ano de Escolaridade,133.1,Português,133.8,0,0,1,Masculino,0,0,0,5,5,5,13.6,0,0,5,5,5,14.2,0,7.6,2.6,0.32,Graduado,Graduado,0,0
Solteiro,Serviço Social (prestação nocturna),Ensino Secundário,130.0,Português,100.0,0,0,1,Masculino,0,0,9,13,14,13,13.307692307692301,0,7,11,12,11,12.818181818181804,0,12.7,3.7,-1.7,Matriculado,Matriculado,0,
Casado,Gestão (presencial noturno),Ensino Secundário,110.0,Português,150.0,0,0,1,Masculino,0,0,0,5,6,5,12.2,0,0,5,9,5,11.8,0,15.5,2.8,-4.06,Graduado,Graduado,0,0
Solteiro,Gestão de Publicidade e Marketing,Ensino Secundário,125.0,Português,126.4,0,0,1,Masculino,1,0,0,6,7,6,12.285714285714198,0,0,6,7,6,13.333333333333304,1,16.2,0.3,-0.92,Graduado,Graduado,0,0
Casado,Equincultura,Ensino Secundário,130.0,Português,154.0,0,0,1,Masculino,0,0,1,5,12,3,12.0,2,1,5,8,4,13.0,1,10.8,1.4,1.74,Graduado,Graduado,0,0
Solteiro,Enfermagem,Ensino Secundário,121.0,Português,114.9,0,0,1,Masculino,1,0,0,7,9,6,13.342857142857095,0,0,8,10,7,11.65,0,12.4,0.5,1.79,Graduado,Graduado,0,0
Solteiro,Gestão de Publicidade e Marketing,12º Ano de Escolaridade - Não Concluído,133.1,Português,110.0,0,1,1,Masculino,0,0,0,5,5,0,0.0,0,0,5,5,0,0.0,0,9.4,-0.8,-3.12,Desistente,Desistente,1,1
Solteiro,Design de Comunicação,Ensino Secundário,147.0,Português,149.8,0,0,1,Masculino,0,0,5,12,12,11,14.272727272727195,0,5,12,12,11,14.818181818181804,0,16.2,0.3,-0.92,Graduado,Graduado,0,0
Solteiro,Enfermagem,Ensino Secundário,128.0,Português,117.9,0,0,1,Feminino,1,0,0,7,9,7,12.1375,0,0,8,9,8,12.9111111111111,0,12.4,0.5,1.79,Graduado,Graduado,0,0
Solteiro,Design de Comunicação,Ensino Secundário,164.0,Português,165.8,0,0,1,Feminino,0,0,0,6,7,6,14.1666666666666,0,0,6,7,6,14.8571428571428,0,9.4,-0.8,-3.12,Graduado,Graduado,0,0
Solteiro,Enfermagem,Ensino Secundário,137.0,Português,127.6,0,0,1,Feminino,0,0,0,7,7,7,13.5285714285714,0,0,8,9,8,14.6555555555555,0,12.4,0.5,1.79,Graduado,Graduado,0,0
Solteiro,Serviço Social (prestação nocturna),Ensino Secundário,122.0,Português,123.8,0,0,1,Feminino,0,0,0,6,8,5,12.0,0,0,6,8,6,11.0,0,10.8,1.4,1.74,Graduado,Graduado,0,0
Solteiro,Turismo,Ensino Secundário,124.0,Português,126.1,0,0,1,Feminino,0,0,0,5,5,5,11.4,0,0,6,11,1,11.0,0,10.8,1.4,1.74,Desistente,Desistente,1,1
Solteiro,Design de Animação e Multimédia,Ensino Secundário,120.0,Português,119.7,0,0,1,Feminino,0,0,0,0,0,0,0.0,0,0,0,0,0,0.0,0,8.9,1.4,3.51,Desistente,Desistente,1,1
Solteiro,Design de Animação e Multimédia,Ensino Secundário,117.0,Português,121.6,0,0,1,Feminino,0,0,6,12,12,12,12.9166666666666,0,4,11,16,11,14.5,0,8.9,1.4,3.51,Graduado,Graduado,0,0
Solteiro,Enfermagem,Ensino Secundário,140.0,Português,100.0,0,0,1,Feminino,1,0,0,7,8,7,13.6375,0,0,8,8,8,14.3875,0,13.9,-0.3,0.79,Graduado,Graduado,0,0
Solteiro,Enfermagem,Ensino Secundário,130.0,Português,127.6,0,0,1,Feminino,0,0,0,7,10,7,12.9,0,0,8,15,7,12.142857142857096,0,15.5,2.8,-4.06,Desistente,Desistente,1,1
Solteiro,Enfermagem,Ensino Secundário,138.0,Português,132.5,0,0,1,Feminino,1,0,0,8,8,7,14.36,0,0,8,8,7,14.36,0,10.8,1.4,1.74,Graduado,Graduado,0,0
Solteiro,Enfermagem,Ensino Secundário,141.0,Português,124.3,0,0,1,Feminino,0,0,0,8,8,7,14.514285714285702,0,0,8,8,7,14.514285714285702,0,12.7,3.7,-1.7,Matriculado,Matriculado,0,
Solteiro,Enfermagem,Ensino Secundário,142.0,Português,131.0,0,0,1,Feminino,0,0,0,8,8,7,14.7,0,0,8,8,7,14.7,0,10.8,1.4,1.74,Graduado,Graduado,0,0
Solteiro,Gestão (presencial noturno),Ensino Superior - Licenciatura (1º Ciclo),120.0,Português,120.0,0,0,1,Feminino,0,0,0,5,5,5,15.2,0,0,5,6,5,14.0,0,11.1,0.6,2.02,Matriculado,Matriculado,0,
Solteiro,Higiene Oral,Ensino Secundário,122.0,Português,113.3,0,0,1,Feminino,1,0,0,7,7,7,13.0,0,0,8,8,8,15.0625,0,12.4,0.5,1.79,Graduado,Graduado,0,0
Solteiro,Ensino Básico,Ensino Secundário,131.0,Português,121.9,0,0,1,Feminino,0,0,0,6,6,6,13.5,0,0,6,6,0,0.0,0,12.7,3.7,-1.7,Desistente,Desistente,1,1
Solteiro,Enfermagem Veterinária,Ensino Secundário,120.0,Português,118.3,0,0,1,Feminino,0,0,0,5,11,5,12.333333333333304,2,0,5,7,5,12.6,0,9.4,-0.8,-3.12,Graduado,Graduado,0,0
Solteiro,Gestão,Ensino Secundário,131.0,Português,118.8,0,0,1,Feminino,0,0,0,5,6,5,13.4,0,0,5,6,5,13.0,0,16.2,0.3,-0.92,Graduado,Graduado,0,0
Solteiro,Enfermagem Veterinária,Ensino Secundário,130.0,Português,129.0,0,0,1,Feminino,0,0,0,5,7,4,11.75,0,0,5,9,2,10.5,0,7.6,2.6,0.32,Matriculado,Matriculado,0,
Solteiro,Design de Animação e Multimédia,Ensino Secundário,120.0,Português,143.3,0,0,1,Feminino,1,0,0,0,0,0,0.0,0,0,0,0,0,0.0,0,7.6,2.6,0.32,Graduado,Graduado,0,0
Solteiro,Design de Animação e Multimédia,Ensino Secundário,136.0,Português,152.5,0,0,1,Feminino,0,0,0,0,0,0,0.0,0,0,0,0,0,0.0,0,13.9,-0.3,0.79,Matriculado,Matriculado,0,
Solteiro,Enfermagem Veterinária,Curso Técnico Superior Profissional,160.0,Português,155.7,0,0,1,Feminino,0,0,7,12,17,11,14.7272727272727,0,4,9,10,7,14.142857142857096,0,8.9,1.4,3.51,Graduado,Graduado,0,0
Solteiro,Enfermagem Veterinária,Ensino Secundário,157.0,Português,153.9,0,0,1,Feminino,0,0,0,6,7,6,16.571428571428505,0,0,6,6,6,15.6666666666666,0,13.9,-0.3,0.79,Graduado,Graduado,0,0
Solteiro,Enfermagem,Ensino Secundário,150.0,Português,137.8,0,0,1,Feminino,0,0,0,7,10,7,15.145,0,0,8,8,8,15.742500000000001,0,15.5,2.8,-4.06,Graduado,Graduado,0,0
Solteiro,Enfermagem,Ensino Secundário,148.0,Português,143.3,0,0,1,Feminino,1,0,0,7,7,7,13.442857142857097,0,0,8,8,8,15.075,0,13.9,-0.3,0.79,Graduado,Graduado,0,0
Solteiro,Enfermagem Veterinária,Ensino Secundário,120.0,Português,123.2,0,0,1,Feminino,0,0,0,5,8,5,14.1666666666666,2,0,5,6,4,11.75,2,9.4,-0.8,-3.12,Graduado,Graduado,0,0
Solteiro,Jornalismo e Comunicação,Ensino Secundário,150.0,Português,138.1,0,0,1,Feminino,0,0,0,6,7,6,14.0,0,0,6,7,5,15.0,0,11.1,0.6,2.02,Matriculado,Matriculado,0,
Solteiro,Serviço Social,Ensino Secundário,158.0,Português,140.5,0,0,1,Feminino,1,0,0,6,9,6,11.333333333333304,0,0,6,6,6,12.333333333333304,0,10.8,1.4,1.74,Graduado,Graduado,0,0
Solteiro,Enfermagem,Ensino Secundário,145.0,Português,130.0,0,0,1,Feminino,0,0,0,8,8,8,13.76125,0,0,8,8,8,13.76125,0,9.4,-0.8,-3.12,Graduado,Graduado,0,0
Solteiro,Design de Comunicação,Curso de Especialização Tecnológica,100.0,Português,104.8,0,1,0,Feminino,0,0,2,7,9,5,11.6,0,5,9,9,5,10.0,0,12.4,0.5,1.79,Desistente,Desistente,1,1
Solteiro,Serviço Social (prestação nocturna),Ensino Secundário,136.0,Português,132.5,0,1,1,Feminino,1,0,1,6,7,4,12.75,0,1,6,8,5,13.0,0,13.9,-0.3,0.79,Graduado,Graduado,0,0
Solteiro,Gestão (presencial noturno),Ensino Secundário,133.1,Português,127.7,0,0,1,Feminino,0,0,0,5,12,4,12.5,0,0,5,10,4,11.0,0,13.9,-0.3,0.79,Matriculado,Matriculado,0,
Solteiro,Enfermagem Veterinária,Ensino Secundário,148.0,Português,136.5,0,0,1,Feminino,0,0,0,6,13,6,15.307692307692301,0,0,6,9,6,14.0,0,15.5,2.8,-4.06,Graduado,Graduado,0,0
Solteiro,Equincultura,Curso de Especialização Tecnológica,130.0,Português,130.0,0,0,0,Feminino,0,0,1,6,12,5,13.285714285714198,0,0,6,10,4,12.0,0,16.2,0.3,-0.92,Desistente,Desistente,1,1
Solteiro,Enfermagem,Ensino Superior - Licenciatura (1º Ciclo),130.0,Português,190.0,0,0,1,Feminino,0,0,1,7,7,7,14.757142857142801,0,1,8,9,8,14.077777777777698,0,16.2,0.3,-0.92,Graduado,Graduado,0,0
Solteiro,Enfermagem,Ensino Secundário,136.0,Português,128.5,0,0,1,Feminino,0,0,0,7,7,6,12.766666666666602,0,0,7,7,6,12.766666666666602,0,7.6,2.6,0.32,Graduado,Graduado,0,0
Solteiro,Turismo,Ensino Secundário,122.0,Português,126.6,0,0,0,Feminino,0,0,0,5,5,5,10.4,0,0,6,13,0,0.0,0,10.8,1.4,1.74,Desistente,Desistente,1,1
Solteiro,Higiene Oral,Ensino Secundário,140.0,Português,131.6,0,0,1,Masculino,0,0,0,7,0,0,0.0,0,0,7,0,0,0.0,0,11.1,0.6,2.02,Desistente,Desistente,1,1
União de Fato,Gestão (presencial noturno),Ensino Secundário,110.0,Português,119.0,0,0,1,Masculino,1,0,0,5,10,4,10.5,0,0,5,6,5,12.6,0,8.9,1.4,3.51,Graduado,Graduado,0,0
Solteiro,Enfermagem Veterinária,Ensino Secundário,130.0,Português,127.6,0,0,1,Masculino,0,0,0,5,6,4,14.25,0,0,5,6,5,13.4,0,7.6,2.6,0.32,Graduado,Graduado,0,0
Solteiro,Enfermagem,Ensino Secundário,133.1,Português,100.0,0,0,1,Masculino,0,0,0,7,11,3,11.916666666666602,1,0,7,17,0,0.0,0,16.2,0.3,-0.92,Desistente,Desistente,1,1
Solteiro,Engenharia Informática,Ensino Secundário,128.0,Português,124.5,0,0,1,Masculino,0,0,0,5,10,3,10.666666666666602,0,0,5,9,2,14.0,2,7.6,2.6,0.32,Matriculado,Matriculado,0,
Solteiro,Jornalismo e Comunicação,Ensino Secundário,117.0,Português,109.3,0,0,1,Masculino,0,0,0,6,11,4,12.25,0,0,6,10,3,12.666666666666602,0,7.6,2.6,0.32,Matriculado,Matriculado,0,
Solteiro,Gestão de Publicidade e Marketing,Ensino Secundário,124.0,Português,117.7,0,1,1,Masculino,0,0,0,5,5,4,12.0,0,0,5,6,5,11.6,0,9.4,-0.8,-3.12,Desistente,Desistente,1,1
Solteiro,Gestão de Publicidade e Marketing,Ensino Secundário,124.0,Português,124.7,0,0,1,Masculino,0,0,0,5,7,3,11.0,0,0,5,5,4,12.75,0,7.6,2.6,0.32,Desistente,Desistente,1,1
Solteiro,Design de Comunicação,Ensino Secundário,128.0,Português,124.5,0,0,1,Masculino,0,0,0,6,6,6,14.1666666666666,0,0,6,8,5,13.0,0,10.8,1.4,1.74,Graduado,Graduado,0,0
Solteiro,Design de Comunicação,Ensino Secundário,125.0,Português,140.8,0,0,1,Masculino,0,0,0,6,6,6,14.6666666666666,0,0,6,6,6,15.0,0,9.4,-0.8,-3.12,Graduado,Graduado,0,0
Solteiro,Enfermagem Veterinária,Ensino Secundário,121.0,Português,111.9,0,0,1,Masculino,0,0,0,5,11,0,0.0,0,0,5,10,5,12.285714285714198,1,10.8,1.4,1.74,Graduado,Graduado,0,0
Solteiro,Higiene Oral,Ensino Superior - Licenciatura,140.0,Português,140.0,0,1,0,Masculino,0,0,0,7,8,3,12.666666666666602,0,0,5,5,0,0.0,0,13.9,-0.3,0.79,Desistente,Desistente,1,1
Solteiro,Design de Animação e Multimédia,Ensino Secundário,124.0,Português,121.2,0,0,1,Masculino,0,0,0,0,0,0,0.0,0,0,0,0,0,0.0,0,10.8,1.4,1.74,Matriculado,Matriculado,0,
Solteiro,Design de Animação e Multimédia,Ensino Secundário,136.0,Português,123.8,0,0,1,Masculino,0,0,0,0,0,0,0.0,0,0,0,0,0,0.0,0,7.6,2.6,0.32,Desistente,Desistente,1,1
Solteiro,Engenharia Informática,Ensino Secundário,140.8,Português,134.0,0,0,1,Masculino,0,0,0,5,0,0,0.0,0,0,5,0,0,0.0,0,7.6,2.6,0.32,Desistente,Desistente,1,1
Solteiro,Design de Comunicação,Ensino Secundário,142.0,Português,130.8,0,0,0,Masculino,0,0,0,6,0,0,0.0,0,0,6,0,0,0.0,0,12.7,3.7,-1.7,Desistente,Desistente,1,1
Solteiro,Enfermagem,Ensino Secundário,133.0,Português,130.2,0,0,1,Masculino,1,0,0,7,7,7,13.7,0,0,8,9,8,14.0222222222222,0,16.2,0.3,-0.92,Graduado,Graduado,0,0
Solteiro,Gestão,Ensino Secundário,131.0,Português,123.3,0,0,1,Masculino,0,0,0,5,7,5,11.8,0,0,5,8,4,12.4,2,16.2,0.3,-0.92,Matriculado,Matriculado,0,
Solteiro,Engenharia Informática,Ensino Superior - Licenciatura,130.0,Português,147.6,0,0,1,Masculino,0,0,0,5,0,0,0.0,0,0,5,0,0,0.0,0,10.8,1.4,1.74,Desistente,Desistente,1,1
Solteiro,Gestão de Publicidade e Marketing,Ensino Secundário,120.0,Português,113.4,0,0,1,Masculino,1,0,0,6,6,6,13.333333333333304,0,0,6,7,6,13.285714285714198,0,8.9,1.4,3.51,Graduado,Graduado,0,0
Solteiro,Design de Comunicação,Ensino Secundário,141.0,Português,133.7,0,0,1,Masculino,0,0,0,6,7,5,11.4,0,0,6,6,6,12.166666666666602,0,7.6,2.6,0.32,Graduado,Graduado,0,0
Solteiro,Enfermagem Veterinária,Ensino Secundário,130.0,Português,128.2,0,0,1,Masculino,0,0,0,5,5,0,0.0,0,0,5,5,0,0.0,0,7.6,2.6,0.32,Desistente,Desistente,1,1
Solteiro,Enfermagem,Ensino Secundário,168.0,Português,161.0,0,0,1,Masculino,0,0,0,7,7,7,16.142857142857096,0,0,8,9,0,0.0,0,16.2,0.3,-0.92,Desistente,Desistente,1,1
Solteiro,Enfermagem,Ensino Superior - Licenciatura,130.0,Português,130.0,0,0,1,Masculino,0,0,0,8,8,0,0.0,8,0,8,8,0,0.0,8,9.4,-0.8,-3.12,Desistente,Desistente,1,1
Solteiro,Enfermagem,Ensino Secundário,156.0,Português,156.3,0,0,1,Masculino,1,0,0,8,8,8,15.633750000000001,0,0,8,8,8,15.633750000000001,0,9.4,-0.8,-3.12,Graduado,Graduado,0,0
Solteiro,Jornalismo e Comunicação,Ensino Secundário,137.0,Português,129.3,0,0,1,Masculino,0,0,0,6,6,6,13.6666666666666,0,0,6,6,6,14.5,0,12.7,3.7,-1.7,Graduado,Graduado,0,0
Solteiro,Jornalismo e Comunicação,Ensino Secundário,131.0,Português,129.3,0,0,1,Masculino,0,0,0,6,0,0,0.0,0,0,6,0,0,0.0,0,7.6,2.6,0.32,Desistente,Desistente,1,1
Solteiro,Serviço Social,Ensino Secundário,130.0,Português,136.3,0,0,1,Masculino,0,0,0,6,8,6,12.5,0,0,6,7,6,11.5,0,10.8,1.4,1.74,Graduado,Graduado,0,0
Solteiro,Gestão de Publicidade e Marketing,Ensino Secundário,133.1,Português,140.0,0,0,1,Masculino,1,0,0,6,8,6,12.285714285714198,0,0,6,6,6,13.0,0,15.5,2.8,-4.06,Graduado,Graduado,0,0
Solteiro,Engenharia Informática,Ensino Secundário,131.0,Português,135.9,0,0,1,Masculino,0,0,0,5,10,2,14.0,0,0,5,7,3,11.0,1,7.6,2.6,0.32,Matriculado,Matriculado,0,
Solteiro,Design de Animação e Multimédia,Ensino Secundário,160.0,Português,139.7,0,0,1,Masculino,0,0,0,0,0,0,0.0,0,0,0,0,0,0.0,0,12.7,3.7,-1.7,Desistente,Desistente,1,1
Solteiro,Gestão,Ensino Secundário,117.0,Português,117.0,0,0,1,Masculino,0,0,0,5,5,4,10.75,0,0,5,6,4,12.25,0,12.4,0.5,1.79,Matriculado,Matriculado,0,
Solteiro,Higiene Oral,Ensino Básico (3º Ciclo),133.1,Português,105.0,0,0,1,Masculino,0,0,0,7,14,4,12.95,1,0,7,11,4,13.125,1,15.5,2.8,-4.06,Desistente,Desistente,1,1
Solteiro,Enfermagem,Ensino Secundário,130.0,Português,130.5,0,0,1,Feminino,0,0,0,7,7,6,12.45,0,0,7,7,6,12.45,0,7.6,2.6,0.32,Graduado,Graduado,0,0
Solteiro,Gestão (presencial noturno),Curso de Especialização Tecnológica,130.0,Português,130.0,0,0,1,Feminino,0,0,2,6,12,4,12.25,0,3,7,9,7,12.0,0,9.4,-0.8,-3.12,Matriculado,Matriculado,0,
Solteiro,Enfermagem,Ensino Secundário,137.0,Português,131.5,0,0,1,Feminino,1,0,0,8,8,8,13.38125,0,0,8,8,8,13.38125,0,9.4,-0.8,-3.12,Graduado,Graduado,0,0
Solteiro,Enfermagem,Ensino Secundário,133.1,Brasileiro,100.0,0,0,0,Feminino,0,1,1,7,10,5,12.16,0,0,6,7,5,11.34,0,12.4,0.5,1.79,Desistente,Desistente,1,1
Solteiro,Enfermagem Veterinária,Curso de Especialização Tecnológica,140.0,Português,140.0,0,1,0,Feminino,0,0,2,6,11,4,12.5,0,1,6,18,2,11.5,0,12.4,0.5,1.79,Matriculado,Matriculado,0,
Solteiro,Serviço Social,Ensino Secundário,140.0,Português,130.2,0,0,1,Feminino,1,0,0,6,8,6,12.75,0,0,6,10,6,12.166666666666602,0,12.7,3.7,-1.7,Graduado,Graduado,0,0
Solteiro,Enfermagem,Ensino Secundário,135.0,Português,133.5,0,0,1,Feminino,0,0,0,8,8,8,13.342500000000001,0,0,8,8,8,13.342500000000001,0,9.4,-0.8,-3.12,Graduado,Graduado,0,0
Solteiro,Enfermagem,Ensino Secundário,140.0,Português,133.2,0,0,1,Feminino,1,0,0,7,10,7,14.175,0,0,8,14,6,13.03125,0,15.5,2.8,-4.06,Graduado,Graduado,0,0
Casado,Enfermagem,Ensino Secundário,100.0,Português,130.0,0,0,1,Masculino,1,0,0,8,16,1,10.0,1,0,8,16,1,10.0,1,12.7,3.7,-1.7,Matriculado,Matriculado,0,
Solteiro,Engenharia Informática,Ensino Secundário,160.0,Português,129.0,0,0,1,Masculino,0,0,0,5,9,0,0.0,0,0,5,8,2,14.5,2,7.6,2.6,0.32,Desistente,Desistente,1,1
Solteiro,Gestão (presencial noturno),Ensino Básico (3º Ciclo),133.1,Português,100.0,0,0,1,Masculino,0,0,0,5,7,0,0.0,0,0,5,7,0,0.0,0,16.2,0.3,-0.92,Desistente,Desistente,1,1
Solteiro,Enfermagem Veterinária,Ensino Secundário,128.0,Português,116.5,0,0,1,Masculino,0,0,0,5,6,5,12.0,0,0,5,8,5,12.142857142857096,0,10.8,1.4,1.74,Graduado,Graduado,0,0
Solteiro,Turismo,Ensino Secundário,121.0,Português,124.2,0,0,1,Feminino,1,0,0,6,8,6,10.571428571428502,0,0,6,9,5,11.4,0,16.2,0.3,-0.92,Graduado,Graduado,0,0
Solteiro,Enfermagem Veterinária,Ensino Secundário,127.0,Português,138.8,0,0,1,Feminino,0,0,4,12,19,11,14.153846153846098,0,5,12,20,12,15.428571428571399,0,8.9,1.4,3.51,Graduado,Graduado,0,0
Solteiro,Jornalismo e Comunicação,Ensino Secundário,132.0,Português,126.4,1,0,1,Feminino,1,0,0,6,9,6,11.166666666666602,0,0,6,11,5,12.4,0,10.8,1.4,1.74,Graduado,Graduado,0,0
Solteiro,Design de Animação e Multimédia,Ensino Secundário,147.0,Português,151.9,0,0,1,Feminino,0,0,13,17,20,17,12.0,0,14,17,18,17,12.666666666666602,0,11.1,0.6,2.02,Graduado,Graduado,0,0
Casado,Gestão (presencial noturno),Ensino Secundário,110.0,Português,120.0,0,0,1,Feminino,0,0,0,5,11,3,11.333333333333304,0,0,5,9,4,12.0,0,9.4,-0.8,-3.12,Desistente,Desistente,1,1
Solteiro,Serviço Social,Ensino Secundário,142.0,Português,131.9,0,0,1,Feminino,1,0,9,16,17,16,12.588235294117597,0,10,13,14,13,13.357142857142804,0,9.4,-0.8,-3.12,Graduado,Graduado,0,0
Solteiro,Equincultura,Curso de Especialização Tecnológica,130.0,Português,130.0,0,0,1,Feminino,1,0,0,6,11,4,12.0,0,0,6,9,4,10.75,0,16.2,0.3,-0.92,Matriculado,Matriculado,0,
Solteiro,Turismo,Ensino Secundário,131.0,Português,131.7,0,0,0,Feminino,0,0,0,6,0,0,0.0,0,0,6,0,0,0.0,0,12.7,3.7,-1.7,Desistente,Desistente,1,1
Casado,Gestão (presencial noturno),Ensino Secundário,110.0,Português,132.5,0,0,1,Masculino,0,0,7,12,13,12,12.25,0,8,13,13,13,12.846153846153797,0,9.4,-0.8,-3.12,Graduado,Graduado,0,0
Solteiro,Gestão,Ensino Secundário,128.0,Português,116.5,0,0,1,Masculino,0,0,0,5,7,5,11.6,0,0,5,5,5,12.8,0,12.4,0.5,1.79,Graduado,Graduado,0,0
Solteiro,Equincultura,Ensino Secundário,136.0,Português,133.9,0,0,0,Masculino,0,0,0,5,7,4,13.0,0,0,5,11,3,12.0,2,10.8,1.4,1.74,Desistente,Desistente,1,1
Casado,Engenharia Informática,Ensino Secundário,120.0,Português,145.4,0,1,1,Masculino,0,0,0,5,11,3,10.666666666666602,0,0,5,5,2,12.5,0,16.2,0.3,-0.92,Desistente,Desistente,1,1
Casado,Serviço Social (prestação nocturna),Ensino Secundário,140.0,Português,172.0,0,0,1,Masculino,0,0,5,11,21,9,12.333333333333304,0,8,11,16,9,11.0,0,12.4,0.5,1.79,Matriculado,Matriculado,0,
Solteiro,Gestão,Ensino Secundário,118.0,Português,111.0,0,0,0,Masculino,0,0,0,5,7,2,11.0,0,0,5,9,3,11.428571428571399,0,10.8,1.4,1.74,Desistente,Desistente,1,1
Solteiro,Design de Comunicação,Curso de Especialização Tecnológica,120.0,Português,120.0,0,0,1,Masculino,0,0,2,7,10,6,13.428571428571399,0,5,9,9,8,13.125,0,16.2,0.3,-0.92,Graduado,Graduado,0,0
Solteiro,Enfermagem,Ensino Secundário,151.0,Português,129.8,0,0,1,Masculino,0,0,0,8,10,8,13.053749999999999,2,0,8,10,8,13.053749999999999,2,9.4,-0.8,-3.12,Graduado,Graduado,0,0
Solteiro,Enfermagem,Ensino Secundário,130.0,Português,118.1,0,0,1,Masculino,0,0,0,7,10,6,12.035714285714198,0,0,8,9,7,13.75,0,13.9,-0.3,0.79,Matriculado,Matriculado,0,
Solteiro,Agronomia,Ensino Secundário,140.0,Português,130.0,0,0,1,Masculino,0,0,0,6,6,6,14.1666666666666,0,0,6,7,6,13.833333333333304,0,11.1,0.6,2.02,Graduado,Graduado,0,0
Casado,Design de Comunicação,Ensino Básico (3º Ciclo),133.1,Português,126.3,0,0,0,Masculino,0,0,0,6,6,0,0.0,0,0,6,8,0,0.0,0,10.8,1.4,1.74,Desistente,Desistente,1,1
Solteiro,Equincultura,Ensino Secundário,146.0,Português,137.8,0,0,1,Masculino,0,0,0,6,11,5,13.6,0,0,6,13,3,12.666666666666602,0,13.9,-0.3,0.79,Desistente,Desistente,1,1
Solteiro,Turismo,Ensino Secundário,122.0,Português,116.1,0,0,1,Masculino,0,0,0,6,7,5,12.2,0,0,6,12,2,12.0,0,7.6,2.6,0.32,Matriculado,Matriculado,0,
Solteiro,Equincultura,Ensino Secundário,121.0,Português,115.4,0,0,1,Masculino,0,0,0,6,8,6,13.7142857142857,0,0,6,7,5,13.333333333333304,0,15.5,2.8,-4.06,Desistente,Desistente,1,1
Solteiro,Jornalismo e Comunicação,Ensino Secundário,127.0,Português,110.0,0,1,0,Masculino,0,0,0,6,10,3,11.666666666666602,0,0,6,11,2,10.0,0,16.2,0.3,-0.92,Desistente,Desistente,1,1
Solteiro,Gestão de Publicidade e Marketing,Ensino Secundário,133.1,Português,97.4,0,1,0,Masculino,0,0,0,6,9,1,14.0,0,0,6,6,0,0.0,0,12.7,3.7,-1.7,Desistente,Desistente,1,1
Solteiro,Enfermagem Veterinária,Curso de Especialização Tecnológica,130.0,Português,130.0,1,0,1,Masculino,0,0,2,6,20,4,12.5,0,1,6,16,3,10.0,0,15.5,2.8,-4.06,Desistente,Desistente,1,1
Solteiro,Equincultura,Ensino Secundário,156.0,Português,156.0,0,1,0,Masculino,0,0,0,6,11,5,11.833333333333304,0,0,6,11,4,11.5,0,15.5,2.8,-4.06,Desistente,Desistente,1,1
Solteiro,Agronomia,Ensino Secundário,130.0,Português,126.1,0,0,0,Masculino,0,0,0,6,6,0,0.0,0,0,6,8,0,0.0,0,15.5,2.8,-4.06,Desistente,Desistente,1,1
Solteiro,Agronomia,Ensino Secundário,110.0,Português,120.0,0,1,0,Masculino,0,0,0,6,0,0,0.0,0,0,6,0,0,0.0,0,13.9,-0.3,0.79,Desistente,Desistente,1,1
Solteiro,Design de Comunicação,Ensino Secundário,108.0,Português,105.2,0,0,1,Masculino,0,0,11,17,18,13,11.5384615384615,0,10,15,15,10,12.4,0,12.7,3.7,-1.7,Desistente,Desistente,1,1
Solteiro,Agronomia,Ensino Secundário,120.0,Português,120.0,0,0,1,Masculino,0,0,4,9,14,7,11.285714285714198,2,2,8,15,4,12.25,0,12.7,3.7,-1.7,Matriculado,Matriculado,0,
Solteiro,Design de Animação e Multimédia,Ensino Secundário,150.0,Português,137.8,0,0,1,Masculino,1,0,0,0,0,0,0.0,0,0,0,0,0,0.0,0,13.9,-0.3,0.79,Graduado,Graduado,0,0
Solteiro,Design de Comunicação,Ensino Secundário,152.0,Português,134.2,0,0,1,Masculino,0,0,0,6,7,5,11.8,0,0,6,9,4,12.0,0,15.5,2.8,-4.06,Matriculado,Matriculado,0,
Solteiro,Engenharia Informática,Curso de Especialização Tecnológica,150.0,Português,150.0,0,0,1,Masculino,0,0,0,5,16,0,0.0,0,0,5,12,2,10.5,0,12.7,3.7,-1.7,Matriculado,Matriculado,0,
Solteiro,Engenharia Informática,Ensino Secundário,123.0,Português,116.0,0,1,0,Masculino,0,0,0,5,5,0,0.0,0,0,5,5,0,0.0,0,8.9,1.4,3.51,Desistente,Desistente,1,1
Solteiro,Engenharia Informática,Ensino Secundário,150.0,Português,143.4,0,0,0,Masculino,1,0,0,5,5,5,14.2,0,0,5,5,5,14.2,0,8.9,1.4,3.51,Matriculado,Matriculado,0,
Solteiro,Design de Animação e Multimédia,Ensino Secundário,145.0,Português,143.6,0,1,1,Masculino,0,0,5,12,12,10,12.7,0,4,11,16,10,12.272727272727199,0,8.9,1.4,3.51,Matriculado,Matriculado,0,
Solteiro,Equincultura,Curso de Especialização Tecnológica,150.0,Português,150.0,0,0,0,Feminino,0,0,1,6,10,3,12.666666666666602,0,0,6,7,0,0.0,0,15.5,2.8,-4.06,Desistente,Desistente,1,1
Solteiro,Gestão de Publicidade e Marketing,Ensino Secundário,125.0,Português,118.0,0,0,1,Feminino,0,0,0,6,7,6,14.428571428571399,0,0,6,8,6,15.0,2,16.2,0.3,-0.92,Graduado,Graduado,0,0
Solteiro,Enfermagem,Ensino Secundário,117.0,Português,109.3,0,0,1,Feminino,1,0,0,7,7,7,13.117142857142804,0,0,8,9,7,12.6,0,11.1,0.6,2.02,Graduado,Graduado,0,0
Solteiro,Serviço Social,Ensino Secundário,121.0,Português,119.3,0,1,1,Feminino,0,0,0,6,7,6,12.666666666666602,0,0,6,7,6,11.833333333333304,0,8.9,1.4,3.51,Graduado,Graduado,0,0
Solteiro,Design de Animação e Multimédia,Ensino Secundário,140.0,Brasileiro,146.3,0,0,1,Feminino,1,1,0,0,0,0,0.0,0,0,0,0,0,0.0,0,12.7,3.7,-1.7,Desistente,Desistente,1,1
Solteiro,Jornalismo e Comunicação,Ensino Secundário,130.0,Português,161.5,0,0,1,Masculino,0,0,0,6,7,6,15.285714285714198,0,0,6,6,6,16.5,0,10.8,1.4,1.74,Graduado,Graduado,0,0
Solteiro,Gestão,Ensino Secundário,140.0,Santomense,140.0,0,1,1,Masculino,0,1,0,5,12,3,10.5,0,0,5,8,4,11.25,0,12.4,0.5,1.79,Graduado,Graduado,0,0
Solteiro,Gestão,Curso Técnico Superior Profissional,140.0,Português,142.2,0,0,1,Masculino,1,0,6,11,11,11,12.6363636363636,0,3,9,11,9,12.6,0,8.9,1.4,3.51,Graduado,Graduado,0,0
Solteiro,Gestão,Ensino Secundário,140.0,Português,129.2,0,0,1,Feminino,0,0,0,5,6,0,0.0,0,0,5,0,0,0.0,0,15.5,2.8,-4.06,Desistente,Desistente,1,1
Solteiro,Agronomia,Ensino Secundário,140.0,Brasileiro,100.0,0,1,0,Feminino,0,1,3,9,9,3,14.333333333333304,0,1,7,8,1,14.0,0,15.5,2.8,-4.06,Desistente,Desistente,1,1
Solteiro,Turismo,Curso de Especialização Tecnológica,170.0,Português,170.0,0,0,0,Masculino,0,0,2,8,14,8,15.125,0,1,6,12,6,13.6666666666666,0,11.1,0.6,2.02,Matriculado,Matriculado,0,
Solteiro,Enfermagem,Ensino Superior - Licenciatura,140.0,Português,140.0,0,0,1,Masculino,0,0,0,7,0,0,0.0,0,0,8,0,0,0.0,0,12.4,0.5,1.79,Desistente,Desistente,1,1
Solteiro,Gestão,Ensino Secundário,116.0,Português,115.2,0,1,1,Masculino,0,0,2,7,16,3,12.0,0,3,8,10,3,10.333333333333304,0,8.9,1.4,3.51,Matriculado,Matriculado,0,
Solteiro,Ensino Básico,Ensino Secundário,134.0,Português,121.4,0,0,1,Feminino,1,0,0,6,10,4,14.25,1,0,6,8,5,12.0,0,7.6,2.6,0.32,Matriculado,Matriculado,0,
Solteiro,Gestão,Ensino Secundário,133.1,Brasileiro,134.8,0,0,1,Feminino,0,1,0,5,12,2,10.5,0,0,5,9,4,10.0,2,16.2,0.3,-0.92,Matriculado,Matriculado,0,
Solteiro,Jornalismo e Comunicação,Ensino Secundário,140.0,Português,136.9,0,0,1,Feminino,1,0,0,6,7,6,13.5,0,0,6,7,6,14.428571428571399,0,16.2,0.3,-0.92,Graduado,Graduado,0,0
Solteiro,Agronomia,Ensino Secundário,140.0,Português,140.0,0,0,1,Masculino,0,0,0,6,14,5,11.666666666666602,0,0,6,11,4,12.0,0,15.5,2.8,-4.06,Matriculado,Matriculado,0,
Solteiro,Turismo,Ensino Secundário,108.0,Português,112.2,0,0,1,Masculino,0,0,0,6,13,5,10.8,0,0,6,12,3,10.0,0,9.4,-0.8,-3.12,Matriculado,Matriculado,0,
Solteiro,Jornalismo e Comunicação,Ensino Secundário,149.0,Português,148.7,0,0,0,Masculino,0,0,0,4,4,0,0.0,0,0,4,8,0,0.0,0,10.8,1.4,1.74,Desistente,Desistente,1,1
Casado,Turismo,Ensino Secundário,140.0,Português,133.0,0,0,1,Masculino,0,0,3,9,11,9,12.8,0,2,7,9,7,11.428571428571399,0,12.7,3.7,-1.7,Graduado,Graduado,0,0
Casado,Gestão (presencial noturno),Ensino Secundário,140.0,Português,150.0,0,1,1,Masculino,0,0,0,5,6,5,10.8,0,0,5,7,5,12.0,2,9.4,-0.8,-3.12,Desistente,Desistente,1,1
Solteiro,Gestão,Ensino Secundário,133.1,Português,98.0,0,0,1,Masculino,0,0,0,5,8,4,11.4,0,0,5,7,4,11.0,0,11.1,0.6,2.02,Graduado,Graduado,0,0
Solteiro,Enfermagem,Ensino Secundário,125.0,Português,122.4,0,0,1,Masculino,0,0,0,7,7,7,13.725714285714199,0,0,8,8,8,14.5,0,11.1,0.6,2.02,Graduado,Graduado,0,0
Solteiro,Gestão de Publicidade e Marketing,Ensino Secundário,133.1,Português,139.0,0,0,1,Masculino,0,0,0,6,6,5,12.8,0,0,6,9,5,12.25,0,10.8,1.4,1.74,Matriculado,Matriculado,0,
Solteiro,Design de Comunicação,Ensino Secundário,133.1,Português,112.0,0,0,1,Masculino,1,0,0,6,6,6,13.5,0,0,6,6,6,11.166666666666602,0,11.1,0.6,2.02,Graduado,Graduado,0,0
Solteiro,Enfermagem,Ensino Secundário,130.0,Português,143.8,0,0,1,Masculino,0,0,0,8,8,7,15.57,0,0,8,8,7,15.57,0,10.8,1.4,1.74,Desistente,Desistente,1,1
Solteiro,Gestão,Ensino Secundário,122.0,Português,116.1,0,1,1,Masculino,0,0,0,5,10,4,11.0,0,0,5,13,2,12.0,0,8.9,1.4,3.51,Matriculado,Matriculado,0,
Solteiro,Enfermagem,Ensino Superior - Licenciatura,140.0,Português,138.0,0,0,1,Masculino,0,0,0,7,7,7,14.114285714285703,0,0,8,9,8,15.9111111111111,0,16.2,0.3,-0.92,Desistente,Desistente,1,1
Solteiro,Gestão,Ensino Secundário,123.0,Português,110.0,0,0,1,Masculino,0,0,0,5,12,3,11.0,1,0,5,12,4,11.5,0,9.4,-0.8,-3.12,Matriculado,Matriculado,0,
Casado,Serviço Social,Ensino Básico (3º Ciclo),133.1,Português,103.5,0,0,1,Masculino,0,0,0,6,0,0,0.0,0,0,6,0,0,0.0,0,15.5,2.8,-4.06,Desistente,Desistente,1,1
Solteiro,Gestão (presencial noturno),Ensino Superior - Licenciatura,140.0,Português,140.0,0,0,1,Masculino,0,0,0,5,6,4,13.5,0,0,5,6,4,13.75,0,7.6,2.6,0.32,Graduado,Graduado,0,0
Solteiro,Design de Comunicação,Ensino Secundário,116.0,Português,108.7,0,0,1,Masculino,0,0,0,6,9,4,11.25,1,0,6,10,0,0.0,4,7.6,2.6,0.32,Desistente,Desistente,1,1
Solteiro,Turismo,Ensino Secundário,118.0,Português,115.9,0,0,1,Masculino,1,0,0,6,7,6,12.142857142857096,0,0,6,8,6,11.333333333333304,0,8.9,1.4,3.51,Graduado,Graduado,0,0
Casado,Enfermagem,Ensino Secundário,140.0,Português,127.3,0,0,1,Masculino,0,0,0,8,8,7,13.075714285714199,0,0,8,8,7,13.075714285714199,0,10.8,1.4,1.74,Graduado,Graduado,0,0
Solteiro,Gestão,Ensino Secundário,146.0,Português,138.7,0,0,1,Masculino,0,0,0,5,0,0,0.0,0,0,5,0,0,0.0,0,8.9,1.4,3.51,Desistente,Desistente,1,1
Solteiro,Gestão (presencial noturno),Ensino Secundário,150.0,Português,135.8,0,1,1,Masculino,0,0,1,5,9,3,11.0,0,0,5,11,2,13.5,0,12.7,3.7,-1.7,Desistente,Desistente,1,1
Solteiro,Enfermagem Veterinária,Ensino Secundário,137.0,Português,134.6,0,0,1,Masculino,0,0,0,6,16,0,0.0,0,0,6,7,0,0.0,0,16.2,0.3,-0.92,Desistente,Desistente,1,1
Solteiro,Enfermagem,Ensino Secundário,136.0,Português,118.4,0,0,1,Feminino,0,0,0,7,12,4,13.125,0,0,7,8,6,12.333333333333304,0,13.9,-0.3,0.79,Matriculado,Matriculado,0,
Solteiro,Enfermagem,Ensino Secundário,134.0,Português,132.8,0,0,1,Feminino,1,0,0,8,8,7,13.512857142857097,0,0,8,8,7,13.512857142857097,0,10.8,1.4,1.74,Graduado,Graduado,0,0
Solteiro,Serviço Social,Ensino Secundário,160.0,Português,155.5,0,0,1,Feminino,1,0,0,6,7,6,12.833333333333304,0,0,6,6,6,12.166666666666602,0,10.8,1.4,1.74,Graduado,Graduado,0,0
Solteiro,Enfermagem Veterinária,Ensino Secundário,126.0,Português,132.0,0,0,1,Feminino,1,0,0,5,8,3,15.0,2,0,5,9,3,11.666666666666602,0,9.4,-0.8,-3.12,Desistente,Desistente,1,1
Solteiro,Agronomia,Ensino Básico (3º Ciclo),133.1,Português,110.0,0,1,0,Feminino,0,0,0,6,12,5,12.8,0,0,6,16,3,13.333333333333304,0,11.1,0.6,2.02,Desistente,Desistente,1,1
Solteiro,Turismo,Ensino Secundário,114.0,Santomense,127.3,0,1,0,Feminino,0,1,0,6,14,3,12.333333333333304,0,0,6,16,0,0.0,0,10.8,1.4,1.74,Desistente,Desistente,1,1
Solteiro,Enfermagem,Ensino Secundário,139.0,Português,126.0,0,0,1,Masculino,0,0,0,8,15,5,12.288,1,0,8,15,5,12.288,1,10.8,1.4,1.74,Desistente,Desistente,1,1
Solteiro,Serviço Social (prestação nocturna),Ensino Superior - Licenciatura,130.0,Português,130.0,0,0,1,Masculino,0,0,8,12,21,12,12.333333333333304,0,6,10,13,7,13.285714285714198,2,7.6,2.6,0.32,Graduado,Graduado,0,0
Solteiro,Gestão,Ensino Secundário,131.0,Português,118.8,0,0,1,Masculino,1,0,0,5,9,4,11.5,0,0,5,5,5,12.8,0,12.4,0.5,1.79,Graduado,Graduado,0,0
Solteiro,Gestão de Publicidade e Marketing,Ensino Secundário,130.0,Português,127.6,0,0,1,Masculino,0,0,4,6,6,6,11.833333333333304,0,0,6,11,4,11.142857142857096,0,10.8,1.4,1.74,Desistente,Desistente,1,1
Solteiro,Gestão,Ensino Básico (3º Ciclo),133.1,Português,112.1,0,1,0,Masculino,0,0,0,5,5,0,0.0,0,0,5,5,0,0.0,0,8.9,1.4,3.51,Desistente,Desistente,1,1
Solteiro,Gestão (presencial noturno),Ensino Superior - Licenciatura,130.0,Português,130.0,0,0,1,Masculino,0,0,0,5,5,0,0.0,0,0,5,5,0,0.0,0,12.7,3.7,-1.7,Desistente,Desistente,1,1
Solteiro,Engenharia Informática,Ensino Secundário,117.0,Português,111.1,0,0,1,Masculino,1,0,0,5,10,5,11.8,0,0,5,12,3,11.5,0,11.1,0.6,2.02,Matriculado,Matriculado,0,
Solteiro,Gestão de Publicidade e Marketing,Ensino Secundário,127.0,Português,121.4,0,0,1,Masculino,0,0,0,6,0,0,0.0,0,0,6,0,0,0.0,0,15.5,2.8,-4.06,Desistente,Desistente,1,1
Solteiro,Engenharia Informática,Ensino Secundário,131.0,Português,126.8,0,0,0,Masculino,1,0,0,5,6,5,12.2,0,0,5,8,4,12.0,0,8.9,1.4,3.51,Matriculado,Matriculado,0,
Solteiro,Gestão (presencial noturno),Ensino Secundário,134.0,Português,120.6,0,0,1,Masculino,0,0,2,6,6,6,12.333333333333304,0,0,5,5,5,13.0,0,11.1,0.6,2.02,Graduado,Graduado,0,0
Solteiro,Turismo,Ensino Secundário,130.0,Português,126.5,0,0,1,Masculino,0,0,0,6,7,6,12.428571428571399,0,0,6,6,6,12.833333333333304,0,7.6,2.6,0.32,Graduado,Graduado,0,0
Solteiro,Enfermagem,Ensino Secundário,127.0,Português,120.2,0,0,1,Feminino,1,0,0,7,7,7,12.765714285714198,0,0,8,9,8,13.544444444444398,0,12.4,0.5,1.79,Graduado,Graduado,0,0
Casado,Enfermagem,Ensino Secundário,130.0,Português,120.0,0,0,1,Masculino,0,0,0,7,11,5,12.1,0,0,7,10,5,12.6,0,11.1,0.6,2.02,Desistente,Desistente,1,1
Solteiro,Gestão,Ensino Secundário,142.0,Português,137.5,0,0,1,Masculino,0,0,0,5,10,5,12.0,0,0,5,9,5,11.5,0,13.9,-0.3,0.79,Graduado,Graduado,0,0
Solteiro,Design de Comunicação,Ensino Secundário,117.0,Português,127.9,0,0,1,Masculino,0,0,0,6,6,0,0.0,0,0,6,6,0,0.0,0,9.4,-0.8,-3.12,Desistente,Desistente,1,1
Solteiro,Agronomia,Ensino Básico (3º Ciclo),133.1,Português,140.0,0,1,1,Masculino,0,0,0,6,10,6,14.8888888888888,0,0,6,11,6,13.7272727272727,0,16.2,0.3,-0.92,Matriculado,Matriculado,0,
Divorciado,Gestão (presencial noturno),Ensino Secundário,164.0,Português,131.8,0,0,1,Feminino,0,0,7,14,19,13,11.357142857142803,0,9,14,14,13,12.0,1,9.4,-0.8,-3.12,Graduado,Graduado,0,0
Solteiro,Design de Comunicação,Ensino Secundário,130.0,Português,129.0,0,0,1,Feminino,0,0,0,6,6,6,13.5,0,0,6,6,6,12.5,0,9.4,-0.8,-3.12,Graduado,Graduado,0,0
Solteiro,Jornalismo e Comunicação,Ensino Secundário,127.0,Português,115.8,0,1,0,Feminino,0,0,0,6,6,0,0.0,0,0,6,0,0,0.0,0,8.9,1.4,3.51,Desistente,Desistente,1,1
Solteiro,Enfermagem,Ensino Secundário,140.0,Português,126.4,0,0,1,Feminino,0,0,0,7,7,7,13.884285714285701,0,0,8,9,8,14.75,0,11.1,0.6,2.02,Desistente,Desistente,1,1
Solteiro,Enfermagem Veterinária,Ensino Secundário,130.0,Português,130.0,0,0,0,Feminino,0,0,0,6,12,5,13.0,0,0,6,12,3,11.666666666666602,0,13.9,-0.3,0.79,Matriculado,Matriculado,0,
Solteiro,Enfermagem,Ensino Secundário,122.0,Português,114.8,0,0,1,Feminino,1,0,0,7,11,4,12.65,0,0,7,9,5,11.1,0,12.4,0.5,1.79,Matriculado,Matriculado,0,
Solteiro,Gestão,Ensino Secundário,162.0,Português,138.6,0,0,1,Feminino,0,0,0,5,10,1,11.0,0,0,5,13,0,0.0,0,12.7,3.7,-1.7,Matriculado,Matriculado,0,
Solteiro,Gestão de Publicidade e Marketing,Ensino Secundário,133.1,Português,112.9,0,0,1,Feminino,0,0,0,6,12,2,11.666666666666602,0,0,6,20,2,10.5,6,16.2,0.3,-0.92,Desistente,Desistente,1,1
Solteiro,Serviço Social,Ensino Secundário,120.0,Português,111.6,0,0,1,Feminino,0,0,0,6,6,6,14.5,0,0,6,6,6,12.666666666666602,0,12.4,0.5,1.79,Graduado,Graduado,0,0
Solteiro,Turismo,Ensino Secundário,160.0,Português,152.0,0,0,1,Feminino,0,0,0,6,7,6,14.714285714285703,0,0,6,7,6,14.1666666666666,0,12.7,3.7,-1.7,Graduado,Graduado,0,0
Solteiro,Serviço Social,Ensino Secundário,141.0,Português,132.6,0,0,1,Feminino,1,0,0,6,7,6,13.285714285714198,0,0,6,6,6,14.333333333333304,0,12.4,0.5,1.79,Graduado,Graduado,0,0
Solteiro,Enfermagem Veterinária,Ensino Secundário,125.0,Português,118.4,0,0,1,Feminino,0,0,0,5,13,3,11.333333333333304,2,0,5,12,2,10.5,1,9.4,-0.8,-3.12,Matriculado,Matriculado,0,
Solteiro,Enfermagem,Ensino Superior - Licenciatura,120.0,Português,120.0,0,1,0,Feminino,0,0,0,7,7,0,0.0,7,0,7,7,0,0.0,7,13.9,-0.3,0.79,Desistente,Desistente,1,1
Solteiro,Gestão,Ensino Secundário,128.0,Português,122.1,0,0,1,Feminino,1,0,0,5,11,4,11.571428571428502,0,0,5,9,5,12.0,0,13.9,-0.3,0.79,Matriculado,Matriculado,0,
Solteiro,Ensino Básico,Ensino Secundário,162.0,Português,142.8,0,1,1,Feminino,0,0,0,6,10,5,13.0,0,0,6,10,4,11.5,0,12.7,3.7,-1.7,Desistente,Desistente,1,1
Solteiro,Serviço Social,Ensino Secundário,130.0,Português,124.8,0,0,1,Feminino,1,0,0,6,9,6,11.5,0,0,6,11,5,14.0,0,11.1,0.6,2.02,Graduado,Graduado,0,0
Solteiro,Gestão,Ensino Secundário,134.0,Português,126.3,0,0,1,Feminino,1,0,0,5,8,5,11.8,0,0,5,10,5,11.6,3,16.2,0.3,-0.92,Graduado,Graduado,0,0
Solteiro,Gestão,Ensino Secundário,133.1,Português,119.0,0,0,0,Feminino,1,0,0,5,7,3,10.666666666666602,0,0,5,10,3,12.285714285714198,0,10.8,1.4,1.74,Desistente,Desistente,1,1
Solteiro,Enfermagem,Ensino Secundário,137.0,Português,124.9,0,0,1,Feminino,1,0,0,7,11,6,13.8875,0,0,8,9,8,14.864444444444398,0,15.5,2.8,-4.06,Graduado,Graduado,0,0
Solteiro,Serviço Social,Ensino Secundário,133.1,Português,118.0,0,1,1,Feminino,1,0,0,6,7,5,11.4,0,0,6,9,6,11.5,0,8.9,1.4,3.51,Graduado,Graduado,0,0
Casado,Serviço Social (prestação nocturna),Ensino Secundário,110.0,Português,100.0,0,0,1,Feminino,0,0,9,11,17,9,12.333333333333304,0,3,7,12,7,12.142857142857096,0,9.4,-0.8,-3.12,Graduado,Graduado,0,0
Casado,Enfermagem,Ensino Secundário,133.1,Português,109.0,0,0,1,Feminino,0,0,0,7,8,5,12.16,0,0,7,8,5,12.16,0,7.6,2.6,0.32,Matriculado,Matriculado,0,
Solteiro,Enfermagem,Ensino Secundário,133.0,Português,130.8,0,0,1,Feminino,0,0,0,8,8,8,13.4274999999999,0,0,8,8,8,13.4274999999999,0,9.4,-0.8,-3.12,Graduado,Graduado,0,0
Solteiro,Design de Comunicação,Ensino Secundário,130.0,Português,110.0,0,0,1,Feminino,0,0,0,6,6,6,15.1666666666666,0,0,6,6,2,15.5,0,15.5,2.8,-4.06,Graduado,Graduado,0,0
Solteiro,Jornalismo e Comunicação,Ensino Secundário,151.0,Cabo-verdiano,151.0,0,0,1,Feminino,0,1,0,6,12,0,0.0,1,0,6,0,0,0.0,0,9.4,-0.8,-3.12,Desistente,Desistente,1,1
Solteiro,Equincultura,Ensino Secundário,125.0,Português,131.0,0,0,1,Masculino,0,0,0,5,11,2,10.5,2,0,5,9,0,0.0,3,10.8,1.4,1.74,Desistente,Desistente,1,1
Solteiro,Gestão,Ensino Secundário,158.0,Português,155.2,0,0,1,Masculino,1,0,0,5,5,5,11.8,0,0,5,8,3,11.0,0,9.4,-0.8,-3.12,Graduado,Graduado,0,0
Solteiro,Gestão,Ensino Secundário,128.0,Português,121.0,1,1,1,Masculino,0,0,0,5,6,5,13.2,0,0,5,10,5,11.4,3,16.2,0.3,-0.92,Matriculado,Matriculado,0,
Solteiro,Enfermagem,Ensino Secundário,133.0,Português,119.7,1,1,1,Masculino,0,0,2,7,8,7,13.075,0,1,8,11,8,12.3611111111111,0,12.4,0.5,1.79,Graduado,Graduado,0,0
Solteiro,Equincultura,Ensino Secundário,138.0,Português,131.0,0,0,1,Masculino,0,0,0,6,8,4,11.6,0,0,6,14,2,13.0,0,11.1,0.6,2.02,Desistente,Desistente,1,1
Solteiro,Agronomia,Ensino Secundário,126.0,Português,116.9,0,0,1,Masculino,0,0,0,6,10,6,13.6666666666666,0,0,6,10,4,12.25,0,13.9,-0.3,0.79,Desistente,Desistente,1,1
Casado,Gestão (presencial noturno),Ensino Secundário,140.0,Português,130.0,0,0,1,Masculino,0,0,0,5,9,4,10.75,0,0,5,7,2,10.0,0,9.4,-0.8,-3.12,Desistente,Desistente,1,1
Solteiro,Enfermagem,Ensino Secundário,143.0,Português,137.8,0,0,1,Masculino,0,0,0,7,10,6,13.492857142857096,0,0,8,9,8,12.688888888888801,0,12.4,0.5,1.79,Graduado,Graduado,0,0
Solteiro,Turismo,Ensino Secundário,135.0,Português,122.1,0,0,1,Masculino,0,0,0,6,14,3,12.5,0,0,6,9,4,11.0,0,12.7,3.7,-1.7,Matriculado,Matriculado,0,
Solteiro,Enfermagem,Ensino Superior - Licenciatura,120.0,Português,120.0,0,0,0,Masculino,0,0,0,7,0,0,0.0,0,0,8,0,0,0.0,0,12.7,3.7,-1.7,Desistente,Desistente,1,1
Solteiro,Engenharia Informática,Ensino Secundário,148.0,Português,133.0,0,0,1,Masculino,0,0,0,5,12,5,13.285714285714198,0,0,5,16,5,14.8,0,12.4,0.5,1.79,Desistente,Desistente,1,1
Solteiro,Gestão,Ensino Secundário,126.0,Português,115.2,0,0,1,Masculino,0,0,0,5,6,5,12.6,0,0,5,13,5,11.8,5,16.2,0.3,-0.92,Graduado,Graduado,0,0
Solteiro,Agronomia,Curso de Especialização Tecnológica,160.0,Português,160.0,0,0,1,Masculino,0,0,0,6,7,6,14.0,0,0,6,7,6,14.6666666666666,0,12.4,0.5,1.79,Graduado,Graduado,0,0
Solteiro,Enfermagem Veterinária,Ensino Secundário,140.0,Português,106.3,0,1,0,Masculino,0,0,0,5,7,2,11.5,0,0,5,8,2,10.5,0,7.6,2.6,0.32,Desistente,Desistente,1,1
Divorciado,Gestão de Publicidade e Marketing,Ensino Básico (3º Ciclo),133.1,Português,103.0,0,0,0,Masculino,0,0,0,6,6,0,0.0,0,0,6,9,0,0.0,0,10.8,1.4,1.74,Desistente,Desistente,1,1
Solteiro,Design de Comunicação,Ensino Secundário,136.0,Português,136.0,0,1,0,Feminino,1,0,0,6,6,6,11.833333333333304,0,0,6,8,6,12.875,0,10.8,1.4,1.74,Graduado,Graduado,0,0
Solteiro,Serviço Social,Ensino Secundário,150.0,Santomense,146.5,0,1,0,Masculino,0,1,0,6,10,5,11.5,0,0,6,8,5,12.4,0,13.9,-0.3,0.79,Graduado,Graduado,0,0
Solteiro,Design de Comunicação,Ensino Secundário,130.0,Português,131.4,0,0,1,Masculino,0,0,0,6,6,6,14.1666666666666,0,0,6,8,6,12.333333333333304,0,11.1,0.6,2.02,Graduado,Graduado,0,0
Casado,Gestão (presencial noturno),Ensino Secundário,130.0,Português,130.0,0,0,1,Masculino,0,0,2,2,2,2,12.5,0,0,5,6,2,12.5,0,12.7,3.7,-1.7,Matriculado,Matriculado,0,
Casado,Engenharia Informática,Ensino Secundário,110.0,Português,137.0,0,1,1,Masculino,0,0,0,5,5,0,0.0,0,0,5,5,0,0.0,0,7.6,2.6,0.32,Desistente,Desistente,1,1
Solteiro,Engenharia Informática,Ensino Secundário,110.0,Português,125.9,0,0,1,Masculino,0,0,0,5,7,0,0.0,0,0,5,8,1,11.0,0,10.8,1.4,1.74,Matriculado,Matriculado,0,
Solteiro,Turismo,Ensino Secundário,121.0,Português,111.9,0,0,0,Masculino,0,0,0,6,14,2,10.5,0,0,6,16,0,0.0,0,10.8,1.4,1.74,Desistente,Desistente,1,1
Solteiro,Design de Comunicação,Ensino Secundário,127.0,Português,131.2,0,0,1,Masculino,0,0,0,6,6,6,11.833333333333304,0,0,6,6,6,13.1666666666666,0,7.6,2.6,0.32,Graduado,Graduado,0,0
Solteiro,Equincultura,Ensino Secundário,140.0,Português,131.2,0,0,1,Masculino,1,0,0,5,9,0,0.0,0,0,5,6,0,0.0,0,7.6,2.6,0.32,Desistente,Desistente,1,1
Solteiro,Gestão (presencial noturno),Ensino Secundário,130.0,Português,140.0,0,0,1,Masculino,0,0,0,5,5,5,12.4,0,0,5,5,5,12.4,0,15.5,2.8,-4.06,Graduado,Graduado,0,0
Solteiro,Gestão,Ensino Secundário,130.0,Português,121.5,0,0,0,Masculino,0,0,0,5,5,2,10.5,0,0,5,9,0,0.0,0,10.8,1.4,1.74,Desistente,Desistente,1,1
Solteiro,Gestão (presencial noturno),Ensino Secundário,100.0,Português,153.5,0,1,0,Masculino,0,0,0,5,9,0,0.0,0,0,5,6,0,0.0,0,12.4,0.5,1.79,Desistente,Desistente,1,1
Solteiro,Design de Animação e Multimédia,Ensino Secundário,139.0,Português,142.2,0,0,1,Masculino,1,0,6,12,12,12,14.583333333333304,0,4,11,14,11,14.333333333333304,0,8.9,1.4,3.51,Graduado,Graduado,0,0
Solteiro,Jornalismo e Comunicação,Ensino Secundário,150.0,Português,131.1,0,0,1,Masculino,0,0,0,6,6,6,11.666666666666602,0,0,6,10,3,12.666666666666602,0,7.6,2.6,0.32,Graduado,Graduado,0,0
Solteiro,Gestão de Publicidade e Marketing,Ensino Secundário,133.1,Português,130.6,0,1,0,Masculino,0,0,0,5,5,0,0.0,0,0,5,5,0,0.0,0,7.6,2.6,0.32,Desistente,Desistente,1,1
Solteiro,Enfermagem,Ensino Secundário,119.0,Português,115.0,0,0,1,Masculino,1,0,0,7,14,1,13.0,0,0,7,15,0,0.0,0,11.1,0.6,2.02,Desistente,Desistente,1,1
Solteiro,Enfermagem,Ensino Secundário,170.0,Português,125.0,0,0,1,Masculino,0,0,0,7,7,7,15.66,0,7,10,11,9,15.0111111111111,0,11.1,0.6,2.02,Graduado,Graduado,0,0
Solteiro,Serviço Social (prestação nocturna),Ensino Secundário,133.1,Português,97.5,0,0,1,Masculino,0,0,0,6,10,0,0.0,1,0,5,10,0,0.0,0,7.6,2.6,0.32,Desistente,Desistente,1,1
Solteiro,Jornalismo e Comunicação,Ensino Secundário,133.0,Português,134.4,0,0,1,Masculino,1,0,0,6,6,6,12.166666666666602,0,0,6,8,4,12.75,0,9.4,-0.8,-3.12,Graduado,Graduado,0,0
Solteiro,Enfermagem,Ensino Secundário,125.0,Português,118.8,0,0,1,Masculino,0,0,0,7,7,6,13.3,0,0,7,7,6,13.3,0,7.6,2.6,0.32,Graduado,Graduado,0,0
Solteiro,Higiene Oral,Ensino Básico (3º Ciclo),133.1,Português,110.5,0,0,1,Masculino,0,0,0,7,15,0,0.0,0,0,7,13,0,0.0,1,11.1,0.6,2.02,Desistente,Desistente,1,1
Solteiro,Enfermagem,Ensino Secundário,143.0,Português,123.3,0,0,1,Masculino,0,0,0,7,0,0,0.0,0,0,8,0,0,0.0,0,7.6,2.6,0.32,Desistente,Desistente,1,1
Solteiro,Design de Animação e Multimédia,Ensino Secundário,127.0,Português,139.6,0,1,0,Masculino,1,0,0,0,0,0,0.0,0,0,0,0,0,0.0,0,13.9,-0.3,0.79,Desistente,Desistente,1,1
Solteiro,Enfermagem,Ensino Secundário,157.0,Português,138.8,0,0,1,Masculino,0,0,0,8,8,7,13.557142857142802,0,0,8,8,7,13.557142857142802,0,12.7,3.7,-1.7,Graduado,Graduado,0,0
Casado,Engenharia Informática,Curso de Especialização Tecnológica,160.0,Português,160.0,0,1,1,Masculino,0,0,3,7,15,5,14.333333333333304,0,1,6,16,6,14.636363636363594,0,12.4,0.5,1.79,Matriculado,Matriculado,0,
Solteiro,Agronomia,Ensino Secundário,140.0,Português,140.0,0,0,1,Masculino,0,0,0,6,16,4,12.0,0,0,6,11,3,10.333333333333304,0,13.9,-0.3,0.79,Desistente,Desistente,1,1
Solteiro,Turismo,Ensino Secundário,128.0,Português,118.2,0,0,1,Feminino,0,0,0,5,5,0,0.0,0,0,6,0,0,0.0,0,8.9,1.4,3.51,Desistente,Desistente,1,1
Solteiro,Design de Animação e Multimédia,Ensino Secundário,145.0,Português,150.6,0,0,1,Masculino,0,0,0,0,0,0,0.0,0,0,0,0,0,0.0,0,10.8,1.4,1.74,Graduado,Graduado,0,0
Casado,Enfermagem,Ensino Secundário,133.1,Português,115.2,0,0,1,Feminino,0,0,0,7,11,4,11.75,0,0,7,14,3,11.725,0,11.1,0.6,2.02,Matriculado,Matriculado,0,
Solteiro,Enfermagem,Ensino Secundário,132.0,Português,126.0,0,0,1,Feminino,0,0,0,7,7,6,12.183333333333303,0,0,7,7,6,12.183333333333303,0,7.6,2.6,0.32,Graduado,Graduado,0,0
Solteiro,Agronomia,Curso de Especialização Tecnológica,160.0,Português,160.0,0,0,0,Masculino,0,0,4,9,18,6,11.833333333333304,0,1,8,21,4,11.0,0,15.5,2.8,-4.06,Desistente,Desistente,1,1
Casado,Jornalismo e Comunicação,Ensino Secundário,160.0,Português,160.0,0,1,0,Masculino,0,0,0,4,4,0,0.0,0,0,4,4,0,0.0,0,12.7,3.7,-1.7,Desistente,Desistente,1,1
Solteiro,Enfermagem Veterinária,Ensino Secundário,184.4,Cabo-verdiano,184.4,0,0,1,Feminino,0,1,0,6,8,6,15.0,0,0,6,10,5,14.333333333333304,0,11.1,0.6,2.02,Graduado,Graduado,0,0
Solteiro,Design de Animação e Multimédia,Ensino Secundário,149.0,Português,156.0,0,0,1,Feminino,0,0,0,0,0,0,0.0,0,0,0,0,0,0.0,0,10.8,1.4,1.74,Graduado,Graduado,0,0
Solteiro,Design de Animação e Multimédia,Ensino Secundário,146.0,Português,150.2,0,0,1,Feminino,0,0,0,0,0,0,0.0,0,0,0,0,0,0.0,0,11.1,0.6,2.02,Graduado,Graduado,0,0
Solteiro,Enfermagem,Ensino Secundário,139.0,Português,126.3,0,0,1,Feminino,1,0,0,8,8,8,13.434999999999999,0,0,8,8,8,13.434999999999999,0,9.4,-0.8,-3.12,Graduado,Graduado,0,0
Solteiro,Equincultura,Ensino Secundário,152.0,Português,146.1,0,0,1,Feminino,0,0,0,5,8,4,13.5,2,0,5,9,0,0.0,3,10.8,1.4,1.74,Desistente,Desistente,1,1
Solteiro,Design de Animação e Multimédia,Ensino Secundário,147.0,Português,145.3,0,0,1,Feminino,0,0,0,0,0,0,0.0,0,0,0,0,0,0.0,0,12.4,0.5,1.79,Matriculado,Matriculado,0,
Solteiro,Design de Animação e Multimédia,Ensino Secundário,121.0,Português,116.8,0,0,1,Feminino,0,0,15,17,18,17,11.5,0,16,17,17,17,12.176470588235201,0,12.4,0.5,1.79,Graduado,Graduado,0,0
Solteiro,Design de Comunicação,Ensino Secundário,124.0,Português,132.1,0,0,1,Feminino,0,0,0,6,10,2,10.5,0,0,6,6,3,11.0,0,7.6,2.6,0.32,Matriculado,Matriculado,0,
Solteiro,Enfermagem Veterinária,Ensino Secundário,105.0,Português,102.6,1,0,1,Feminino,0,0,0,6,13,4,12.0,0,0,6,17,2,11.5,0,11.1,0.6,2.02,Matriculado,Matriculado,0,
Solteiro,Jornalismo e Comunicação,Ensino Secundário,121.0,Português,112.3,0,1,0,Feminino,0,0,0,6,7,5,12.2,0,0,6,11,4,11.5,0,11.1,0.6,2.02,Desistente,Desistente,1,1
Solteiro,Design de Animação e Multimédia,Ensino Secundário,143.0,Português,155.3,1,0,1,Feminino,0,0,0,0,0,0,0.0,0,0,0,0,0,0.0,0,11.1,0.6,2.02,Graduado,Graduado,0,0
Solteiro,Enfermagem Veterinária,Curso Técnico Superior Profissional,150.0,Português,153.8,0,0,1,Feminino,0,0,7,11,15,10,14.5,0,4,9,15,8,14.0,0,8.9,1.4,3.51,Graduado,Graduado,0,0
Solteiro,Jornalismo e Comunicação,Ensino Secundário,126.0,Português,110.0,0,1,1,Feminino,0,0,0,6,7,6,13.333333333333304,0,0,6,8,6,12.666666666666602,0,12.4,0.5,1.79,Graduado,Graduado,0,0
Solteiro,Enfermagem Veterinária,Ensino Secundário,133.1,Português,128.2,0,0,1,Feminino,0,0,5,11,29,9,12.0,6,4,10,21,9,12.5555555555555,0,9.4,-0.8,-3.12,Graduado,Graduado,0,0
Solteiro,Equincultura,Ensino Secundário,127.0,Português,120.4,0,0,1,Feminino,0,0,0,6,9,6,15.125,0,0,6,9,6,14.0,0,13.9,-0.3,0.79,Graduado,Graduado,0,0
Solteiro,Enfermagem,Ensino Secundário,160.0,Português,153.0,0,0,1,Feminino,0,0,0,7,7,6,13.1166666666666,0,0,7,7,6,13.1166666666666,0,7.6,2.6,0.32,Graduado,Graduado,0,0
Solteiro,Jornalismo e Comunicação,Ensino Secundário,121.0,Português,117.9,0,0,1,Feminino,0,0,0,6,7,6,12.833333333333304,0,0,6,7,6,11.666666666666602,0,11.1,0.6,2.02,Graduado,Graduado,0,0
Solteiro,Serviço Social,Curso de Especialização Tecnológica,150.0,Português,145.6,0,0,1,Feminino,1,0,3,6,6,6,13.333333333333304,0,2,6,6,6,14.1666666666666,0,13.9,-0.3,0.79,Graduado,Graduado,0,0
Solteiro,Enfermagem,Ensino Secundário,117.0,Português,119.8,0,0,1,Feminino,0,0,0,7,7,7,13.8771428571428,0,0,8,8,8,15.6625,0,12.4,0.5,1.79,Graduado,Graduado,0,0
Solteiro,Enfermagem,Ensino Secundário,141.0,Português,126.8,0,0,1,Feminino,0,0,0,8,8,7,12.944285714285698,0,0,8,8,7,12.944285714285698,0,10.8,1.4,1.74,Graduado,Graduado,0,0
Solteiro,Ensino Básico,Ensino Secundário,112.0,Português,106.1,0,0,1,Feminino,0,0,0,6,8,5,12.333333333333304,0,0,6,8,5,11.0,0,15.5,2.8,-4.06,Matriculado,Matriculado,0,
Solteiro,Enfermagem,Ensino Secundário,148.0,Português,137.3,0,0,1,Feminino,0,0,0,7,7,6,14.2666666666666,0,0,7,7,6,14.2666666666666,0,7.6,2.6,0.32,Graduado,Graduado,0,0
Solteiro,Gestão de Publicidade e Marketing,Ensino Secundário,120.0,Português,115.5,0,0,1,Feminino,0,0,0,6,8,5,13.0,0,0,6,8,5,14.0,0,13.9,-0.3,0.79,Graduado,Graduado,0,0
Solteiro,Enfermagem,Ensino Secundário,132.0,Português,127.5,0,0,1,Feminino,0,0,0,8,8,8,12.48375,0,0,8,8,8,12.48375,0,9.4,-0.8,-3.12,Graduado,Graduado,0,0
Solteiro,Higiene Oral,Ensino Secundário,125.0,Português,116.3,0,0,1,Feminino,0,0,0,7,8,7,13.428571428571399,0,0,8,8,8,15.3125,0,16.2,0.3,-0.92,Graduado,Graduado,0,0
Casado,Serviço Social (prestação nocturna),Ensino Secundário,123.0,Português,113.2,0,1,0,Feminino,0,0,0,6,9,3,10.666666666666602,0,0,6,12,0,0.0,0,7.6,2.6,0.32,Desistente,Desistente,1,1
Solteiro,Ensino Básico,Ensino Secundário,142.0,Português,132.6,0,0,1,Feminino,0,0,0,6,8,5,15.4,0,0,6,7,5,12.2,0,7.6,2.6,0.32,Graduado,Graduado,0,0
Solteiro,Enfermagem,Ensino Secundário,148.0,Português,132.0,0,0,1,Feminino,0,0,0,7,7,6,13.45,0,0,7,7,6,13.45,0,7.6,2.6,0.32,Graduado,Graduado,0,0
Solteiro,Enfermagem,Ensino Secundário,136.0,Português,130.3,0,0,1,Feminino,1,0,0,7,7,6,12.6,0,0,7,7,6,12.6,0,7.6,2.6,0.32,Graduado,Graduado,0,0
Solteiro,Enfermagem,Ensino Secundário,123.0,Português,116.7,0,0,1,Feminino,0,0,0,7,7,7,12.485714285714199,0,0,8,12,8,12.9375,0,16.2,0.3,-0.92,Graduado,Graduado,0,0
Solteiro,Design de Comunicação,Ensino Secundário,135.0,Português,134.0,0,0,1,Feminino,1,0,0,6,10,5,10.8,0,0,6,7,5,12.8,0,12.7,3.7,-1.7,Graduado,Graduado,0,0
Solteiro,Gestão de Publicidade e Marketing,Ensino Secundário,151.0,Português,100.0,0,1,1,Feminino,0,0,0,6,12,5,12.2,0,0,6,8,5,14.6,0,13.9,-0.3,0.79,Matriculado,Matriculado,0,
Solteiro,Enfermagem Veterinária,Curso de Especialização Tecnológica,140.0,Português,140.0,0,0,1,Feminino,0,0,2,6,11,5,14.2,0,0,6,12,2,13.5,0,13.9,-0.3,0.79,Matriculado,Matriculado,0,
Solteiro,Serviço Social,Ensino Secundário,136.0,Português,139.2,0,0,1,Feminino,0,0,0,6,7,6,13.833333333333304,0,0,6,6,6,14.0,0,9.4,-0.8,-3.12,Graduado,Graduado,0,0
Solteiro,Ensino Básico,Ensino Secundário,142.0,Português,132.6,0,0,1,Feminino,0,0,0,6,8,5,12.8,0,0,6,14,3,10.0,0,9.4,-0.8,-3.12,Matriculado,Matriculado,0,
Solteiro,Gestão,Ensino Secundário,142.0,Português,129.4,0,0,1,Feminino,0,0,0,5,5,5,13.2,0,0,5,6,4,12.5,0,9.4,-0.8,-3.12,Graduado,Graduado,0,0
Solteiro,Gestão de Publicidade e Marketing,Ensino Secundário,127.0,Português,125.6,0,1,1,Feminino,1,0,0,6,7,1,14.0,0,0,6,6,0,0.0,0,15.5,2.8,-4.06,Desistente,Desistente,1,1
Solteiro,Serviço Social,Ensino Secundário,131.0,Português,129.3,0,0,1,Feminino,0,0,4,8,8,8,13.875,0,1,6,8,5,14.0,0,11.1,0.6,2.02,Graduado,Graduado,0,0
Solteiro,Enfermagem Veterinária,Ensino Secundário,134.0,Português,128.4,0,0,1,Feminino,1,0,0,5,7,5,12.5,0,0,5,8,5,12.714285714285698,0,10.8,1.4,1.74,Graduado,Graduado,0,0
Solteiro,Jornalismo e Comunicação,Ensino Secundário,142.0,Português,139.9,0,0,1,Feminino,1,0,0,6,7,6,13.428571428571399,0,0,6,6,6,12.5,0,13.9,-0.3,0.79,Graduado,Graduado,0,0
Solteiro,Design de Comunicação,Ensino Secundário,123.0,Português,124.8,0,0,0,Feminino,1,0,0,6,7,5,11.8,0,0,6,7,5,13.0,0,8.9,1.4,3.51,Matriculado,Matriculado,0,
Solteiro,Enfermagem,Ensino Secundário,133.0,Português,128.5,0,0,1,Feminino,1,0,0,7,7,7,14.8685714285714,0,0,8,9,8,15.1111111111111,0,11.1,0.6,2.02,Graduado,Graduado,0,0
Solteiro,Enfermagem,Ensino Secundário,125.0,Português,117.8,0,0,1,Feminino,0,0,0,7,10,7,13.03,0,0,8,8,8,13.21875,0,15.5,2.8,-4.06,Graduado,Graduado,0,0
Solteiro,Gestão de Publicidade e Marketing,Ensino Secundário,120.0,Português,115.1,0,0,1,Feminino,0,0,0,6,7,6,14.571428571428504,0,0,6,7,6,12.333333333333304,0,12.4,0.5,1.79,Graduado,Graduado,0,0
Solteiro,Serviço Social,Ensino Secundário,125.0,Português,118.0,0,0,1,Feminino,0,0,0,6,9,5,11.0,0,0,6,9,4,11.25,0,8.9,1.4,3.51,Graduado,Graduado,0,0
Solteiro,Enfermagem,Ensino Básico (3º Ciclo),133.1,Português,120.0,0,0,1,Feminino,1,0,0,8,8,8,13.367500000000001,0,0,8,8,8,13.367500000000001,0,9.4,-0.8,-3.12,Graduado,Graduado,0,0
Solteiro,Enfermagem,Ensino Secundário,133.1,Português,119.6,0,0,1,Feminino,1,0,0,7,7,6,12.808333333333303,0,0,8,11,7,12.825714285714199,0,12.4,0.5,1.79,Graduado,Graduado,0,0
Solteiro,Enfermagem,Ensino Secundário,143.0,Português,133.2,0,0,1,Feminino,0,0,0,7,7,7,13.9185714285714,0,0,8,9,8,13.8875,0,11.1,0.6,2.02,Graduado,Graduado,0,0
Solteiro,Equincultura,Ensino Secundário,147.0,Português,141.8,0,0,1,Feminino,0,0,0,6,8,6,13.0,0,0,6,9,4,12.8,0,13.9,-0.3,0.79,Graduado,Graduado,0,0
Casado,Enfermagem,Ensino Secundário,142.0,Português,130.3,0,0,1,Feminino,0,0,0,7,7,6,13.683333333333303,0,0,7,7,6,13.683333333333303,0,7.6,2.6,0.32,Graduado,Graduado,0,0
Solteiro,Enfermagem Veterinária,Ensino Secundário,150.0,Português,100.0,0,0,1,Feminino,0,0,1,6,11,5,13.0,0,1,6,12,1,12.0,0,13.9,-0.3,0.79,Desistente,Desistente,1,1
Solteiro,Jornalismo e Comunicação,Ensino Secundário,124.0,Português,114.6,0,0,1,Feminino,0,0,0,6,8,5,12.8,0,0,6,7,5,11.2,0,11.1,0.6,2.02,Graduado,Graduado,0,0
Solteiro,Turismo,Ensino Secundário,136.0,Português,123.4,0,0,1,Feminino,1,0,0,6,9,6,13.571428571428504,0,0,6,6,6,12.166666666666602,0,8.9,1.4,3.51,Graduado,Graduado,0,0
Solteiro,Serviço Social,Ensino Secundário,116.0,Português,116.4,0,0,1,Feminino,0,0,0,6,6,6,13.1666666666666,0,0,6,6,6,13.1666666666666,0,8.9,1.4,3.51,Graduado,Graduado,0,0
Casado,Design de Comunicação,Ensino Secundário,127.0,Português,123.2,0,0,1,Feminino,1,0,0,6,6,6,15.0,0,0,6,6,6,14.5,0,11.1,0.6,2.02,Graduado,Graduado,0,0
Solteiro,Design de Comunicação,Ensino Secundário,117.0,Português,123.7,0,0,1,Feminino,0,0,0,6,6,6,12.666666666666602,0,0,6,8,5,11.4,0,12.4,0.5,1.79,Graduado,Graduado,0,0
Solteiro,Jornalismo e Comunicação,Ensino Secundário,116.0,Português,127.6,0,0,1,Feminino,1,0,0,6,7,6,13.8571428571428,0,0,6,7,6,13.142857142857096,0,13.9,-0.3,0.79,Desistente,Desistente,1,1
Solteiro,Enfermagem,Ensino Secundário,129.0,Português,117.1,0,0,1,Feminino,0,0,0,7,7,7,14.692857142857097,0,0,8,8,8,14.9625,0,12.4,0.5,1.79,Graduado,Graduado,0,0
Solteiro,Enfermagem,Ensino Secundário,157.0,Português,149.3,0,0,1,Feminino,0,0,0,8,8,8,14.035,0,0,8,8,8,14.035,0,9.4,-0.8,-3.12,Graduado,Graduado,0,0
Solteiro,Enfermagem Veterinária,Ensino Secundário,135.0,Português,125.6,0,0,1,Feminino,0,0,0,5,8,4,11.0,1,0,5,8,3,14.0,0,12.7,3.7,-1.7,Graduado,Graduado,0,0
Solteiro,Jornalismo e Comunicação,Ensino Secundário,139.0,Português,145.0,0,0,1,Feminino,1,0,0,6,6,6,13.333333333333304,0,0,6,6,6,13.333333333333304,0,9.4,-0.8,-3.12,Graduado,Graduado,0,0
Solteiro,Enfermagem,Ensino Secundário,115.0,Português,115.0,0,0,1,Feminino,0,0,0,7,13,6,11.772499999999999,0,0,8,9,7,12.33,0,15.5,2.8,-4.06,Graduado,Graduado,0,0
Solteiro,Turismo,Ensino Secundário,123.0,Português,114.3,0,0,1,Feminino,0,0,0,6,0,0,0.0,0,0,6,0,0,0.0,0,11.1,0.6,2.02,Desistente,Desistente,1,1
Solteiro,Turismo,Ensino Secundário,140.0,Português,126.0,0,0,1,Feminino,0,0,0,6,0,0,0.0,0,0,6,12,0,0.0,0,10.8,1.4,1.74,Desistente,Desistente,1,1
Solteiro,Design de Animação e Multimédia,Ensino Secundário,138.0,Português,124.0,0,0,0,Feminino,0,0,0,0,0,0,0.0,0,0,0,0,0,0.0,0,10.8,1.4,1.74,Desistente,Desistente,1,1
Solteiro,Turismo,Ensino Secundário,132.0,Português,122.6,0,0,1,Feminino,1,0,0,6,7,6,12.285714285714198,0,0,6,6,6,12.0,0,8.9,1.4,3.51,Graduado,Graduado,0,0
Solteiro,Enfermagem,Ensino Secundário,140.0,Português,133.8,0,0,1,Feminino,0,0,0,8,14,5,12.46,0,0,8,14,5,12.46,0,10.8,1.4,1.74,Matriculado,Matriculado,0,
Solteiro,Ensino Básico,Ensino Secundário,117.0,Português,113.5,0,0,1,Feminino,0,0,0,7,10,6,12.166666666666602,0,0,7,9,6,13.1666666666666,0,12.4,0.5,1.79,Graduado,Graduado,0,0
Solteiro,Serviço Social,Ensino Secundário,125.0,Português,122.6,1,0,1,Feminino,0,0,0,6,9,5,11.833333333333304,0,0,6,8,2,11.5,0,13.9,-0.3,0.79,Matriculado,Matriculado,0,
Solteiro,Enfermagem,Ensino Superior - Licenciatura,140.0,Português,140.0,0,0,1,Feminino,0,0,0,8,8,7,14.805714285714197,0,0,8,8,7,14.805714285714197,0,10.8,1.4,1.74,Graduado,Graduado,0,0
Solteiro,Serviço Social,Ensino Secundário,133.1,Português,107.0,0,0,1,Feminino,0,0,0,6,11,5,10.6,0,0,6,10,6,11.714285714285698,0,11.1,0.6,2.02,Desistente,Desistente,1,1
Solteiro,Enfermagem Veterinária,Curso Técnico Superior Profissional,130.0,Português,130.0,0,1,0,Feminino,0,0,7,9,9,8,13.125,0,4,9,13,6,13.0,0,8.9,1.4,3.51,Matriculado,Matriculado,0,
Solteiro,Serviço Social,Ensino Secundário,134.0,Português,124.2,0,1,1,Feminino,1,0,0,6,6,6,12.833333333333304,0,0,6,6,6,12.666666666666602,0,9.4,-0.8,-3.12,Graduado,Graduado,0,0
Solteiro,Enfermagem,Ensino Secundário,128.0,Português,125.8,0,0,1,Feminino,1,0,0,8,8,0,0.0,8,0,8,8,0,0.0,8,9.4,-0.8,-3.12,Matriculado,Matriculado,0,
Solteiro,Gestão de Publicidade e Marketing,Ensino Secundário,115.0,Português,108.0,0,0,1,Feminino,1,0,0,6,9,5,13.0,0,0,6,6,5,13.8,0,12.4,0.5,1.79,Graduado,Graduado,0,0
Solteiro,Enfermagem,Ensino Secundário,119.0,Português,115.2,0,0,1,Feminino,1,0,0,7,8,7,12.725,0,0,8,8,8,13.7125,0,13.9,-0.3,0.79,Graduado,Graduado,0,0
Solteiro,Enfermagem Veterinária,Ensino Secundário,131.0,Português,129.3,0,0,1,Feminino,0,0,0,5,10,4,11.25,1,0,5,10,3,10.333333333333304,0,12.7,3.7,-1.7,Graduado,Graduado,0,0
Solteiro,Agronomia,Ensino Superior - Mestrado,120.0,Português,120.0,0,0,1,Feminino,0,0,8,12,12,11,13.818181818181804,0,4,12,16,12,13.4615384615384,0,15.5,2.8,-4.06,Graduado,Graduado,0,0
Solteiro,Enfermagem Veterinária,Ensino Secundário,120.0,Português,116.7,0,0,1,Feminino,0,0,0,5,12,3,12.333333333333304,2,0,5,8,3,13.0,1,9.4,-0.8,-3.12,Graduado,Graduado,0,0
Solteiro,Enfermagem Veterinária,Ensino Secundário,135.0,Português,121.0,0,0,1,Feminino,0,0,0,5,14,3,12.333333333333304,2,0,5,8,5,11.6,0,9.4,-0.8,-3.12,Matriculado,Matriculado,0,
Solteiro,Ensino Básico,Ensino Secundário,146.0,Português,128.2,0,1,1,Feminino,0,0,0,6,8,4,13.25,0,0,6,10,3,10.666666666666602,0,12.7,3.7,-1.7,Matriculado,Matriculado,0,
Solteiro,Gestão de Publicidade e Marketing,Ensino Secundário,133.0,Português,121.1,0,0,1,Feminino,0,0,0,6,7,6,13.6666666666666,0,0,6,9,5,15.4,0,13.9,-0.3,0.79,Graduado,Graduado,0,0
Solteiro,Serviço Social,Ensino Secundário,122.0,Português,112.6,0,1,1,Feminino,0,0,5,11,18,8,12.625,0,4,10,10,3,11.0,0,11.1,0.6,2.02,Matriculado,Matriculado,0,
Solteiro,Enfermagem Veterinária,Ensino Secundário,128.0,Português,123.3,0,0,1,Feminino,1,0,0,6,6,6,14.833333333333304,0,0,6,8,6,12.142857142857096,0,8.9,1.4,3.51,Graduado,Graduado,0,0
Solteiro,Gestão de Publicidade e Marketing,Ensino Secundário,129.0,Português,129.4,0,0,1,Feminino,1,0,0,6,7,5,11.2,0,0,6,10,5,13.125,0,10.8,1.4,1.74,Desistente,Desistente,1,1
Solteiro,Gestão,Ensino Secundário,122.0,Português,119.9,0,0,1,Feminino,1,0,0,5,6,5,11.4,0,0,5,6,5,12.2,0,12.7,3.7,-1.7,Graduado,Graduado,0,0
Solteiro,Enfermagem,Ensino Secundário,140.0,Português,131.6,0,0,1,Feminino,0,0,0,7,8,7,13.135,0,0,8,9,8,13.244444444444401,0,12.4,0.5,1.79,Graduado,Graduado,0,0
Solteiro,Design de Comunicação,Ensino Secundário,143.0,Português,120.0,0,0,1,Feminino,0,0,3,10,10,10,13.0,0,5,11,11,10,11.4,0,11.1,0.6,2.02,Desistente,Desistente,1,1
Solteiro,Enfermagem,Ensino Secundário,118.0,Português,110.0,0,0,1,Feminino,0,0,0,7,12,4,12.85,0,0,7,7,7,12.621428571428503,0,11.1,0.6,2.02,Matriculado,Matriculado,0,
Solteiro,Serviço Social,Curso de Especialização Tecnológica,140.0,Português,143.0,0,0,1,Feminino,0,0,3,6,6,6,13.5,0,2,6,9,5,12.5,0,13.9,-0.3,0.79,Graduado,Graduado,0,0
Solteiro,Enfermagem Veterinária,Ensino Secundário,140.0,Português,140.0,0,0,1,Feminino,0,0,0,6,7,6,14.285714285714198,0,0,6,9,3,13.0,0,13.9,-0.3,0.79,Matriculado,Matriculado,0,
Solteiro,Gestão de Publicidade e Marketing,Ensino Secundário,123.0,Português,119.2,0,0,1,Feminino,1,0,0,6,8,5,13.5,0,0,6,6,6,14.5,0,12.4,0.5,1.79,Graduado,Graduado,0,0
Solteiro,Gestão,Ensino Secundário,140.0,Português,124.3,0,0,1,Feminino,1,0,0,5,8,4,10.75,0,0,5,5,5,13.0,0,12.4,0.5,1.79,Graduado,Graduado,0,0
Solteiro,Serviço Social,Ensino Secundário,116.0,Português,111.1,0,0,1,Feminino,1,0,0,6,9,6,11.333333333333304,0,0,6,9,6,11.833333333333304,0,8.9,1.4,3.51,Graduado,Graduado,0,0
Solteiro,Enfermagem Veterinária,Curso de Especialização Tecnológica,150.0,Português,150.0,0,0,1,Feminino,1,0,2,7,15,3,13.0,2,1,5,12,5,13.285714285714198,1,10.8,1.4,1.74,Graduado,Graduado,0,0
Solteiro,Enfermagem,Ensino Secundário,147.0,Português,147.3,0,0,1,Feminino,0,0,0,7,7,6,13.966666666666601,0,0,7,7,6,13.966666666666601,0,7.6,2.6,0.32,Graduado,Graduado,0,0
Solteiro,Enfermagem,Ensino Secundário,162.0,Português,147.5,0,0,1,Feminino,1,0,0,8,8,8,14.14125,0,0,8,8,8,14.14125,0,9.4,-0.8,-3.12,Graduado,Graduado,0,0
Solteiro,Turismo,Ensino Secundário,108.0,Português,108.0,0,0,1,Feminino,1,0,0,6,10,4,11.6,0,0,6,10,4,11.75,0,12.7,3.7,-1.7,Graduado,Graduado,0,0
Casado,Enfermagem,Ensino Superior - Licenciatura,130.0,Português,130.0,0,0,1,Feminino,1,0,0,8,8,8,14.6625,0,0,8,8,8,14.6625,0,9.4,-0.8,-3.12,Graduado,Graduado,0,0
Casado,Gestão (presencial noturno),Ensino Secundário,140.0,Português,130.0,0,0,1,Feminino,0,0,0,5,5,0,0.0,0,0,5,5,0,0.0,0,9.4,-0.8,-3.12,Matriculado,Matriculado,0,
Solteiro,Enfermagem,Ensino Secundário,116.0,Português,109.0,0,0,1,Feminino,1,0,0,7,8,6,12.993333333333302,0,0,8,9,8,12.66875,0,11.1,0.6,2.02,Graduado,Graduado,0,0
Solteiro,Gestão de Publicidade e Marketing,Ensino Secundário,120.0,Português,112.0,0,0,1,Feminino,0,0,0,6,10,4,11.25,0,0,6,11,5,12.2,0,8.9,1.4,3.51,Matriculado,Matriculado,0,
Solteiro,Serviço Social (prestação nocturna),Ensino Secundário,132.0,Português,121.2,0,0,1,Feminino,0,0,0,6,8,5,12.2,0,0,6,10,5,12.8,0,10.8,1.4,1.74,Graduado,Graduado,0,0
Solteiro,Design de Animação e Multimédia,Ensino Superior - Licenciatura,140.0,Português,140.0,0,0,1,Feminino,0,0,0,0,0,0,0.0,0,0,0,0,0,0.0,0,10.8,1.4,1.74,Desistente,Desistente,1,1
Solteiro,Serviço Social (prestação nocturna),Ensino Secundário,120.0,Moldávia (República da),119.5,0,1,1,Feminino,0,1,2,6,6,6,11.333333333333304,0,0,6,6,4,11.75,0,8.9,1.4,3.51,Matriculado,Matriculado,0,
Solteiro,Gestão,Ensino Secundário,136.0,Português,125.9,0,0,1,Feminino,0,0,0,5,7,5,12.2,0,0,5,7,5,11.8,0,11.1,0.6,2.02,Graduado,Graduado,0,0
Solteiro,Turismo,Ensino Secundário,133.0,Português,121.5,0,0,1,Feminino,1,0,0,6,12,0,0.0,0,0,6,12,0,0.0,0,7.6,2.6,0.32,Desistente,Desistente,1,1
Solteiro,Serviço Social,Ensino Secundário,126.0,Português,121.5,0,0,1,Feminino,0,0,0,6,8,6,11.333333333333304,0,0,6,6,6,11.666666666666602,0,7.6,2.6,0.32,Graduado,Graduado,0,0
Solteiro,Enfermagem Veterinária,Ensino Secundário,142.0,Português,132.4,0,0,1,Feminino,0,0,0,6,8,6,13.8571428571428,0,0,6,15,6,13.1,0,12.4,0.5,1.79,Graduado,Graduado,0,0
Solteiro,Jornalismo e Comunicação,Ensino Secundário,121.0,Português,122.4,0,0,1,Feminino,0,0,0,6,7,6,12.857142857142804,0,0,6,6,6,13.333333333333304,0,13.9,-0.3,0.79,Graduado,Graduado,0,0
Solteiro,Serviço Social (prestação nocturna),Ensino Secundário,134.0,Português,110.0,0,0,1,Feminino,0,0,0,6,10,1,10.0,0,0,6,12,0,0.0,0,9.4,-0.8,-3.12,Desistente,Desistente,1,1
Solteiro,Gestão,Ensino Secundário,140.0,Português,120.4,0,1,0,Feminino,0,0,14,15,17,14,10.2142857142857,0,13,13,13,13,11.384615384615298,0,16.2,0.3,-0.92,Graduado,Graduado,0,0
Solteiro,Turismo,Ensino Secundário,133.1,Português,105.0,0,1,0,Feminino,0,0,0,6,14,6,11.285714285714198,0,0,6,16,3,10.333333333333304,0,8.9,1.4,3.51,Desistente,Desistente,1,1
Solteiro,Serviço Social,Ensino Secundário,157.0,Português,137.8,0,0,1,Feminino,1,0,0,6,6,6,13.833333333333304,0,0,6,7,0,0.0,0,15.5,2.8,-4.06,Desistente,Desistente,1,1
Solteiro,Turismo,Ensino Secundário,120.0,Português,118.0,0,0,1,Feminino,0,0,0,6,8,6,12.857142857142804,0,0,6,8,5,12.6,0,8.9,1.4,3.51,Graduado,Graduado,0,0
Solteiro,Ensino Básico,Ensino Secundário,134.0,Português,122.1,0,0,1,Feminino,1,0,0,6,8,6,11.666666666666602,0,0,6,9,4,12.0,0,10.8,1.4,1.74,Desistente,Desistente,1,1
Solteiro,Ensino Básico,Ensino Superior - Licenciatura,140.0,Português,140.0,0,0,0,Feminino,0,0,0,6,12,0,0.0,0,0,5,10,0,0.0,0,9.4,-0.8,-3.12,Desistente,Desistente,1,1
Solteiro,Enfermagem Veterinária,Ensino Secundário,133.0,Português,143.2,0,0,1,Feminino,0,0,0,5,7,5,14.4,0,0,5,6,5,13.2,0,7.6,2.6,0.32,Graduado,Graduado,0,0
Casado,Serviço Social (prestação nocturna),Ensino Secundário,146.0,Português,120.5,0,0,1,Feminino,0,0,0,6,6,6,14.833333333333304,0,0,6,6,6,14.1666666666666,0,10.8,1.4,1.74,Graduado,Graduado,0,0
Solteiro,Enfermagem Veterinária,Ensino Secundário,130.0,Português,119.5,0,0,1,Feminino,1,0,0,6,14,6,14.333333333333304,0,0,6,9,6,12.0,0,15.5,2.8,-4.06,Graduado,Graduado,0,0
Solteiro,Design de Animação e Multimédia,Ensino Secundário,151.0,Português,147.5,0,0,1,Feminino,0,0,0,0,0,0,0.0,0,0,0,0,0,0.0,0,7.6,2.6,0.32,Graduado,Graduado,0,0
Solteiro,Jornalismo e Comunicação,Ensino Secundário,133.1,Português,129.6,0,0,1,Feminino,0,0,0,6,0,0,0.0,0,0,6,0,0,0.0,0,7.6,2.6,0.32,Desistente,Desistente,1,1
Solteiro,Ensino Básico,Ensino Secundário,132.0,Português,126.1,0,0,1,Feminino,1,0,0,7,9,6,12.333333333333304,0,0,7,7,6,12.666666666666602,0,11.1,0.6,2.02,Graduado,Graduado,0,0
Casado,Gestão (presencial noturno),Ensino Secundário,110.0,Português,160.0,0,0,1,Feminino,0,0,0,5,5,5,11.8,0,0,5,5,5,12.4,0,15.5,2.8,-4.06,Graduado,Graduado,0,0
União de Fato,Ensino Básico,Ensino Básico (3º Ciclo),133.1,Português,105.5,0,1,1,Feminino,0,0,0,6,7,5,13.2,0,0,6,7,5,10.6,0,7.6,2.6,0.32,Desistente,Desistente,1,1
Casado,Ensino Básico,Ensino Secundário,110.0,Português,95.5,0,1,0,Feminino,0,0,0,6,6,0,0.0,0,0,5,10,0,0.0,0,10.8,1.4,1.74,Desistente,Desistente,1,1
Casado,Agronomia,Ensino Secundário,133.1,Português,107.5,0,0,0,Feminino,0,0,0,6,0,0,0.0,0,0,6,0,0,0.0,0,15.5,2.8,-4.06,Desistente,Desistente,1,1
Solteiro,Serviço Social,Ensino Secundário,105.0,Português,106.1,0,0,1,Feminino,0,0,0,6,6,6,11.5,0,0,6,7,6,13.285714285714198,0,11.1,0.6,2.02,Graduado,Graduado,0,0
Solteiro,Turismo,Ensino Secundário,160.0,Português,116.3,0,0,1,Feminino,0,0,0,6,8,5,12.6,0,0,6,7,5,12.2,0,9.4,-0.8,-3.12,Graduado,Graduado,0,0
Solteiro,Enfermagem,Ensino Secundário,144.0,Português,137.4,0,0,1,Feminino,0,0,0,7,7,7,13.542857142857097,0,0,8,9,8,14.2222222222222,0,16.2,0.3,-0.92,Graduado,Graduado,0,0
Solteiro,Turismo,Ensino Secundário,100.0,Português,101.8,0,0,1,Feminino,0,0,0,6,8,5,11.6,0,0,6,6,5,13.0,0,12.4,0.5,1.79,Matriculado,Matriculado,0,
Solteiro,Jornalismo e Comunicação,Ensino Secundário,143.0,Português,144.1,0,0,1,Masculino,1,0,0,6,7,6,13.6666666666666,0,0,6,6,6,13.833333333333304,0,12.7,3.7,-1.7,Graduado,Graduado,0,0
Solteiro,Agronomia,Ensino Secundário,160.0,Português,107.8,0,0,0,Masculino,0,0,0,6,10,0,0.0,0,0,6,8,0,0.0,0,15.5,2.8,-4.06,Desistente,Desistente,1,1
Solteiro,Ensino Básico,Ensino Secundário,140.0,Português,128.2,0,0,0,Feminino,0,0,0,6,0,0,0.0,0,0,6,0,0,0.0,0,12.7,3.7,-1.7,Desistente,Desistente,1,1
Solteiro,Design de Animação e Multimédia,Ensino Secundário,133.1,Português,117.0,0,0,1,Masculino,0,0,0,0,0,0,0.0,0,0,0,0,0,0.0,0,10.8,1.4,1.74,Desistente,Desistente,1,1
Solteiro,Design de Comunicação,Ensino Secundário,116.0,Português,110.4,0,0,1,Masculino,0,0,0,6,6,6,11.5,0,0,6,8,6,12.285714285714198,0,8.9,1.4,3.51,Graduado,Graduado,0,0
Casado,Gestão (presencial noturno),Ensino Secundário,120.0,Português,170.0,0,0,1,Feminino,0,0,0,5,12,2,11.5,0,0,5,9,4,11.75,0,9.4,-0.8,-3.12,Matriculado,Matriculado,0,
Solteiro,Enfermagem,Ensino Secundário,141.0,Português,100.0,0,0,1,Masculino,0,0,0,7,7,7,11.828571428571399,0,0,8,10,7,12.9125,0,13.9,-0.3,0.79,Graduado,Graduado,0,0
Solteiro,Design de Animação e Multimédia,Ensino Secundário,110.0,Português,117.0,0,0,1,Masculino,0,0,0,0,0,0,0.0,0,0,0,0,0,0.0,0,9.4,-0.8,-3.12,Graduado,Graduado,0,0
Solteiro,Design de Animação e Multimédia,Ensino Secundário,127.0,Português,133.5,0,0,1,Masculino,0,0,0,0,0,0,0.0,0,0,0,0,0,0.0,0,15.5,2.8,-4.06,Matriculado,Matriculado,0,
Solteiro,Enfermagem,Ensino Secundário,132.0,Português,128.0,0,0,1,Feminino,1,0,0,7,7,6,12.966666666666601,0,0,7,7,6,12.966666666666601,0,7.6,2.6,0.32,Graduado,Graduado,0,0
Solteiro,Jornalismo e Comunicação,Ensino Secundário,135.0,Português,122.1,0,0,1,Masculino,0,0,0,6,6,6,13.833333333333304,0,0,6,6,6,13.6666666666666,0,12.7,3.7,-1.7,Graduado,Graduado,0,0
Solteiro,Enfermagem,Ensino Secundário,135.0,Português,133.4,0,0,1,Feminino,0,0,0,7,7,7,14.1257142857142,0,0,8,8,8,14.36875,0,11.1,0.6,2.02,Graduado,Graduado,0,0
Divorciado,Turismo,Ensino Secundário,140.0,Português,112.0,0,1,1,Feminino,0,0,4,10,12,5,12.166666666666602,4,2,8,8,0,0.0,2,12.7,3.7,-1.7,Desistente,Desistente,1,1
Solteiro,Enfermagem Veterinária,Ensino Secundário,133.1,Português,130.0,0,0,1,Feminino,0,0,0,6,17,6,12.666666666666602,0,0,6,21,4,12.25,0,15.5,2.8,-4.06,Graduado,Graduado,0,0
Casado,Gestão (presencial noturno),Ensino Secundário,100.0,Português,100.0,0,0,1,Masculino,0,0,0,4,4,0,0.0,0,0,5,0,0,0.0,0,12.7,3.7,-1.7,Desistente,Desistente,1,1
Casado,Jornalismo e Comunicação,Ensino Básico (3º Ciclo),133.1,Português,162.0,0,1,1,Masculino,1,0,0,6,8,6,12.285714285714198,0,0,6,7,6,14.1666666666666,0,10.8,1.4,1.74,Graduado,Graduado,0,0
Solteiro,Enfermagem,Ensino Secundário,100.0,Português,153.0,0,0,1,Masculino,0,0,3,6,7,3,14.5,0,4,7,8,4,14.375,0,15.5,2.8,-4.06,Matriculado,Matriculado,0,
Solteiro,Gestão,Ensino Secundário,137.0,Português,131.4,0,0,1,Masculino,0,0,0,5,8,2,10.0,0,0,5,7,1,10.0,0,7.6,2.6,0.32,Desistente,Desistente,1,1
Casado,Equincultura,Ensino Superior - Licenciatura,120.0,Português,128.2,0,0,1,Feminino,0,0,1,5,11,2,11.5,1,1,5,8,2,12.0,0,9.4,-0.8,-3.12,Desistente,Desistente,1,1
Solteiro,Gestão de Publicidade e Marketing,Ensino Secundário,148.9,Cabo-verdiano,148.9,0,0,1,Feminino,0,1,0,5,6,5,11.6,0,0,5,6,4,11.5,0,9.4,-0.8,-3.12,Graduado,Graduado,0,0
Solteiro,Serviço Social,Ensino Secundário,134.0,Português,128.4,0,0,1,Feminino,1,0,0,6,6,6,12.5,0,0,6,6,6,11.666666666666602,0,10.8,1.4,1.74,Graduado,Graduado,0,0
Solteiro,Ensino Básico,Ensino Secundário,128.0,Português,120.3,0,1,0,Feminino,0,0,0,6,9,3,11.666666666666602,0,0,6,10,2,11.0,0,10.8,1.4,1.74,Desistente,Desistente,1,1
Casado,Gestão (presencial noturno),Ensino Secundário,133.1,Brasileiro,100.0,0,0,1,Feminino,0,1,5,10,11,7,13.428571428571399,0,5,10,11,10,11.6,0,8.9,1.4,3.51,Graduado,Graduado,0,0
Solteiro,Turismo,Ensino Secundário,131.0,Alemão,126.1,0,0,1,Masculino,0,1,0,6,6,6,13.6666666666666,0,0,6,6,6,13.5,0,7.6,2.6,0.32,Graduado,Graduado,0,0
Solteiro,Turismo,Ensino Secundário,118.0,Português,111.7,0,0,1,Feminino,0,0,0,6,6,6,12.5,0,0,6,6,6,12.166666666666602,0,12.4,0.5,1.79,Graduado,Graduado,0,0
Solteiro,Enfermagem Veterinária,Curso de Especialização Tecnológica,140.0,Português,140.0,0,0,1,Feminino,0,0,2,6,7,6,13.0,0,1,6,15,4,12.8,0,12.4,0.5,1.79,Graduado,Graduado,0,0
Solteiro,Enfermagem,Ensino Secundário,133.0,Português,122.2,0,0,1,Feminino,0,0,0,7,9,6,12.783333333333303,0,0,8,9,7,12.842857142857095,0,13.9,-0.3,0.79,Graduado,Graduado,0,0
Solteiro,Enfermagem,Ensino Secundário,126.0,Português,118.7,0,0,1,Feminino,0,0,0,7,0,0,0.0,0,0,8,0,0,0.0,0,13.9,-0.3,0.79,Desistente,Desistente,1,1
Solteiro,Higiene Oral,Ensino Secundário,125.0,Português,121.5,0,0,1,Feminino,0,0,0,7,13,4,13.5,0,0,7,11,4,11.225,0,11.1,0.6,2.02,Desistente,Desistente,1,1
Solteiro,Enfermagem,Ensino Secundário,138.0,Português,134.5,0,0,1,Feminino,0,0,0,7,7,7,13.457142857142802,0,0,8,8,8,15.125,0,13.9,-0.3,0.79,Graduado,Graduado,0,0
Solteiro,Enfermagem,Ensino Secundário,140.0,Português,127.0,0,0,1,Feminino,0,0,0,8,8,7,13.442857142857097,0,0,8,8,7,13.442857142857097,0,12.7,3.7,-1.7,Graduado,Graduado,0,0
Solteiro,Serviço Social,Ensino Secundário,124.0,Português,114.2,0,0,1,Feminino,0,0,0,6,13,4,11.0,0,0,6,12,5,10.833333333333304,0,15.5,2.8,-4.06,Graduado,Graduado,0,0
Solteiro,Serviço Social,Ensino Secundário,133.0,Português,125.3,0,0,1,Feminino,1,0,0,6,6,6,11.333333333333304,0,0,6,7,6,12.285714285714198,0,15.5,2.8,-4.06,Graduado,Graduado,0,0
Solteiro,Jornalismo e Comunicação,Ensino Secundário,127.0,Português,120.4,0,0,1,Feminino,0,0,0,5,7,2,10.0,0,0,1,1,0,0.0,0,12.7,3.7,-1.7,Desistente,Desistente,1,1
Solteiro,Enfermagem,Ensino Secundário,138.0,Português,123.0,0,0,1,Feminino,0,0,0,7,10,5,13.44,0,0,7,8,6,13.0666666666666,0,12.4,0.5,1.79,Matriculado,Matriculado,0,
Solteiro,Higiene Oral,Ensino Secundário,142.0,Português,130.5,0,0,1,Feminino,1,0,0,7,8,7,12.214285714285698,0,0,8,8,8,14.0625,0,16.2,0.3,-0.92,Graduado,Graduado,0,0
Solteiro,Design de Comunicação,Ensino Secundário,130.0,Brasileiro,125.5,0,0,1,Feminino,1,1,0,6,6,6,14.1666666666666,0,0,6,6,6,13.5,0,11.1,0.6,2.02,Graduado,Graduado,0,0
Solteiro,Agronomia,Curso Técnico Superior Profissional,130.0,Português,133.8,0,1,1,Feminino,1,0,7,12,13,12,12.846153846153797,0,5,11,13,11,12.6363636363636,0,8.9,1.4,3.51,Graduado,Graduado,0,0
Solteiro,Enfermagem Veterinária,Curso de Especialização Tecnológica,150.0,Português,150.0,0,0,1,Feminino,0,0,2,6,8,6,13.0,0,1,6,18,2,12.0,0,12.4,0.5,1.79,Matriculado,Matriculado,0,
Solteiro,Gestão,Ensino Secundário,127.0,Português,130.5,0,0,1,Feminino,1,0,0,5,6,5,12.8,1,0,5,7,4,11.25,0,9.4,-0.8,-3.12,Graduado,Graduado,0,0
Solteiro,Enfermagem Veterinária,Curso de Especialização Tecnológica,140.0,Português,140.0,0,1,0,Feminino,0,0,1,6,13,4,13.0,0,1,6,11,5,12.0,0,16.2,0.3,-0.92,Desistente,Desistente,1,1
Solteiro,Enfermagem,Ensino Secundário,126.0,Português,119.4,0,0,1,Feminino,1,0,0,7,7,7,13.371428571428504,0,0,8,9,8,13.6666666666666,0,16.2,0.3,-0.92,Graduado,Graduado,0,0
Solteiro,Higiene Oral,Ensino Secundário,139.0,Português,121.3,0,0,1,Feminino,1,0,0,7,8,7,13.385714285714197,0,0,8,8,8,13.3875,0,10.8,1.4,1.74,Graduado,Graduado,0,0
Solteiro,Enfermagem,Ensino Secundário,141.0,Português,126.3,0,0,1,Feminino,0,0,0,8,8,7,13.328571428571399,0,0,8,8,7,13.328571428571399,0,12.7,3.7,-1.7,Graduado,Graduado,0,0
Solteiro,Enfermagem Veterinária,Ensino Secundário,120.0,Português,111.6,0,0,1,Feminino,0,0,0,6,12,5,14.0,0,0,6,14,5,11.0,0,16.2,0.3,-0.92,Graduado,Graduado,0,0
Solteiro,Gestão,Ensino Secundário,120.0,Português,111.3,0,0,1,Feminino,0,0,0,5,5,5,12.6,0,0,5,5,5,13.2,0,8.9,1.4,3.51,Graduado,Graduado,0,0
Solteiro,Ensino Básico,Ensino Secundário,134.0,Português,122.5,0,0,1,Feminino,1,0,0,6,7,6,14.0,0,0,6,6,6,15.0,0,15.5,2.8,-4.06,Graduado,Graduado,0,0
Solteiro,Turismo,Ensino Secundário,128.0,Português,116.5,0,0,1,Feminino,1,0,0,6,7,6,13.428571428571399,0,0,6,6,6,12.666666666666602,0,8.9,1.4,3.51,Graduado,Graduado,0,0
Solteiro,Design de Comunicação,Ensino Secundário,133.0,Português,132.0,1,0,1,Feminino,1,0,0,6,6,6,13.0,0,0,6,6,6,12.5,0,15.5,2.8,-4.06,Graduado,Graduado,0,0
Solteiro,Ensino Básico,Ensino Secundário,123.0,Português,123.7,0,0,1,Feminino,0,0,0,6,8,5,12.666666666666602,0,0,6,8,5,11.0,0,15.5,2.8,-4.06,Matriculado,Matriculado,0,
Solteiro,Gestão,Ensino Secundário,118.0,Português,117.0,0,0,0,Masculino,0,0,0,5,9,3,10.0,1,0,5,9,3,12.333333333333304,0,9.4,-0.8,-3.12,Desistente,Desistente,1,1
Solteiro,Gestão de Publicidade e Marketing,Ensino Secundário,113.0,Português,116.5,0,0,1,Feminino,0,0,0,6,7,6,12.833333333333304,0,0,6,10,6,11.7777777777777,0,8.9,1.4,3.51,Graduado,Graduado,0,0
Solteiro,Enfermagem,Ensino Secundário,135.0,Português,121.5,0,0,1,Feminino,0,0,0,7,7,6,12.9166666666666,0,0,7,7,6,12.9166666666666,0,7.6,2.6,0.32,Graduado,Graduado,0,0
Solteiro,Gestão de Publicidade e Marketing,Ensino Secundário,133.1,Português,105.0,0,0,1,Feminino,0,0,0,6,9,6,13.285714285714198,0,0,6,8,5,13.8,0,15.5,2.8,-4.06,Graduado,Graduado,0,0
Solteiro,Enfermagem Veterinária,Ensino Secundário,130.0,Português,121.3,0,0,1,Feminino,1,0,0,5,6,5,14.6,0,0,5,5,5,13.8,0,10.8,1.4,1.74,Graduado,Graduado,0,0
Solteiro,Serviço Social,Ensino Secundário,135.0,Português,136.1,0,0,1,Feminino,1,0,0,6,6,6,14.0,0,0,6,6,6,13.6666666666666,0,12.4,0.5,1.79,Graduado,Graduado,0,0
Solteiro,Serviço Social,Ensino Secundário,133.0,Português,123.6,0,0,1,Feminino,1,0,0,6,7,6,14.142857142857096,0,0,6,6,6,15.0,0,13.9,-0.3,0.79,Graduado,Graduado,0,0
Solteiro,Serviço Social,Ensino Secundário,123.0,Português,129.0,0,0,1,Feminino,0,0,0,6,8,6,11.666666666666602,0,0,6,6,6,12.333333333333304,0,10.8,1.4,1.74,Graduado,Graduado,0,0
Solteiro,Enfermagem,Ensino Secundário,145.0,Português,136.8,0,0,1,Feminino,0,0,0,8,9,8,14.377500000000001,1,0,8,9,8,14.377500000000001,1,9.4,-0.8,-3.12,Graduado,Graduado,0,0
Solteiro,Enfermagem,Ensino Secundário,146.0,Português,133.4,0,0,1,Feminino,0,0,0,7,8,7,12.5,0,0,8,9,7,13.042857142857097,0,13.9,-0.3,0.79,Graduado,Graduado,0,0
Solteiro,Enfermagem,Ensino Secundário,144.0,Português,136.0,0,0,1,Feminino,1,0,0,7,7,6,14.15,0,0,7,7,6,14.15,0,7.6,2.6,0.32,Graduado,Graduado,0,0
Solteiro,Enfermagem,Ensino Secundário,144.0,Português,125.8,0,0,1,Feminino,1,0,0,8,12,7,12.471428571428502,0,0,8,12,7,12.471428571428502,0,12.7,3.7,-1.7,Graduado,Graduado,0,0
Solteiro,Enfermagem,Ensino Secundário,131.0,Português,120.5,0,0,1,Feminino,0,0,0,7,7,6,14.15,0,0,7,7,6,14.15,0,7.6,2.6,0.32,Graduado,Graduado,0,0
Solteiro,Enfermagem,Ensino Secundário,141.0,Português,130.2,0,0,1,Feminino,0,0,0,7,11,7,14.0722222222222,0,0,8,8,8,14.0475,0,15.5,2.8,-4.06,Graduado,Graduado,0,0
Solteiro,Jornalismo e Comunicação,Ensino Secundário,138.0,Português,135.9,0,0,1,Feminino,0,0,0,6,7,6,14.8571428571428,0,0,6,6,6,14.6666666666666,0,13.9,-0.3,0.79,Graduado,Graduado,0,0
Solteiro,Jornalismo e Comunicação,Ensino Secundário,127.0,Português,116.5,0,0,1,Feminino,1,0,0,6,7,6,14.285714285714198,0,0,6,6,6,13.1666666666666,0,11.1,0.6,2.02,Graduado,Graduado,0,0
Solteiro,Jornalismo e Comunicação,Ensino Secundário,124.0,Português,124.0,0,0,0,Feminino,0,0,0,4,4,0,0.0,0,0,4,4,0,0.0,0,12.7,3.7,-1.7,Desistente,Desistente,1,1
Solteiro,Serviço Social (prestação nocturna),Ensino Superior - Licenciatura,140.0,Português,140.0,0,0,1,Feminino,0,0,0,6,0,0,0.0,0,0,6,0,0,0.0,0,10.8,1.4,1.74,Desistente,Desistente,1,1
Solteiro,Equincultura,Ensino Secundário,157.0,Português,150.9,0,0,1,Feminino,0,0,0,6,8,6,15.0,0,0,6,8,5,15.1666666666666,0,13.9,-0.3,0.79,Desistente,Desistente,1,1
Solteiro,Enfermagem,Ensino Secundário,129.0,Português,127.3,0,0,1,Feminino,1,0,0,7,7,6,12.633333333333303,0,0,7,7,6,12.633333333333303,0,7.6,2.6,0.32,Graduado,Graduado,0,0
Solteiro,Gestão de Publicidade e Marketing,Ensino Básico (3º Ciclo),133.1,Português,100.0,0,1,0,Feminino,0,0,0,5,5,5,11.2,0,0,5,5,5,12.6,0,9.4,-0.8,-3.12,Desistente,Desistente,1,1
Solteiro,Enfermagem,Ensino Secundário,142.0,Português,128.8,0,0,1,Feminino,0,0,0,7,7,6,14.233333333333302,0,0,7,7,6,14.233333333333302,0,7.6,2.6,0.32,Graduado,Graduado,0,0
União de Fato,Enfermagem Veterinária,Ensino Secundário,133.0,Português,119.7,0,0,1,Feminino,0,0,0,5,13,5,12.2,2,0,5,10,3,11.333333333333304,1,9.4,-0.8,-3.12,Matriculado,Matriculado,0,
Solteiro,Enfermagem,Ensino Secundário,156.0,Português,140.8,0,0,1,Feminino,0,0,0,8,8,7,15.7,0,0,8,8,7,15.7,0,12.7,3.7,-1.7,Graduado,Graduado,0,0
Solteiro,Enfermagem,Ensino Secundário,151.0,Português,138.0,0,0,1,Feminino,0,0,0,7,7,6,15.2,0,0,7,7,6,15.2,0,7.6,2.6,0.32,Graduado,Graduado,0,0
Solteiro,Ensino Básico,Ensino Secundário,135.0,Português,132.9,0,0,0,Feminino,0,0,0,6,9,6,16.333333333333304,0,0,6,8,5,15.6,0,12.7,3.7,-1.7,Desistente,Desistente,1,1
Solteiro,Equincultura,Ensino Secundário,140.0,Português,140.0,0,0,1,Feminino,0,0,10,17,29,14,12.5625,4,7,12,24,12,12.857142857142804,1,15.5,2.8,-4.06,Graduado,Graduado,0,0
Solteiro,Enfermagem,Ensino Superior - Licenciatura,140.0,Português,140.0,0,0,1,Feminino,0,0,0,7,0,0,0.0,0,0,8,0,0,0.0,0,13.9,-0.3,0.79,Desistente,Desistente,1,1
Solteiro,Serviço Social,Ensino Secundário,100.0,Português,99.3,0,0,1,Feminino,0,0,0,6,8,5,12.4,0,0,6,6,6,12.0,0,12.4,0.5,1.79,Graduado,Graduado,0,0
Solteiro,Enfermagem,Ensino Secundário,126.0,Português,119.3,0,0,1,Feminino,1,0,0,8,9,8,13.78125,1,0,8,9,8,13.78125,1,9.4,-0.8,-3.12,Graduado,Graduado,0,0
Solteiro,Turismo,Ensino Secundário,123.0,Português,113.2,0,1,1,Feminino,0,0,0,6,10,6,12.166666666666602,0,0,6,8,5,11.666666666666602,0,16.2,0.3,-0.92,Desistente,Desistente,1,1
Solteiro,Jornalismo e Comunicação,Ensino Secundário,133.1,Português,117.0,0,0,1,Feminino,0,0,0,6,8,5,11.8,0,0,6,8,5,11.833333333333304,0,15.5,2.8,-4.06,Matriculado,Matriculado,0,
Solteiro,Serviço Social (prestação nocturna),Ensino Secundário,137.0,Português,123.0,0,1,1,Feminino,0,0,0,6,13,4,10.8,0,0,6,15,4,12.0,0,16.2,0.3,-0.92,Graduado,Graduado,0,0
Solteiro,Enfermagem,Ensino Secundário,138.0,Português,127.2,0,0,1,Feminino,1,0,0,7,8,7,13.26,0,0,8,8,8,14.28625,0,15.5,2.8,-4.06,Graduado,Graduado,0,0
Solteiro,Jornalismo e Comunicação,Ensino Secundário,128.0,Português,141.0,0,0,0,Feminino,0,0,0,6,10,4,12.0,0,0,6,15,3,10.666666666666602,0,7.6,2.6,0.32,Desistente,Desistente,1,1
Solteiro,Serviço Social,Ensino Secundário,136.0,Português,121.7,1,0,1,Feminino,1,0,0,6,9,6,11.875,0,0,6,7,6,14.428571428571399,0,16.2,0.3,-0.92,Graduado,Graduado,0,0
Solteiro,Enfermagem,Ensino Secundário,127.0,Português,121.1,0,0,1,Feminino,1,0,0,7,11,5,12.16,0,0,7,7,2,13.4,0,16.2,0.3,-0.92,Matriculado,Matriculado,0,
Solteiro,Design de Comunicação,Ensino Secundário,145.0,Português,146.1,0,0,1,Feminino,0,0,0,6,6,1,15.0,0,0,6,7,4,12.5,0,9.4,-0.8,-3.12,Matriculado,Matriculado,0,
Solteiro,Jornalismo e Comunicação,Ensino Secundário,140.0,Português,142.5,0,0,1,Feminino,0,0,0,6,6,6,13.333333333333304,0,0,6,9,5,13.2,0,9.4,-0.8,-3.12,Graduado,Graduado,0,0
Solteiro,Enfermagem Veterinária,Ensino Secundário,138.0,Português,126.8,0,0,1,Feminino,0,0,0,5,12,2,11.5,0,0,5,12,3,11.8,2,10.8,1.4,1.74,Matriculado,Matriculado,0,
Solteiro,Enfermagem Veterinária,Curso de Especialização Tecnológica,150.0,Português,150.0,0,0,1,Feminino,0,0,2,6,7,6,14.428571428571399,0,1,6,9,5,13.0,0,13.9,-0.3,0.79,Graduado,Graduado,0,0
Solteiro,Enfermagem Veterinária,Curso de Especialização Tecnológica,150.0,Português,150.0,0,0,1,Feminino,0,0,0,5,10,1,13.0,1,0,5,8,3,15.333333333333304,0,12.7,3.7,-1.7,Matriculado,Matriculado,0,
Solteiro,Agronomia,Ensino Secundário,131.0,Português,134.5,0,0,1,Feminino,1,0,0,6,7,6,15.0,0,0,6,8,6,14.333333333333304,0,12.4,0.5,1.79,Graduado,Graduado,0,0
Solteiro,Higiene Oral,Ensino Secundário,136.0,Português,129.5,0,0,1,Feminino,0,0,0,7,9,7,15.1555555555555,0,0,8,8,8,16.8,0,12.7,3.7,-1.7,Graduado,Graduado,0,0
Solteiro,Serviço Social,Ensino Secundário,117.0,Português,113.2,0,1,1,Feminino,0,0,0,6,8,6,10.666666666666602,0,0,6,7,6,11.857142857142803,0,11.1,0.6,2.02,Graduado,Graduado,0,0
Solteiro,Ensino Básico,Ensino Secundário,158.0,Português,140.2,0,0,1,Feminino,0,0,0,6,9,5,11.0,0,0,6,9,4,11.25,0,10.8,1.4,1.74,Desistente,Desistente,1,1
Solteiro,Gestão de Publicidade e Marketing,Ensino Secundário,129.0,Português,119.2,0,0,1,Feminino,0,0,0,6,0,0,0.0,0,0,6,0,0,0.0,0,8.9,1.4,3.51,Desistente,Desistente,1,1
Solteiro,Serviço Social,Ensino Secundário,140.0,Português,140.7,0,0,1,Feminino,0,0,0,6,7,6,12.285714285714198,0,0,6,7,6,12.0,0,12.4,0.5,1.79,Graduado,Graduado,0,0
Solteiro,Enfermagem,Ensino Secundário,141.0,Português,142.3,0,0,1,Feminino,0,0,0,8,8,8,12.82875,0,0,8,8,8,12.82875,0,9.4,-0.8,-3.12,Desistente,Desistente,1,1
Solteiro,Jornalismo e Comunicação,Ensino Secundário,132.0,Italiano,129.9,0,0,1,Feminino,0,1,0,6,6,6,12.666666666666602,0,0,6,8,5,14.4,0,7.6,2.6,0.32,Graduado,Graduado,0,0
Solteiro,Design de Animação e Multimédia,Ensino Secundário,133.0,Português,134.8,0,0,1,Feminino,0,0,0,0,0,0,0.0,0,0,0,0,0,0.0,0,12.4,0.5,1.79,Matriculado,Matriculado,0,
Solteiro,Enfermagem Veterinária,Ensino Secundário,109.0,Português,104.1,0,1,0,Feminino,1,0,0,6,16,2,13.0,0,0,6,8,0,0.0,0,15.5,2.8,-4.06,Desistente,Desistente,1,1
Solteiro,Gestão,Ensino Secundário,135.0,Português,122.4,0,1,1,Feminino,0,0,0,5,10,5,10.875,0,0,5,8,4,12.4,0,13.9,-0.3,0.79,Graduado,Graduado,0,0
Solteiro,Gestão,Ensino Secundário,122.0,Português,120.6,0,0,1,Feminino,1,0,0,5,5,5,12.8,0,0,5,8,5,11.6,0,9.4,-0.8,-3.12,Graduado,Graduado,0,0
Solteiro,Serviço Social,Ensino Secundário,118.0,Português,112.4,0,0,1,Feminino,0,0,0,6,10,5,11.285714285714198,0,0,6,7,0,0.0,0,16.2,0.3,-0.92,Desistente,Desistente,1,1
Solteiro,Design de Animação e Multimédia,Ensino Secundário,174.0,Português,157.9,0,0,1,Feminino,0,0,0,0,0,0,0.0,0,0,0,0,0,0.0,0,13.9,-0.3,0.79,Graduado,Graduado,0,0
Solteiro,Turismo,Ensino Secundário,142.0,Português,125.9,0,0,1,Feminino,1,0,0,6,0,0,0.0,0,0,6,11,1,10.0,0,10.8,1.4,1.74,Desistente,Desistente,1,1
Solteiro,Enfermagem,Ensino Secundário,131.0,Português,118.4,0,0,1,Feminino,1,0,0,7,9,6,13.7666666666666,0,0,8,9,8,13.744444444444397,0,16.2,0.3,-0.92,Desistente,Desistente,1,1
Solteiro,Enfermagem,Ensino Secundário,139.0,Português,130.8,0,0,0,Feminino,0,0,0,8,9,6,12.758333333333303,1,0,8,9,6,12.758333333333303,1,9.4,-0.8,-3.12,Desistente,Desistente,1,1
Solteiro,Design de Animação e Multimédia,Ensino Secundário,170.0,Português,176.7,0,0,1,Feminino,1,0,0,0,0,0,0.0,0,0,0,0,0,0.0,0,11.1,0.6,2.02,Desistente,Desistente,1,1
Solteiro,Design de Comunicação,Ensino Secundário,182.0,Português,156.8,0,0,1,Feminino,0,0,0,6,6,6,12.666666666666602,0,0,6,8,6,13.25,0,10.8,1.4,1.74,Graduado,Graduado,0,0
Solteiro,Enfermagem Veterinária,Ensino Secundário,125.0,Português,126.8,0,0,1,Feminino,0,0,0,6,13,6,12.0,0,0,6,16,4,12.75,0,11.1,0.6,2.02,Matriculado,Matriculado,0,
Solteiro,Serviço Social,Ensino Secundário,142.0,Português,128.0,0,0,1,Feminino,1,0,0,6,8,6,12.25,0,0,6,8,6,12.0,0,16.2,0.3,-0.92,Graduado,Graduado,0,0
Solteiro,Gestão,Ensino Secundário,119.0,Português,113.8,0,0,1,Feminino,0,0,0,5,8,3,11.333333333333304,0,0,5,8,5,12.2,0,7.6,2.6,0.32,Graduado,Graduado,0,0
Solteiro,Enfermagem,Ensino Secundário,128.0,Português,120.8,0,0,1,Feminino,1,0,0,7,9,7,13.507142857142801,0,0,8,12,8,13.05,0,16.2,0.3,-0.92,Graduado,Graduado,0,0
Solteiro,Enfermagem,Ensino Secundário,150.0,Português,130.8,0,0,1,Feminino,0,0,0,8,8,7,13.6142857142857,0,0,8,8,7,13.6142857142857,0,12.7,3.7,-1.7,Graduado,Graduado,0,0
Solteiro,Turismo,Ensino Secundário,133.1,Português,101.0,0,1,1,Feminino,0,0,0,6,6,0,0.0,0,0,6,6,0,0.0,0,15.5,2.8,-4.06,Desistente,Desistente,1,1
Solteiro,Design de Comunicação,Ensino Secundário,131.0,Português,126.1,0,0,0,Feminino,0,0,0,6,9,4,11.5,1,0,6,6,6,12.166666666666602,0,7.6,2.6,0.32,Graduado,Graduado,0,0
Solteiro,Jornalismo e Comunicação,Ensino Secundário,118.0,Português,113.8,0,0,1,Feminino,0,0,0,6,7,6,12.333333333333304,0,0,6,7,6,12.5,0,8.9,1.4,3.51,Graduado,Graduado,0,0
Solteiro,Higiene Oral,Ensino Secundário,122.0,Português,118.3,0,0,1,Feminino,1,0,0,7,7,7,11.971428571428502,0,0,8,8,8,14.4375,0,15.5,2.8,-4.06,Graduado,Graduado,0,0
Solteiro,Gestão,Ensino Secundário,116.0,Português,127.9,0,1,0,Feminino,1,0,0,5,12,2,13.0,1,0,5,13,2,11.5,0,9.4,-0.8,-3.12,Desistente,Desistente,1,1
Solteiro,Enfermagem,Ensino Secundário,137.0,Português,131.1,0,0,1,Feminino,0,0,0,7,9,7,12.385714285714197,0,0,8,9,7,12.7285714285714,0,13.9,-0.3,0.79,Matriculado,Matriculado,0,
Solteiro,Enfermagem Veterinária,Ensino Secundário,128.0,Português,117.9,0,0,1,Feminino,0,0,0,5,12,2,13.5,0,0,5,12,5,11.285714285714198,1,10.8,1.4,1.74,Graduado,Graduado,0,0
Solteiro,Serviço Social,Ensino Secundário,123.0,Português,115.7,0,0,1,Feminino,0,0,0,6,8,6,12.166666666666602,0,0,6,7,6,13.285714285714198,0,11.1,0.6,2.02,Graduado,Graduado,0,0
Solteiro,Design de Animação e Multimédia,Ensino Secundário,133.1,Português,141.0,0,0,1,Feminino,0,0,0,0,0,0,0.0,0,0,0,0,0,0.0,0,12.7,3.7,-1.7,Graduado,Graduado,0,0
Casado,Serviço Social (prestação nocturna),Outro - 11º Ano de Escolaridade,110.0,Português,120.0,0,0,1,Feminino,0,0,0,6,6,6,11.666666666666602,0,0,6,6,6,13.6666666666666,0,10.8,1.4,1.74,Graduado,Graduado,0,0
Solteiro,Equincultura,Ensino Secundário,143.0,Português,131.8,0,1,0,Feminino,0,0,0,6,9,5,12.4,0,0,6,12,5,14.1666666666666,0,8.9,1.4,3.51,Matriculado,Matriculado,0,
Solteiro,Design de Comunicação,Ensino Secundário,150.0,Português,131.1,0,0,1,Feminino,1,0,0,6,7,5,13.4,0,0,6,6,6,12.833333333333304,0,15.5,2.8,-4.06,Graduado,Graduado,0,0
Solteiro,Turismo,Ensino Secundário,129.0,Português,117.8,0,0,1,Feminino,0,0,0,6,11,6,12.0,0,0,6,11,4,12.5,0,8.9,1.4,3.51,Graduado,Graduado,0,0
Solteiro,Enfermagem Veterinária,Ensino Secundário,140.0,Português,140.0,0,0,1,Feminino,0,0,0,5,6,5,14.2,0,0,5,5,5,14.8,0,10.8,1.4,1.74,Graduado,Graduado,0,0
Solteiro,Serviço Social,Ensino Secundário,133.1,Português,108.0,0,0,1,Feminino,1,0,0,6,8,6,12.125,0,0,6,7,6,14.428571428571399,0,16.2,0.3,-0.92,Graduado,Graduado,0,0
Solteiro,Ensino Básico,Ensino Secundário,132.0,Português,122.9,0,0,1,Feminino,0,0,0,7,7,7,13.8571428571428,0,0,7,7,7,13.285714285714198,0,11.1,0.6,2.02,Graduado,Graduado,0,0
Solteiro,Enfermagem Veterinária,Curso de Especialização Tecnológica,130.0,Português,130.0,0,0,1,Feminino,0,0,1,6,13,3,11.75,0,1,6,13,5,12.333333333333304,0,12.4,0.5,1.79,Matriculado,Matriculado,0,
Solteiro,Enfermagem,Ensino Secundário,137.0,Português,126.0,0,0,1,Feminino,0,0,0,7,9,7,14.283333333333303,0,0,8,9,8,13.125555555555499,0,15.5,2.8,-4.06,Graduado,Graduado,0,0
Solteiro,Serviço Social,Ensino Secundário,133.1,Português,134.0,0,0,1,Feminino,0,0,10,13,21,11,13.272727272727199,0,6,11,13,9,13.0,0,7.6,2.6,0.32,Graduado,Graduado,0,0
Solteiro,Design de Comunicação,Ensino Secundário,143.0,Português,134.3,1,0,1,Feminino,0,0,0,6,6,6,14.6666666666666,0,0,6,7,6,15.142857142857096,0,8.9,1.4,3.51,Graduado,Graduado,0,0
Solteiro,Enfermagem,Ensino Secundário,148.0,Português,138.7,0,0,1,Feminino,1,0,0,7,10,7,15.1149999999999,0,0,8,10,8,15.092000000000002,0,15.5,2.8,-4.06,Graduado,Graduado,0,0
Solteiro,Design de Animação e Multimédia,Ensino Secundário,137.0,Português,143.3,0,0,1,Feminino,0,0,0,0,0,0,0.0,0,0,0,0,0,0.0,0,9.4,-0.8,-3.12,Matriculado,Matriculado,0,
Solteiro,Enfermagem Veterinária,Curso de Especialização Tecnológica,160.0,Português,160.0,0,0,1,Feminino,0,0,1,6,13,6,15.0,0,1,6,7,6,13.142857142857096,0,16.2,0.3,-0.92,Graduado,Graduado,0,0
Solteiro,Ensino Básico,Ensino Secundário,112.0,Português,111.0,0,0,1,Feminino,0,0,0,6,8,5,13.2,0,0,6,9,5,14.333333333333304,0,9.4,-0.8,-3.12,Graduado,Graduado,0,0
Solteiro,Turismo,Ensino Secundário,133.0,Português,128.5,0,0,1,Feminino,1,0,0,6,14,2,11.0,0,0,6,14,3,10.333333333333304,0,7.6,2.6,0.32,Desistente,Desistente,1,1
Solteiro,Enfermagem,Ensino Secundário,142.0,Português,133.0,0,0,1,Feminino,1,0,0,8,8,7,14.565714285714199,0,0,8,8,7,14.565714285714199,0,10.8,1.4,1.74,Graduado,Graduado,0,0
Solteiro,Gestão de Publicidade e Marketing,Ensino Secundário,123.0,Português,114.6,0,1,0,Feminino,0,0,0,5,8,3,12.0,0,0,5,6,4,10.75,0,7.6,2.6,0.32,Desistente,Desistente,1,1
Solteiro,Serviço Social,Ensino Secundário,103.0,Português,104.1,0,0,1,Feminino,0,0,0,6,6,0,0.0,0,0,5,5,0,0.0,0,8.9,1.4,3.51,Desistente,Desistente,1,1
Solteiro,Enfermagem,Ensino Secundário,140.0,Português,127.6,0,0,1,Feminino,0,0,0,7,7,6,13.7966666666666,0,0,8,11,7,13.775,0,12.4,0.5,1.79,Graduado,Graduado,0,0
Solteiro,Jornalismo e Comunicação,Ensino Secundário,159.0,Português,151.0,0,0,1,Feminino,0,0,0,6,6,6,14.833333333333304,0,0,6,6,6,15.333333333333304,0,12.7,3.7,-1.7,Graduado,Graduado,0,0
Solteiro,Serviço Social,Curso de Especialização Tecnológica,140.0,Português,135.7,0,0,1,Feminino,0,0,3,6,6,6,12.833333333333304,0,2,6,6,6,13.833333333333304,0,12.4,0.5,1.79,Graduado,Graduado,0,0
Solteiro,Enfermagem,Ensino Secundário,148.0,Português,137.8,0,0,1,Feminino,1,0,0,8,8,7,14.962857142857098,0,0,8,8,7,14.962857142857098,0,10.8,1.4,1.74,Graduado,Graduado,0,0
Solteiro,Gestão,Ensino Secundário,112.0,Português,117.3,0,0,1,Feminino,0,0,0,5,8,4,12.0,0,0,5,8,5,11.2,0,11.1,0.6,2.02,Graduado,Graduado,0,0
Solteiro,Enfermagem,Ensino Secundário,131.0,Português,121.2,0,0,1,Feminino,0,0,0,7,8,7,12.4,0,0,8,9,8,12.8,0,16.2,0.3,-0.92,Graduado,Graduado,0,0
Solteiro,Gestão de Publicidade e Marketing,Ensino Secundário,145.0,Português,129.3,0,0,1,Feminino,0,0,0,6,7,6,15.571428571428504,0,0,6,6,6,17.1666666666666,0,16.2,0.3,-0.92,Graduado,Graduado,0,0
Solteiro,Enfermagem,Ensino Secundário,133.1,Português,123.0,0,0,1,Feminino,0,0,0,8,8,7,13.7142857142857,0,0,8,8,7,13.7142857142857,0,12.7,3.7,-1.7,Graduado,Graduado,0,0
Solteiro,Enfermagem Veterinária,Curso de Especialização Tecnológica,140.0,Português,140.0,0,0,1,Feminino,0,0,2,6,9,6,13.142857142857096,0,0,6,9,6,12.166666666666602,0,13.9,-0.3,0.79,Graduado,Graduado,0,0
Casado,Design de Comunicação,Ensino Superior - Mestrado (2º Ciclo),140.0,Português,140.0,0,0,1,Feminino,0,0,0,6,7,6,15.0,0,0,6,8,3,11.0,0,11.1,0.6,2.02,Graduado,Graduado,0,0
Solteiro,Enfermagem Veterinária,Ensino Secundário,150.0,Português,144.6,0,1,0,Feminino,0,0,0,5,6,1,13.0,0,0,5,5,0,0.0,0,7.6,2.6,0.32,Desistente,Desistente,1,1
Solteiro,Serviço Social,Ensino Secundário,120.0,Português,118.3,0,0,1,Feminino,1,0,8,11,12,11,12.0,0,6,11,14,11,12.75,0,13.9,-0.3,0.79,Graduado,Graduado,0,0
Solteiro,Design de Animação e Multimédia,Ensino Secundário,156.0,Português,153.6,0,0,1,Feminino,0,0,0,0,0,0,0.0,0,0,0,0,0,0.0,0,9.4,-0.8,-3.12,Graduado,Graduado,0,0
Solteiro,Design de Comunicação,Ensino Secundário,167.0,Português,158.3,0,0,1,Feminino,0,0,0,6,6,6,15.1666666666666,0,0,6,6,6,14.1666666666666,0,15.5,2.8,-4.06,Graduado,Graduado,0,0
Solteiro,Serviço Social (prestação nocturna),Frequência do Ensino Superior,133.1,Português,100.0,0,1,1,Feminino,0,0,1,6,9,4,12.0,0,1,6,13,2,10.5,0,7.6,2.6,0.32,Desistente,Desistente,1,1
Solteiro,Enfermagem,Ensino Secundário,147.0,Português,134.9,1,0,1,Feminino,0,0,0,7,7,7,13.642857142857096,0,0,8,11,8,14.772727272727195,0,16.2,0.3,-0.92,Graduado,Graduado,0,0
Solteiro,Jornalismo e Comunicação,Ensino Secundário,129.0,Português,142.0,0,0,1,Feminino,0,0,0,6,8,6,12.666666666666602,0,0,6,7,6,12.714285714285698,0,9.4,-0.8,-3.12,Graduado,Graduado,0,0
Solteiro,Design de Animação e Multimédia,Ensino Secundário,136.0,Português,127.3,0,0,1,Feminino,0,0,0,0,0,0,0.0,0,0,0,0,0,0.0,0,15.5,2.8,-4.06,Desistente,Desistente,1,1
Solteiro,Serviço Social,Ensino Secundário,128.0,Português,116.5,0,0,1,Feminino,1,0,0,6,8,5,10.8,0,0,6,9,6,10.5,0,12.4,0.5,1.79,Graduado,Graduado,0,0
Solteiro,Enfermagem,Ensino Secundário,140.0,Português,138.6,0,0,1,Feminino,1,0,0,7,9,6,14.25,0,0,8,11,8,13.0636363636363,0,16.2,0.3,-0.92,Graduado,Graduado,0,0
Solteiro,Ensino Básico,Ensino Secundário,141.0,Português,133.0,0,0,1,Feminino,0,0,6,14,22,12,12.153846153846095,0,5,12,18,10,12.9,0,10.8,1.4,1.74,Desistente,Desistente,1,1
Solteiro,Serviço Social,Ensino Secundário,133.0,Português,136.2,0,0,1,Feminino,0,0,0,6,14,1,11.5,0,0,6,12,2,10.5,0,7.6,2.6,0.32,Matriculado,Matriculado,0,
Solteiro,Turismo,Ensino Secundário,125.0,Português,118.0,0,0,1,Feminino,1,0,0,6,10,4,12.25,0,0,6,9,3,12.333333333333304,0,9.4,-0.8,-3.12,Graduado,Graduado,0,0
Solteiro,Design de Comunicação,Ensino Secundário,124.0,Português,126.8,0,0,1,Feminino,1,0,1,6,8,6,12.0,1,0,6,12,5,11.142857142857096,0,13.9,-0.3,0.79,Matriculado,Matriculado,0,
Solteiro,Enfermagem,Ensino Secundário,140.0,Português,128.5,0,0,1,Feminino,1,0,0,8,8,8,13.403749999999999,0,0,8,8,8,13.403749999999999,0,9.4,-0.8,-3.12,Graduado,Graduado,0,0
Solteiro,Turismo,Ensino Secundário,140.0,Português,129.9,0,0,1,Feminino,1,0,0,6,15,6,11.333333333333304,0,0,6,9,3,12.666666666666602,0,9.4,-0.8,-3.12,Graduado,Graduado,0,0
Solteiro,Jornalismo e Comunicação,Ensino Secundário,137.0,Português,125.8,0,1,1,Masculino,0,0,0,6,7,5,12.2,0,0,6,6,6,12.333333333333304,0,12.7,3.7,-1.7,Desistente,Desistente,1,1
Solteiro,Design de Animação e Multimédia,Ensino Secundário,144.0,Português,129.3,0,0,1,Masculino,1,0,0,0,0,0,0.0,0,0,0,0,0,0.0,0,7.6,2.6,0.32,Matriculado,Matriculado,0,
Solteiro,Enfermagem,Ensino Secundário,138.0,Português,124.7,0,0,1,Masculino,0,0,0,7,0,0,0.0,0,0,8,0,0,0.0,0,16.2,0.3,-0.92,Desistente,Desistente,1,1
Solteiro,Agronomia,Ensino Secundário,130.0,Português,154.9,0,1,0,Masculino,0,0,0,6,8,5,16.1666666666666,0,0,6,10,4,16.0,0,8.9,1.4,3.51,Desistente,Desistente,1,1
Solteiro,Engenharia Informática,Ensino Secundário,142.0,Português,127.3,0,0,1,Masculino,0,0,0,5,10,3,11.0,0,0,5,6,3,11.0,1,16.2,0.3,-0.92,Matriculado,Matriculado,0,
Solteiro,Design de Animação e Multimédia,Ensino Secundário,136.0,Português,129.0,0,0,1,Masculino,1,0,0,0,0,0,0.0,0,0,0,0,0,0.0,0,13.9,-0.3,0.79,Graduado,Graduado,0,0
Solteiro,Jornalismo e Comunicação,Ensino Secundário,133.1,Português,98.0,0,0,1,Masculino,1,0,0,6,8,4,12.0,0,0,6,8,6,12.285714285714198,0,15.5,2.8,-4.06,Matriculado,Matriculado,0,
Solteiro,Gestão,Ensino Secundário,130.0,Português,122.0,0,0,1,Masculino,0,0,0,5,8,2,10.5,0,0,5,11,4,12.25,0,10.8,1.4,1.74,Matriculado,Matriculado,0,
Solteiro,Design de Comunicação,Ensino Secundário,117.0,Português,112.5,0,0,1,Masculino,0,0,3,6,7,3,11.666666666666602,0,1,6,13,4,10.333333333333304,0,13.9,-0.3,0.79,Matriculado,Matriculado,0,
Solteiro,Gestão,Ensino Secundário,136.0,Português,127.3,0,0,1,Masculino,0,0,0,5,8,3,11.0,0,0,5,7,2,10.0,0,12.7,3.7,-1.7,Desistente,Desistente,1,1
Solteiro,Higiene Oral,Ensino Secundário,133.1,Português,100.5,0,0,1,Masculino,0,0,0,7,18,0,0.0,0,0,7,13,0,0.0,1,11.1,0.6,2.02,Desistente,Desistente,1,1
Solteiro,Serviço Social (prestação nocturna),Ensino Secundário,140.0,Português,122.0,0,1,0,Masculino,0,0,0,6,11,4,12.5,0,0,6,7,0,0.0,0,12.4,0.5,1.79,Desistente,Desistente,1,1
Solteiro,Enfermagem,Ensino Secundário,150.0,Português,140.0,0,0,1,Masculino,0,0,0,7,11,7,11.2944444444444,0,0,8,22,2,12.6,0,15.5,2.8,-4.06,Graduado,Graduado,0,0
Solteiro,Turismo,Ensino Secundário,121.0,Português,116.1,0,0,1,Masculino,0,0,0,6,8,5,11.2,0,0,6,11,4,12.5,0,15.5,2.8,-4.06,Graduado,Graduado,0,0
Casado,Design de Animação e Multimédia,Ensino Superior - Licenciatura,120.0,Português,130.0,0,0,1,Masculino,0,0,0,0,0,0,0.0,0,0,0,0,0,0.0,0,7.6,2.6,0.32,Desistente,Desistente,1,1
Solteiro,Design de Comunicação,Ensino Secundário,143.0,Português,146.2,0,0,1,Masculino,0,0,0,6,7,5,13.2,0,0,6,6,5,11.8,0,16.2,0.3,-0.92,Graduado,Graduado,0,0
Solteiro,Engenharia Informática,Curso de Especialização Tecnológica,180.0,Português,180.0,0,0,1,Masculino,1,0,3,7,12,6,14.142857142857096,0,1,6,10,6,14.125,0,12.4,0.5,1.79,Matriculado,Matriculado,0,
Solteiro,Gestão,Ensino Secundário,132.0,Português,127.8,0,0,0,Masculino,0,0,0,5,0,0,0.0,0,0,5,0,0,0.0,0,11.1,0.6,2.02,Desistente,Desistente,1,1
Solteiro,Gestão,Ensino Secundário,130.0,Português,130.8,0,0,1,Masculino,0,0,0,5,5,0,0.0,0,0,5,9,3,13.333333333333304,2,16.2,0.3,-0.92,Matriculado,Matriculado,0,
Solteiro,Gestão,Ensino Secundário,133.1,Português,109.0,0,0,1,Masculino,1,0,0,5,7,3,12.333333333333304,0,0,5,9,3,10.571428571428502,0,10.8,1.4,1.74,Matriculado,Matriculado,0,
Solteiro,Jornalismo e Comunicação,Ensino Secundário,131.0,Português,132.4,0,1,0,Masculino,0,0,0,6,6,0,0.0,0,0,6,0,0,0.0,0,11.1,0.6,2.02,Desistente,Desistente,1,1
Solteiro,Enfermagem,Ensino Secundário,149.0,Português,129.3,0,0,1,Masculino,0,0,0,8,8,7,13.1,0,0,8,8,7,13.1,0,12.7,3.7,-1.7,Graduado,Graduado,0,0
Solteiro,Design de Comunicação,Ensino Secundário,124.0,Português,125.4,0,0,1,Masculino,0,0,0,6,6,6,13.5,0,0,6,6,6,13.1666666666666,0,9.4,-0.8,-3.12,Graduado,Graduado,0,0
Solteiro,Engenharia Informática,Ensino Secundário,126.0,Português,130.2,0,0,1,Masculino,0,0,0,5,7,5,10.2,0,0,5,8,3,12.0,0,10.8,1.4,1.74,Matriculado,Matriculado,0,
Solteiro,Serviço Social,Ensino Secundário,140.0,Português,132.0,0,0,1,Masculino,0,0,0,6,10,5,11.571428571428502,0,0,6,10,3,13.0,0,16.2,0.3,-0.92,Desistente,Desistente,1,1
Solteiro,Agronomia,Curso de Especialização Tecnológica,170.0,Português,170.0,0,1,1,Masculino,0,0,0,6,7,6,15.285714285714198,0,0,6,6,6,15.1666666666666,0,12.4,0.5,1.79,Graduado,Graduado,0,0
Solteiro,Jornalismo e Comunicação,Ensino Secundário,133.0,Português,130.2,0,0,1,Masculino,0,0,0,6,9,5,12.6,0,6,10,16,8,11.0,1,8.9,1.4,3.51,Matriculado,Matriculado,0,
Solteiro,Higiene Oral,Ensino Secundário,126.0,Português,115.5,0,0,1,Masculino,0,0,0,7,11,6,13.433333333333303,0,0,7,10,4,13.6,0,8.9,1.4,3.51,Graduado,Graduado,0,0
Solteiro,Gestão,Ensino Secundário,129.0,Português,127.6,0,0,1,Masculino,0,0,0,5,8,5,11.6,0,0,5,9,3,11.0,0,10.8,1.4,1.74,Desistente,Desistente,1,1
Solteiro,Jornalismo e Comunicação,Ensino Superior - Mestrado (2º Ciclo),140.0,Português,140.0,0,0,1,Masculino,0,0,0,6,6,6,14.6666666666666,0,0,6,6,6,13.5,0,11.1,0.6,2.02,Graduado,Graduado,0,0
Solteiro,Design de Comunicação,Ensino Secundário,130.0,Português,120.2,0,0,1,Masculino,0,0,0,6,9,6,14.6666666666666,0,0,6,12,6,14.6666666666666,0,12.7,3.7,-1.7,Graduado,Graduado,0,0
Solteiro,Enfermagem,Ensino Secundário,130.0,Português,150.0,0,0,1,Masculino,0,0,0,8,8,7,12.742857142857096,0,0,8,8,7,12.742857142857096,0,12.7,3.7,-1.7,Graduado,Graduado,0,0
Solteiro,Enfermagem,Ensino Secundário,99.0,Português,100.0,0,0,1,Masculino,0,0,0,7,9,7,11.975,0,0,8,9,7,13.1285714285714,0,13.9,-0.3,0.79,Graduado,Graduado,0,0
Solteiro,Engenharia Informática,Ensino Secundário,146.0,Português,100.0,0,0,1,Masculino,0,0,0,5,9,4,12.25,0,0,5,11,3,11.666666666666602,0,13.9,-0.3,0.79,Matriculado,Matriculado,0,
Solteiro,Design de Animação e Multimédia,Ensino Secundário,129.0,Português,128.0,0,0,0,Masculino,0,0,0,0,0,0,0.0,0,0,0,0,0,0.0,0,9.4,-0.8,-3.12,Desistente,Desistente,1,1
Solteiro,Enfermagem,Ensino Secundário,132.0,Português,128.0,0,0,1,Masculino,1,0,0,8,8,7,14.935714285714198,0,0,8,8,7,14.935714285714198,0,10.8,1.4,1.74,Graduado,Graduado,0,0
Solteiro,Turismo,Ensino Secundário,110.0,Português,107.2,0,0,1,Masculino,0,0,1,6,16,2,10.5,0,0,6,15,4,10.0,0,7.6,2.6,0.32,Desistente,Desistente,1,1
Solteiro,Gestão de Publicidade e Marketing,Ensino Secundário,116.0,Português,110.1,0,0,1,Masculino,0,0,0,6,9,5,13.333333333333304,0,0,6,6,5,13.0,0,12.4,0.5,1.79,Graduado,Graduado,0,0
Solteiro,Agronomia,Ensino Secundário,119.0,Português,119.0,0,1,1,Masculino,0,0,0,6,6,0,0.0,0,0,6,8,0,0.0,0,15.5,2.8,-4.06,Desistente,Desistente,1,1
Casado,Jornalismo e Comunicação,Ensino Secundário,120.0,Português,155.5,0,0,1,Masculino,0,0,0,6,12,5,13.8,0,0,6,13,4,14.0,0,12.7,3.7,-1.7,Desistente,Desistente,1,1
Solteiro,Design de Comunicação,Ensino Secundário,117.0,Português,118.4,0,0,1,Masculino,0,0,0,6,6,6,11.833333333333304,0,0,6,8,4,10.75,2,16.2,0.3,-0.92,Graduado,Graduado,0,0
Solteiro,Design de Animação e Multimédia,Ensino Secundário,137.0,Português,141.2,0,0,1,Masculino,0,0,0,0,0,0,0.0,0,0,0,0,0,0.0,0,11.1,0.6,2.02,Graduado,Graduado,0,0
Solteiro,Design de Animação e Multimédia,Ensino Secundário,124.0,Português,119.1,0,0,1,Masculino,0,0,0,0,0,0,0.0,0,0,0,0,0,0.0,0,16.2,0.3,-0.92,Desistente,Desistente,1,1
Solteiro,Gestão,Ensino Secundário,151.0,Português,111.0,0,0,1,Masculino,0,0,0,5,9,2,10.0,0,0,5,9,0,0.0,0,15.5,2.8,-4.06,Desistente,Desistente,1,1
Solteiro,Turismo,Frequência do Ensino Superior,138.6,Português,138.6,0,0,1,Masculino,0,0,0,6,10,4,11.5,0,0,6,11,3,11.666666666666602,0,7.6,2.6,0.32,Desistente,Desistente,1,1
Solteiro,Turismo,Ensino Secundário,118.0,Português,121.2,0,0,1,Masculino,1,0,0,6,12,3,10.666666666666602,0,0,6,9,4,12.0,0,15.5,2.8,-4.06,Matriculado,Matriculado,0,
Solteiro,Design de Animação e Multimédia,Ensino Secundário,136.0,Português,150.4,0,0,1,Masculino,1,0,0,0,0,0,0.0,0,0,0,0,0,0.0,0,12.4,0.5,1.79,Graduado,Graduado,0,0
Solteiro,Turismo,Ensino Secundário,123.0,Português,117.8,0,0,1,Masculino,0,0,0,6,10,4,12.75,0,0,6,12,2,13.0,0,10.8,1.4,1.74,Matriculado,Matriculado,0,
Solteiro,Turismo,Ensino Básico (3º Ciclo),133.1,Português,102.5,0,1,0,Masculino,0,0,0,6,7,0,0.0,0,0,6,7,0,0.0,0,16.2,0.3,-0.92,Desistente,Desistente,1,1
Solteiro,Equincultura,Ensino Secundário,130.0,Português,110.0,0,0,1,Masculino,0,0,0,6,11,6,11.333333333333304,0,0,6,12,3,11.333333333333304,0,16.2,0.3,-0.92,Matriculado,Matriculado,0,
Solteiro,Enfermagem Veterinária,Outro - 11º Ano de Escolaridade,133.1,Português,138.3,0,1,0,Masculino,0,0,0,6,6,0,0.0,0,0,6,6,0,0.0,0,8.9,1.4,3.51,Matriculado,Matriculado,0,
Solteiro,Turismo,Ensino Secundário,150.0,Português,122.3,0,0,1,Masculino,0,0,0,6,10,6,13.0,0,0,6,8,5,12.2,0,13.9,-0.3,0.79,Graduado,Graduado,0,0
Casado,Gestão (presencial noturno),Ensino Secundário,130.0,Português,127.8,0,0,1,Masculino,0,0,0,5,7,4,10.75,0,0,5,7,3,11.333333333333304,0,7.6,2.6,0.32,Matriculado,Matriculado,0,
Solteiro,Engenharia Informática,Ensino Secundário,128.0,Português,100.0,0,0,1,Masculino,0,0,0,5,8,5,12.0,0,0,5,12,2,10.5,0,13.9,-0.3,0.79,Matriculado,Matriculado,0,
Solteiro,Enfermagem,Ensino Secundário,133.0,Português,126.4,0,0,1,Masculino,1,0,0,7,7,7,13.462857142857098,0,0,8,8,8,13.90625,0,11.1,0.6,2.02,Graduado,Graduado,0,0
Solteiro,Turismo,Ensino Básico (3º Ciclo),133.1,Português,100.0,0,0,1,Masculino,0,0,0,6,13,3,10.0,0,0,6,15,1,10.0,0,7.6,2.6,0.32,Desistente,Desistente,1,1
Solteiro,Serviço Social,Ensino Secundário,129.0,Português,117.1,0,0,1,Masculino,0,0,0,6,6,6,12.333333333333304,0,0,6,7,6,13.6666666666666,0,8.9,1.4,3.51,Graduado,Graduado,0,0
Solteiro,Enfermagem,Ensino Secundário,128.0,Português,124.7,0,0,1,Masculino,1,0,0,7,11,6,12.5285714285714,0,0,7,10,6,12.416666666666602,0,15.5,2.8,-4.06,Matriculado,Matriculado,0,
Solteiro,Enfermagem,Ensino Secundário,136.0,Português,124.1,0,0,1,Masculino,1,0,0,8,8,0,0.0,8,0,8,8,0,0.0,8,9.4,-0.8,-3.12,Matriculado,Matriculado,0,
Solteiro,Engenharia Informática,Ensino Secundário,130.0,Português,129.4,0,1,0,Masculino,0,0,0,5,6,0,0.0,0,0,5,7,0,0.0,0,13.9,-0.3,0.79,Desistente,Desistente,1,1
Solteiro,Equincultura,Ensino Secundário,141.0,Português,138.9,0,0,1,Masculino,0,0,0,5,5,5,13.6,0,0,5,6,4,13.25,1,10.8,1.4,1.74,Graduado,Graduado,0,0
Solteiro,Serviço Social,Curso de Especialização Tecnológica,140.0,Português,138.6,0,0,1,Masculino,0,0,3,6,7,6,12.333333333333304,0,2,6,6,2,14.0,0,13.9,-0.3,0.79,Desistente,Desistente,1,1
Solteiro,Design de Animação e Multimédia,Ensino Secundário,122.0,Português,133.9,0,0,1,Masculino,0,0,9,13,16,10,11.454545454545398,0,5,11,13,7,12.25,0,12.4,0.5,1.79,Desistente,Desistente,1,1
Solteiro,Enfermagem Veterinária,Ensino Superior - Licenciatura (1º Ciclo),140.0,Português,140.0,0,1,1,Masculino,0,0,8,13,13,8,13.5,2,5,11,12,5,14.4,0,11.1,0.6,2.02,Desistente,Desistente,1,1
Solteiro,Engenharia Informática,Outro - 11º Ano de Escolaridade,133.1,Português,95.1,0,0,0,Masculino,0,0,0,5,5,0,0.0,0,0,5,6,0,0.0,0,10.8,1.4,1.74,Desistente,Desistente,1,1
Solteiro,Gestão (presencial noturno),Ensino Secundário,120.0,Português,128.2,0,0,0,Masculino,0,0,0,5,5,2,11.0,0,0,5,0,0,0.0,0,12.7,3.7,-1.7,Desistente,Desistente,1,1
Solteiro,Turismo,Ensino Secundário,133.1,Português,121.5,0,0,1,Masculino,0,0,0,6,9,6,13.7142857142857,0,0,6,13,5,14.333333333333304,0,16.2,0.3,-0.92,Desistente,Desistente,1,1
Solteiro,Tecnologias de Produção de Biocombustíveis,Ensino Superior - Licenciatura (1º Ciclo),120.0,Português,120.0,0,1,0,Masculino,0,0,18,21,26,21,12.3636363636363,0,12,16,21,12,12.25,1,11.1,0.6,2.02,Desistente,Desistente,1,1
Solteiro,Agronomia,Curso de Especialização Tecnológica,130.0,Português,130.0,0,0,1,Masculino,0,0,1,7,13,3,10.666666666666602,0,0,6,14,2,11.5,0,15.5,2.8,-4.06,Matriculado,Matriculado,0,
Solteiro,Design de Comunicação,Ensino Superior - Licenciatura,120.0,Português,120.0,0,0,1,Masculino,0,0,0,6,9,2,12.0,0,0,6,10,3,12.666666666666602,0,12.7,3.7,-1.7,Desistente,Desistente,1,1
Casado,Serviço Social (prestação nocturna),Ensino Básico (3º Ciclo),133.1,Português,107.0,0,0,1,Masculino,0,0,1,7,7,7,12.857142857142804,0,0,6,6,6,13.1666666666666,0,12.7,3.7,-1.7,Graduado,Graduado,0,0
Solteiro,Gestão de Publicidade e Marketing,Ensino Secundário,122.0,Português,116.1,0,0,1,Masculino,1,0,0,6,10,6,13.125,0,0,6,9,6,12.714285714285698,0,11.1,0.6,2.02,Matriculado,Matriculado,0,
Solteiro,Gestão,Ensino Secundário,123.0,Português,114.4,0,0,1,Masculino,0,0,0,5,6,0,0.0,0,0,5,8,2,11.5,0,15.5,2.8,-4.06,Desistente,Desistente,1,1
Solteiro,Turismo,Ensino Secundário,178.0,Português,157.7,0,0,1,Masculino,0,0,0,6,13,2,13.5,0,0,6,6,0,0.0,0,15.5,2.8,-4.06,Desistente,Desistente,1,1
Solteiro,Agronomia,Ensino Secundário,130.0,Português,150.0,0,1,0,Masculino,0,0,5,11,14,11,15.090909090908998,0,5,10,11,10,15.0,0,11.1,0.6,2.02,Desistente,Desistente,1,1
Solteiro,Ensino Básico,Ensino Secundário,110.0,Português,114.3,0,0,1,Masculino,0,0,0,6,9,5,12.4,0,0,6,10,5,11.8,0,7.6,2.6,0.32,Matriculado,Matriculado,0,
Solteiro,Enfermagem Veterinária,Ensino Secundário,106.0,Português,104.6,0,0,0,Masculino,0,0,0,6,10,5,14.0,0,0,6,11,4,14.8,0,11.1,0.6,2.02,Matriculado,Matriculado,0,
Solteiro,Agronomia,Ensino Superior - Licenciatura,140.0,Português,140.0,0,0,1,Masculino,0,0,2,6,8,2,13.5,0,1,6,9,1,13.0,0,15.5,2.8,-4.06,Desistente,Desistente,1,1
Solteiro,Gestão,Ensino Secundário,108.0,Português,109.1,0,0,1,Masculino,0,0,0,5,5,0,0.0,0,0,5,5,0,0.0,0,12.4,0.5,1.79,Desistente,Desistente,1,1
Solteiro,Enfermagem,Ensino Secundário,120.0,Português,120.6,0,0,1,Masculino,0,0,0,7,12,4,12.65,0,0,7,10,3,10.666666666666602,0,16.2,0.3,-0.92,Desistente,Desistente,1,1
Casado,Gestão (presencial noturno),Ensino Secundário,100.0,Português,161.9,0,0,1,Masculino,0,0,0,5,7,0,0.0,0,0,5,7,0,0.0,0,16.2,0.3,-0.92,Desistente,Desistente,1,1
Casado,Gestão (presencial noturno),Ensino Superior - Licenciatura,140.0,Português,140.0,0,0,0,Masculino,0,0,0,5,5,0,0.0,0,0,5,5,0,0.0,0,7.6,2.6,0.32,Desistente,Desistente,1,1
Solteiro,Design de Comunicação,Ensino Secundário,133.1,Português,178.0,0,0,1,Masculino,1,0,0,6,8,6,13.333333333333304,0,0,6,7,5,12.8,0,9.4,-0.8,-3.12,Graduado,Graduado,0,0
Casado,Gestão (presencial noturno),Ensino Básico (3º Ciclo),133.1,Português,138.3,0,0,1,Masculino,0,0,0,5,9,3,11.333333333333304,0,0,5,8,5,11.142857142857096,0,13.9,-0.3,0.79,Desistente,Desistente,1,1
Casado,Serviço Social (prestação nocturna),Ensino Secundário,140.0,Português,128.0,0,0,1,Masculino,0,0,0,6,0,0,0.0,0,0,6,0,0,0.0,0,9.4,-0.8,-3.12,Desistente,Desistente,1,1
Casado,Design de Animação e Multimédia,Ensino Básico (3º Ciclo),100.0,Português,139.0,0,0,1,Masculino,0,0,0,0,0,0,0.0,0,0,0,0,0,0.0,0,10.8,1.4,1.74,Desistente,Desistente,1,1
Solteiro,Gestão (presencial noturno),Ensino Secundário,123.0,Português,113.2,0,0,0,Masculino,0,0,0,5,7,3,11.666666666666602,0,0,5,8,2,10.5,2,7.6,2.6,0.32,Desistente,Desistente,1,1
Casado,Serviço Social (prestação nocturna),Ensino Básico (3º Ciclo),133.1,Português,139.0,0,0,1,Masculino,0,0,0,6,8,6,12.166666666666602,0,0,6,8,6,14.428571428571399,0,12.4,0.5,1.79,Graduado,Graduado,0,0
Solteiro,Jornalismo e Comunicação,Ensino Secundário,135.0,Português,110.0,0,0,1,Masculino,0,0,0,6,7,6,13.333333333333304,0,0,6,6,4,12.75,0,11.1,0.6,2.02,Graduado,Graduado,0,0
Solteiro,Design de Comunicação,Ensino Secundário,132.0,Português,136.6,0,0,1,Masculino,0,0,0,6,7,5,11.4,0,0,6,10,3,11.0,3,7.6,2.6,0.32,Matriculado,Matriculado,0,
Casado,Serviço Social (prestação nocturna),Ensino Secundário,120.0,Português,161.1,0,0,1,Masculino,0,0,0,6,9,6,12.142857142857096,0,0,6,6,0,0.0,0,16.2,0.3,-0.92,Desistente,Desistente,1,1
Solteiro,Agronomia,Ensino Secundário,130.0,Português,130.0,0,0,1,Masculino,0,0,9,18,36,17,13.058823529411697,1,6,12,15,12,12.307692307692301,0,15.5,2.8,-4.06,Graduado,Graduado,0,0
Solteiro,Agronomia,Curso de Especialização Tecnológica,140.0,Português,140.0,0,0,1,Masculino,0,0,0,6,13,4,11.75,0,0,6,15,4,10.5,0,15.5,2.8,-4.06,Matriculado,Matriculado,0,
Solteiro,Turismo,Ensino Secundário,133.1,Português,121.0,0,1,0,Masculino,0,0,0,6,9,5,11.833333333333304,0,0,6,8,5,10.0,0,8.9,1.4,3.51,Desistente,Desistente,1,1
Solteiro,Serviço Social,Curso de Especialização Tecnológica,120.0,Português,118.6,0,0,1,Masculino,0,0,9,11,14,10,12.4,0,6,10,13,10,11.8,0,13.9,-0.3,0.79,Graduado,Graduado,0,0
Solteiro,Design de Comunicação,Ensino Secundário,140.0,Português,138.3,0,0,1,Masculino,0,0,1,6,8,6,13.428571428571399,1,0,6,12,4,11.5,0,13.9,-0.3,0.79,Matriculado,Matriculado,0,
Casado,Gestão,Ensino Secundário,133.1,Português,115.8,0,0,0,Masculino,0,0,0,5,5,0,0.0,0,0,5,9,0,0.0,0,10.8,1.4,1.74,Desistente,Desistente,1,1
Solteiro,Gestão (presencial noturno),Ensino Secundário,120.0,Português,160.0,0,0,1,Masculino,0,0,0,5,5,5,11.0,0,0,5,5,5,13.4,0,15.5,2.8,-4.06,Graduado,Graduado,0,0
Solteiro,Turismo,Ensino Secundário,125.0,Português,114.5,0,0,1,Masculino,1,0,0,6,8,6,13.625,0,0,6,8,6,14.428571428571399,0,11.1,0.6,2.02,Graduado,Graduado,0,0
Solteiro,Engenharia Informática,Ensino Secundário,136.0,Português,117.5,0,0,1,Masculino,0,0,2,5,6,4,11.8,0,0,5,7,2,11.5,0,15.5,2.8,-4.06,Matriculado,Matriculado,0,
Solteiro,Gestão (presencial noturno),Ensino Secundário,133.1,Português,121.7,0,0,1,Masculino,0,0,0,5,5,0,0.0,0,0,5,7,0,0.0,0,13.9,-0.3,0.79,Desistente,Desistente,1,1
Solteiro,Engenharia Informática,Ensino Secundário,120.0,Português,115.0,0,0,1,Masculino,0,0,1,6,9,2,15.0,0,1,6,7,2,13.5,0,15.5,2.8,-4.06,Desistente,Desistente,1,1
Solteiro,Serviço Social,Ensino Secundário,127.0,Português,125.3,0,0,1,Masculino,0,0,0,6,9,5,10.8,0,0,6,11,5,11.0,0,7.6,2.6,0.32,Graduado,Graduado,0,0
Solteiro,Gestão,Ensino Secundário,131.0,Português,131.0,0,0,1,Masculino,0,0,0,5,11,3,13.6666666666666,0,0,5,10,3,11.333333333333304,0,9.4,-0.8,-3.12,Desistente,Desistente,1,1
Solteiro,Jornalismo e Comunicação,Ensino Secundário,127.0,Português,126.3,0,0,1,Masculino,0,0,0,6,8,6,12.833333333333304,0,0,6,8,6,13.333333333333304,0,15.5,2.8,-4.06,Graduado,Graduado,0,0
Solteiro,Design de Animação e Multimédia,Ensino Secundário,132.0,Português,127.1,0,0,0,Masculino,0,0,0,0,0,0,0.0,0,0,0,0,0,0.0,0,7.6,2.6,0.32,Desistente,Desistente,1,1
Solteiro,Gestão de Publicidade e Marketing,Ensino Secundário,137.0,Português,138.4,0,0,1,Masculino,0,0,0,6,8,6,15.125,0,0,6,7,6,13.428571428571399,0,11.1,0.6,2.02,Graduado,Graduado,0,0
Solteiro,Gestão,Ensino Secundário,126.0,Português,100.0,0,0,1,Masculino,0,0,0,5,11,0,0.0,0,0,5,7,1,10.0,1,16.2,0.3,-0.92,Desistente,Desistente,1,1
Solteiro,Serviço Social,Ensino Secundário,136.0,Português,126.2,0,0,1,Masculino,0,0,0,6,10,5,11.4,0,0,6,8,5,11.0,0,10.8,1.4,1.74,Graduado,Graduado,0,0
Solteiro,Serviço Social,Ensino Secundário,124.0,Português,118.8,0,0,1,Masculino,0,0,0,6,12,4,12.25,0,0,6,9,6,11.0,0,9.4,-0.8,-3.12,Graduado,Graduado,0,0
Solteiro,Turismo,Curso de Especialização Tecnológica,137.0,Português,124.5,0,0,0,Masculino,0,0,0,6,0,0,0.0,0,0,6,0,0,0.0,0,16.2,0.3,-0.92,Desistente,Desistente,1,1
Solteiro,Engenharia Informática,Curso de Especialização Tecnológica,140.0,Português,140.0,0,0,1,Masculino,0,0,3,7,12,3,14.0,0,1,6,12,1,14.0,0,12.4,0.5,1.79,Matriculado,Matriculado,0,
Solteiro,Design de Comunicação,Ensino Secundário,131.0,Português,125.1,0,0,1,Masculino,0,0,0,6,7,6,12.333333333333304,0,0,6,10,5,10.8,4,16.2,0.3,-0.92,Matriculado,Matriculado,0,
Solteiro,Gestão,Ensino Secundário,130.0,Português,118.8,0,1,1,Masculino,1,0,0,5,8,5,10.666666666666602,0,0,5,11,2,11.0,0,15.5,2.8,-4.06,Matriculado,Matriculado,0,
Solteiro,Engenharia Informática,Ensino Secundário,136.0,Português,125.2,0,0,1,Masculino,0,0,0,5,9,5,11.833333333333304,0,0,5,9,5,14.714285714285703,0,12.4,0.5,1.79,Matriculado,Matriculado,0,
Solteiro,Design de Comunicação,Ensino Secundário,110.0,Português,107.6,0,0,1,Masculino,1,0,0,6,6,6,11.666666666666602,0,0,6,6,6,12.166666666666602,0,7.6,2.6,0.32,Matriculado,Matriculado,0,
Solteiro,Equincultura,Ensino Superior - Licenciatura,140.0,Português,140.0,0,0,0,Masculino,0,0,2,5,7,2,13.0,0,0,5,5,0,0.0,0,12.7,3.7,-1.7,Desistente,Desistente,1,1
Divorciado,Gestão (presencial noturno),Ensino Básico (2º Ciclo),133.1,Português,125.4,0,0,1,Masculino,0,0,0,2,5,0,0.0,0,0,4,4,0,0.0,0,10.8,1.4,1.74,Desistente,Desistente,1,1
Solteiro,Enfermagem,Ensino Secundário,141.0,Português,128.0,0,0,1,Masculino,0,0,0,8,8,0,0.0,3,0,8,8,0,0.0,3,10.8,1.4,1.74,Desistente,Desistente,1,1
Solteiro,Engenharia Informática,Ensino Secundário,130.0,Português,129.3,0,0,1,Masculino,1,0,0,5,5,5,13.0,0,0,5,5,5,14.2,0,8.9,1.4,3.51,Graduado,Graduado,0,0
Solteiro,Serviço Social,Ensino Secundário,160.0,Português,152.0,0,0,1,Masculino,1,0,0,6,7,6,13.8571428571428,0,0,6,6,6,14.0,0,13.9,-0.3,0.79,Graduado,Graduado,0,0
Solteiro,Enfermagem,Ensino Secundário,140.0,Português,128.8,0,0,1,Masculino,0,0,0,7,7,6,13.3916666666666,0,0,8,8,8,12.4875,0,12.4,0.5,1.79,Graduado,Graduado,0,0
Solteiro,Gestão,Ensino Secundário,150.0,Português,152.8,0,0,1,Masculino,1,0,0,5,7,4,12.75,0,0,5,5,0,0.0,0,7.6,2.6,0.32,Desistente,Desistente,1,1
Solteiro,Equincultura,Curso de Especialização Tecnológica,150.0,Português,150.0,0,0,1,Masculino,0,0,0,5,7,4,14.5,0,0,5,5,5,14.6,0,10.8,1.4,1.74,Graduado,Graduado,0,0
Solteiro,Serviço Social,Ensino Secundário,133.1,Português,112.0,0,0,1,Masculino,0,0,0,6,7,6,12.166666666666602,0,0,6,6,6,12.166666666666602,0,12.4,0.5,1.79,Graduado,Graduado,0,0
Solteiro,Equincultura,Ensino Secundário,152.0,Português,135.6,0,0,1,Masculino,0,0,0,5,5,5,15.4,0,0,5,5,5,15.6,0,12.7,3.7,-1.7,Desistente,Desistente,1,1
Solteiro,Engenharia Informática,Ensino Básico (3º Ciclo),133.1,Português,134.4,0,1,0,Masculino,0,0,0,5,9,2,13.333333333333304,0,0,5,9,2,16.0,4,16.2,0.3,-0.92,Desistente,Desistente,1,1
Solteiro,Gestão (presencial noturno),Ensino Secundário,130.0,Português,120.5,0,0,1,Masculino,0,0,0,5,5,0,0.0,0,0,5,5,0,0.0,0,12.7,3.7,-1.7,Desistente,Desistente,1,1
Solteiro,Design de Comunicação,Ensino Secundário,148.0,Português,141.4,0,0,1,Masculino,0,0,0,6,0,0,0.0,0,0,6,0,0,0.0,0,15.5,2.8,-4.06,Desistente,Desistente,1,1
Solteiro,Turismo,Ensino Secundário,148.0,Português,145.2,0,0,1,Masculino,0,0,0,6,7,6,13.7142857142857,0,0,6,8,6,14.714285714285703,0,16.2,0.3,-0.92,Graduado,Graduado,0,0
Divorciado,Serviço Social,Ensino Secundário,130.0,Português,140.0,0,0,1,Masculino,0,0,0,6,7,4,12.25,0,0,6,7,0,0.0,0,8.9,1.4,3.51,Desistente,Desistente,1,1
Solteiro,Design de Comunicação,Ensino Secundário,160.0,Português,100.0,0,0,1,Masculino,0,0,1,6,9,5,16.0,1,0,6,11,4,16.5,0,13.9,-0.3,0.79,Matriculado,Matriculado,0,
Casado,Gestão (presencial noturno),Ensino Secundário,130.0,Português,140.0,0,0,1,Masculino,0,0,0,5,8,1,11.0,0,0,5,5,1,13.0,0,9.4,-0.8,-3.12,Desistente,Desistente,1,1
Solteiro,Enfermagem,Ensino Secundário,110.0,Português,126.0,0,0,1,Masculino,0,0,0,7,7,7,14.085714285714198,0,0,7,7,7,14.085714285714198,0,7.6,2.6,0.32,Matriculado,Matriculado,0,
Solteiro,Serviço Social,Ensino Secundário,122.0,Português,112.6,0,0,1,Masculino,0,0,0,6,9,6,10.166666666666604,0,0,6,10,6,10.5,0,12.7,3.7,-1.7,Graduado,Graduado,0,0
Casado,Engenharia Informática,Ensino Secundário,110.0,Português,106.8,0,0,1,Masculino,0,0,0,5,8,1,10.0,0,0,5,9,0,0.0,0,8.9,1.4,3.51,Desistente,Desistente,1,1
Solteiro,Engenharia Informática,Ensino Secundário,129.0,Português,121.6,0,0,1,Masculino,0,0,0,5,10,0,0.0,0,0,5,7,1,10.0,0,7.6,2.6,0.32,Matriculado,Matriculado,0,
Casado,Gestão (presencial noturno),Ensino Secundário,110.0,Português,120.0,0,0,0,Masculino,0,0,0,5,10,2,10.5,0,0,5,5,3,10.666666666666602,0,9.4,-0.8,-3.12,Desistente,Desistente,1,1
Solteiro,Design de Animação e Multimédia,Ensino Secundário,170.0,Português,160.6,0,0,1,Masculino,1,0,0,0,0,0,0.0,0,0,0,0,0,0.0,0,12.7,3.7,-1.7,Graduado,Graduado,0,0
Casado,Design de Comunicação,Outro - 11º Ano de Escolaridade,110.0,Português,130.0,0,1,0,Masculino,1,0,0,6,6,0,0.0,0,0,6,6,0,0.0,0,15.5,2.8,-4.06,Desistente,Desistente,1,1
Solteiro,Serviço Social (prestação nocturna),Ensino Secundário,110.0,Português,110.0,0,0,1,Masculino,0,0,0,6,12,0,0.0,0,0,5,10,0,0.0,0,7.6,2.6,0.32,Desistente,Desistente,1,1
Solteiro,Agronomia,Ensino Secundário,133.1,Português,110.0,0,0,1,Masculino,0,0,0,6,8,0,0.0,0,0,6,10,0,0.0,0,16.2,0.3,-0.92,Desistente,Desistente,1,1
Solteiro,Agronomia,Ensino Secundário,133.1,Português,145.8,0,0,1,Masculino,0,0,0,6,15,5,13.333333333333304,0,0,6,15,5,12.4,0,12.4,0.5,1.79,Graduado,Graduado,0,0
Solteiro,Design de Animação e Multimédia,Ensino Secundário,126.0,Português,130.2,0,0,1,Masculino,1,0,0,0,0,0,0.0,0,0,0,0,0,0.0,0,9.4,-0.8,-3.12,Desistente,Desistente,1,1
Solteiro,Gestão de Publicidade e Marketing,Ensino Secundário,137.0,Português,122.3,0,0,1,Masculino,1,0,0,6,7,6,13.571428571428504,0,0,6,6,6,14.333333333333304,0,12.4,0.5,1.79,Graduado,Graduado,0,0
Solteiro,Design de Comunicação,Ensino Secundário,117.0,Português,125.4,0,0,1,Masculino,1,0,0,6,6,6,12.833333333333304,0,0,6,7,6,11.166666666666602,0,11.1,0.6,2.02,Graduado,Graduado,0,0
Solteiro,Gestão (presencial noturno),Ensino Secundário,100.0,Português,130.0,0,0,1,Masculino,0,0,1,5,6,4,10.25,0,3,8,18,5,11.2,5,15.5,2.8,-4.06,Desistente,Desistente,1,1
Solteiro,Equincultura,Ensino Secundário,120.0,Português,150.0,0,0,1,Masculino,0,0,0,6,6,0,0.0,0,0,6,6,0,0.0,0,12.4,0.5,1.79,Desistente,Desistente,1,1
Solteiro,Engenharia Informática,Ensino Secundário,126.0,Português,116.9,0,1,1,Masculino,0,0,0,5,5,4,14.5,0,0,6,8,3,13.333333333333304,0,11.1,0.6,2.02,Desistente,Desistente,1,1
Solteiro,Engenharia Informática,Ensino Secundário,122.0,Português,114.7,0,0,1,Masculino,0,0,0,5,6,5,15.8,0,0,5,8,5,13.7142857142857,0,11.1,0.6,2.02,Matriculado,Matriculado,0,
Solteiro,Agronomia,Ensino Secundário,111.0,Português,95.8,0,0,0,Masculino,0,0,0,6,0,0,0.0,0,0,6,0,0,0.0,0,15.5,2.8,-4.06,Desistente,Desistente,1,1
Solteiro,Engenharia Informática,Ensino Secundário,139.0,Português,133.1,0,0,1,Masculino,0,0,0,5,8,4,12.5,0,0,5,7,3,14.6666666666666,1,7.6,2.6,0.32,Matriculado,Matriculado,0,
Solteiro,Agronomia,Ensino Secundário,150.0,Português,150.0,0,0,1,Masculino,0,0,16,18,22,18,11.666666666666602,0,12,13,13,12,11.5,1,15.5,2.8,-4.06,Graduado,Graduado,0,0
Solteiro,Gestão (presencial noturno),Ensino Secundário,116.0,Português,118.5,0,0,1,Masculino,0,0,0,5,6,4,13.0,0,0,5,5,5,13.0,0,7.6,2.6,0.32,Graduado,Graduado,0,0
Solteiro,Enfermagem,Ensino Secundário,130.0,Português,131.1,0,0,1,Masculino,0,0,0,7,8,7,12.121428571428503,0,0,9,12,8,11.50625,0,12.4,0.5,1.79,Graduado,Graduado,0,0
Solteiro,Enfermagem Veterinária,Curso Técnico Superior Profissional,150.0,Português,150.3,0,0,1,Masculino,1,0,7,11,15,9,14.2222222222222,0,4,9,15,7,13.75,0,8.9,1.4,3.51,Graduado,Graduado,0,0
Solteiro,Gestão de Publicidade e Marketing,Ensino Secundário,132.0,Português,120.5,0,0,1,Masculino,0,0,0,6,17,4,12.5,0,0,6,8,4,13.25,0,13.9,-0.3,0.79,Matriculado,Matriculado,0,
Solteiro,Engenharia Informática,Ensino Secundário,108.0,Português,105.6,0,0,1,Masculino,0,0,0,5,7,5,12.166666666666602,0,0,5,7,5,15.285714285714198,0,12.4,0.5,1.79,Graduado,Graduado,0,0
Solteiro,Gestão de Publicidade e Marketing,Ensino Secundário,133.1,Português,125.3,1,0,1,Masculino,1,0,0,6,0,0,0.0,0,0,6,0,0,0.0,0,12.4,0.5,1.79,Desistente,Desistente,1,1
Divorciado,Turismo,Ensino Secundário,120.0,Português,131.0,0,0,1,Masculino,0,0,0,6,6,6,12.666666666666602,0,0,6,6,6,11.5,0,12.4,0.5,1.79,Graduado,Graduado,0,0
Solteiro,Enfermagem,Ensino Secundário,146.0,Português,127.0,0,0,1,Masculino,0,0,0,8,8,7,13.6142857142857,0,0,8,8,7,13.6142857142857,0,12.7,3.7,-1.7,Graduado,Graduado,0,0
Solteiro,Equincultura,Curso de Especialização Tecnológica,150.0,Português,150.0,0,0,1,Masculino,0,0,11,18,32,12,12.857142857142804,1,8,12,15,10,14.3,0,16.2,0.3,-0.92,Graduado,Graduado,0,0
Solteiro,Equincultura,Ensino Secundário,160.0,Português,149.2,0,0,1,Masculino,0,0,0,5,7,4,14.0,0,0,5,5,5,14.2,0,7.6,2.6,0.32,Graduado,Graduado,0,0
Solteiro,Gestão de Publicidade e Marketing,Ensino Secundário,125.0,Português,121.5,0,0,1,Masculino,1,0,0,6,8,4,14.75,0,0,6,6,5,11.8,0,12.7,3.7,-1.7,Graduado,Graduado,0,0
Solteiro,Enfermagem Veterinária,Ensino Secundário,125.0,Português,137.3,0,0,1,Masculino,0,0,0,6,0,0,0.0,0,0,6,0,0,0.0,0,7.6,2.6,0.32,Desistente,Desistente,1,1
Solteiro,Gestão de Publicidade e Marketing,Ensino Secundário,122.0,Português,119.6,0,0,1,Masculino,0,0,0,6,8,6,13.625,0,0,6,7,6,14.285714285714198,0,11.1,0.6,2.02,Graduado,Graduado,0,0
Solteiro,Design de Animação e Multimédia,Ensino Secundário,138.0,Português,141.5,0,0,1,Masculino,0,0,0,0,0,0,0.0,0,0,0,0,0,0.0,0,7.6,2.6,0.32,Graduado,Graduado,0,0
Solteiro,Agronomia,Curso de Especialização Tecnológica,150.0,Português,150.0,0,0,1,Masculino,0,0,0,6,12,4,11.8,0,0,6,11,4,11.875,0,16.2,0.3,-0.92,Desistente,Desistente,1,1
Solteiro,Agronomia,Ensino Secundário,140.0,Português,110.0,0,0,1,Masculino,0,0,0,6,8,6,15.125,0,0,6,10,6,14.6,0,16.2,0.3,-0.92,Graduado,Graduado,0,0
Solteiro,Turismo,Ensino Secundário,113.0,Português,110.2,0,0,1,Masculino,0,0,0,6,10,4,11.5,0,0,6,10,2,10.5,0,9.4,-0.8,-3.12,Desistente,Desistente,1,1
Solteiro,Engenharia Informática,Ensino Secundário,139.0,Português,110.3,0,1,1,Masculino,0,0,0,5,12,1,10.0,0,0,5,11,1,11.0,0,8.9,1.4,3.51,Matriculado,Matriculado,0,
Solteiro,Jornalismo e Comunicação,Ensino Secundário,133.1,Português,120.0,0,0,1,Masculino,0,0,0,4,8,0,0.0,0,0,5,10,0,0.0,0,9.4,-0.8,-3.12,Desistente,Desistente,1,1
Solteiro,Gestão,Ensino Secundário,118.0,Português,114.2,0,0,1,Masculino,0,0,0,5,9,3,10.333333333333304,0,0,5,6,5,12.8,0,12.4,0.5,1.79,Graduado,Graduado,0,0
Solteiro,Engenharia Informática,Curso de Especialização Tecnológica,140.0,Português,140.0,0,0,1,Masculino,0,0,0,5,9,0,0.0,0,0,5,6,2,11.666666666666602,0,10.8,1.4,1.74,Matriculado,Matriculado,0,
Solteiro,Agronomia,Ensino Secundário,144.0,Português,132.8,0,0,1,Masculino,1,0,0,6,9,4,12.0,2,0,6,10,4,12.5,0,15.5,2.8,-4.06,Matriculado,Matriculado,0,
Solteiro,Jornalismo e Comunicação,Ensino Secundário,125.0,Português,121.5,0,0,1,Masculino,0,0,0,6,6,6,13.833333333333304,0,0,6,6,6,14.5,0,8.9,1.4,3.51,Graduado,Graduado,0,0
Solteiro,Design de Animação e Multimédia,Ensino Secundário,131.0,Português,127.2,0,1,1,Masculino,0,0,13,17,19,13,12.153846153846095,0,10,17,28,11,11.909090909090901,1,11.1,0.6,2.02,Matriculado,Matriculado,0,
Solteiro,Equincultura,Ensino Secundário,131.0,Português,128.2,0,0,1,Masculino,0,0,0,6,7,6,14.0,0,0,6,8,6,13.6666666666666,0,12.4,0.5,1.79,Graduado,Graduado,0,0
Solteiro,Jornalismo e Comunicação,Ensino Secundário,140.0,Português,133.4,0,0,0,Masculino,0,0,0,6,8,6,16.5,0,0,6,6,5,13.8,0,11.1,0.6,2.02,Matriculado,Matriculado,0,
Solteiro,Equincultura,Ensino Secundário,133.1,Português,120.0,0,0,1,Masculino,0,0,0,5,11,1,18.0,2,0,5,10,3,13.333333333333304,2,10.8,1.4,1.74,Desistente,Desistente,1,1
Solteiro,Agronomia,Ensino Secundário,140.0,Português,140.0,0,0,1,Masculino,0,0,0,6,11,6,11.285714285714198,0,0,6,12,5,11.7777777777777,0,16.2,0.3,-0.92,Matriculado,Matriculado,0,
Solteiro,Design de Animação e Multimédia,Ensino Secundário,139.0,Português,136.9,0,0,1,Masculino,1,0,0,0,0,0,0.0,0,0,0,0,0,0.0,0,9.4,-0.8,-3.12,Graduado,Graduado,0,0
Solteiro,Design de Animação e Multimédia,Ensino Secundário,125.0,Português,117.0,1,0,1,Masculino,0,0,0,0,0,0,0.0,0,0,0,0,0,0.0,0,10.8,1.4,1.74,Matriculado,Matriculado,0,
Solteiro,Gestão de Publicidade e Marketing,Ensino Secundário,117.0,Português,110.7,0,0,1,Masculino,0,0,0,6,10,5,14.0,0,0,6,10,6,12.0,0,11.1,0.6,2.02,Matriculado,Matriculado,0,
Solteiro,Equincultura,Ensino Secundário,150.0,Português,160.0,0,0,1,Masculino,0,0,0,5,13,4,13.75,1,0,5,9,3,12.0,0,9.4,-0.8,-3.12,Matriculado,Matriculado,0,
Solteiro,Gestão de Publicidade e Marketing,Ensino Secundário,95.0,Português,95.0,0,0,0,Masculino,0,0,0,6,9,4,13.25,0,0,6,6,5,11.0,0,12.7,3.7,-1.7,Desistente,Desistente,1,1
Solteiro,Gestão,Ensino Secundário,150.0,Português,148.8,0,0,1,Masculino,1,0,0,5,7,4,14.25,0,0,5,7,4,14.75,0,12.7,3.7,-1.7,Graduado,Graduado,0,0
Solteiro,Gestão,Ensino Secundário,120.0,Português,110.0,0,0,0,Masculino,0,0,0,5,9,0,0.0,1,0,5,5,0,0.0,0,9.4,-0.8,-3.12,Desistente,Desistente,1,1
Solteiro,Gestão (presencial noturno),Ensino Secundário,136.0,Português,133.9,0,0,0,Masculino,0,0,8,12,12,8,11.25,0,3,8,8,3,11.333333333333304,0,7.6,2.6,0.32,Desistente,Desistente,1,1
Solteiro,Equincultura,Ensino Secundário,133.0,Português,125.7,0,0,1,Masculino,1,0,0,6,7,6,13.5,0,0,6,8,6,12.5,0,12.4,0.5,1.79,Graduado,Graduado,0,0
Solteiro,Turismo,Ensino Secundário,125.0,Português,116.6,0,0,1,Masculino,1,0,0,6,8,5,12.666666666666602,0,0,6,10,6,12.857142857142804,0,16.2,0.3,-0.92,Graduado,Graduado,0,0
Solteiro,Design de Comunicação,Ensino Secundário,127.0,Português,141.0,0,0,1,Masculino,1,0,0,6,6,6,15.1666666666666,0,0,6,6,6,12.333333333333304,0,12.4,0.5,1.79,Graduado,Graduado,0,0
Solteiro,Engenharia Informática,Ensino Superior - Licenciatura (1º Ciclo),130.0,Português,130.0,0,0,1,Masculino,0,0,4,6,6,6,13.1666666666666,0,2,5,7,5,15.142857142857096,0,11.1,0.6,2.02,Desistente,Desistente,1,1
Solteiro,Agronomia,Ensino Secundário,130.0,Português,130.0,0,1,1,Masculino,0,0,7,12,20,10,11.8,0,5,12,15,9,11.4444444444444,0,8.9,1.4,3.51,Matriculado,Matriculado,0,
Solteiro,Engenharia Informática,Ensino Secundário,127.0,Português,115.8,0,0,1,Masculino,0,0,0,5,10,4,11.5,0,0,5,11,0,0.0,0,13.9,-0.3,0.79,Matriculado,Matriculado,0,
Solteiro,Design de Comunicação,Curso de Especialização Tecnológica,140.0,Português,140.0,0,0,1,Masculino,0,0,0,6,6,6,14.5,0,0,6,8,6,11.333333333333304,0,12.4,0.5,1.79,Graduado,Graduado,0,0
Solteiro,Jornalismo e Comunicação,Ensino Secundário,125.0,Português,126.1,0,0,1,Masculino,0,0,0,6,10,5,13.4,0,0,6,12,3,10.666666666666602,0,9.4,-0.8,-3.12,Matriculado,Matriculado,0,
Solteiro,Design de Animação e Multimédia,Ensino Secundário,135.0,Português,137.5,0,1,0,Masculino,0,0,0,0,0,0,0.0,0,0,0,0,0,0.0,0,12.7,3.7,-1.7,Graduado,Graduado,0,0
Solteiro,Gestão,Ensino Secundário,132.0,Português,120.8,0,0,1,Masculino,1,0,0,5,8,4,10.8,0,0,5,10,2,12.5,0,11.1,0.6,2.02,Desistente,Desistente,1,1
Solteiro,Serviço Social,Ensino Secundário,110.0,Português,136.5,0,0,1,Masculino,0,0,0,5,6,0,0.0,0,0,5,5,0,0.0,0,13.9,-0.3,0.79,Desistente,Desistente,1,1
Casado,Agronomia,Ensino Secundário,130.0,Português,122.0,0,1,0,Masculino,0,0,3,10,23,6,11.428571428571399,0,2,7,15,4,12.0,1,15.5,2.8,-4.06,Desistente,Desistente,1,1
Solteiro,Agronomia,Ensino Secundário,130.0,Português,130.0,0,0,1,Masculino,0,0,8,14,24,8,12.5,2,6,13,23,10,11.6,0,15.5,2.8,-4.06,Desistente,Desistente,1,1
Solteiro,Gestão,Ensino Secundário,135.0,Português,126.3,0,0,1,Masculino,0,0,0,5,11,2,13.5,0,0,5,11,3,12.333333333333304,0,8.9,1.4,3.51,Matriculado,Matriculado,0,
Solteiro,Turismo,Ensino Secundário,133.1,Português,98.0,0,0,1,Masculino,0,0,0,6,6,0,0.0,0,0,6,12,0,0.0,0,10.8,1.4,1.74,Desistente,Desistente,1,1
Solteiro,Gestão,Ensino Secundário,135.0,Português,121.0,0,0,1,Masculino,1,0,0,5,8,5,12.75,0,0,5,7,5,11.5,0,13.9,-0.3,0.79,Graduado,Graduado,0,0
Solteiro,Jornalismo e Comunicação,Ensino Secundário,128.0,Português,124.2,0,0,1,Masculino,0,0,0,6,17,3,11.333333333333304,3,0,6,14,3,12.333333333333304,0,15.5,2.8,-4.06,Matriculado,Matriculado,0,
Solteiro,Agronomia,Ensino Secundário,140.0,Português,130.0,0,0,1,Masculino,0,0,0,6,8,0,0.0,0,0,6,10,0,0.0,0,16.2,0.3,-0.92,Desistente,Desistente,1,1
Solteiro,Jornalismo e Comunicação,Ensino Secundário,135.0,Português,136.1,0,0,1,Masculino,0,0,0,6,9,5,11.4,0,0,6,13,5,12.4,0,8.9,1.4,3.51,Matriculado,Matriculado,0,
Solteiro,Jornalismo e Comunicação,Ensino Secundário,131.0,Português,132.8,0,0,1,Masculino,0,0,0,6,7,6,14.428571428571399,0,0,6,7,6,14.571428571428504,0,13.9,-0.3,0.79,Graduado,Graduado,0,0
Solteiro,Enfermagem,Ensino Secundário,131.0,Português,126.3,0,0,1,Masculino,0,0,0,7,9,7,12.492857142857096,0,0,8,10,8,11.7125,0,16.2,0.3,-0.92,Graduado,Graduado,0,0
Divorciado,Serviço Social (prestação nocturna),Ensino Básico (3º Ciclo),100.0,Português,111.5,0,0,1,Masculino,0,0,2,8,10,4,11.5,0,2,8,13,4,11.0,0,10.8,1.4,1.74,Desistente,Desistente,1,1
Casado,Gestão (presencial noturno),Ensino Secundário,140.0,Português,118.2,0,0,1,Masculino,0,0,0,5,7,5,11.2,0,0,5,6,5,12.8,1,7.6,2.6,0.32,Graduado,Graduado,0,0
Solteiro,Gestão,Ensino Secundário,124.0,Português,115.6,0,0,0,Masculino,0,0,0,5,9,3,12.0,1,0,5,7,3,11.0,0,9.4,-0.8,-3.12,Desistente,Desistente,1,1
Solteiro,Enfermagem,Ensino Secundário,130.0,Português,117.8,0,0,1,Masculino,0,0,0,8,8,7,15.885714285714197,0,0,8,8,7,15.885714285714197,0,10.8,1.4,1.74,Graduado,Graduado,0,0
Solteiro,Enfermagem,Ensino Secundário,142.0,Português,127.0,0,1,0,Masculino,0,0,0,7,12,4,12.94,0,0,7,12,4,11.58,0,12.4,0.5,1.79,Desistente,Desistente,1,1
Casado,Serviço Social (prestação nocturna),Ensino Secundário,150.0,Português,140.0,0,0,0,Masculino,0,0,0,6,6,6,14.0,0,0,6,6,6,14.1666666666666,0,9.4,-0.8,-3.12,Graduado,Graduado,0,0
Casado,Design de Animação e Multimédia,Outro - 11º Ano de Escolaridade,110.0,Português,106.0,0,0,1,Masculino,0,0,0,0,0,0,0.0,0,0,0,0,0,0.0,0,7.6,2.6,0.32,Graduado,Graduado,0,0
Divorciado,Enfermagem,Ensino Básico (3º Ciclo),110.0,Português,151.0,0,1,0,Masculino,0,0,0,7,7,0,0.0,7,0,8,8,0,0.0,8,15.5,2.8,-4.06,Desistente,Desistente,1,1
Solteiro,Gestão (presencial noturno),Ensino Secundário,112.0,Português,106.4,0,0,1,Masculino,0,0,0,5,0,0,0.0,0,0,5,0,0,0.0,0,8.9,1.4,3.51,Desistente,Desistente,1,1
Casado,Gestão (presencial noturno),Ensino Secundário,100.0,Português,125.3,0,0,1,Masculino,0,0,0,5,8,4,11.25,0,0,5,8,3,11.0,1,7.6,2.6,0.32,Desistente,Desistente,1,1
Solteiro,Engenharia Informática,Ensino Superior - Licenciatura,130.0,Português,130.0,0,0,1,Masculino,0,0,0,5,5,0,0.0,0,0,5,6,0,0.0,0,10.8,1.4,1.74,Desistente,Desistente,1,1
Casado,Serviço Social (prestação nocturna),Ensino Secundário,133.1,Português,116.0,0,0,0,Feminino,0,0,0,6,13,4,11.25,0,0,6,12,0,0.0,1,10.8,1.4,1.74,Desistente,Desistente,1,1
Casado,Gestão (presencial noturno),Ensino Secundário,150.0,Português,120.0,0,0,1,Feminino,0,0,0,5,11,3,10.666666666666602,0,1,5,10,4,12.5,0,9.4,-0.8,-3.12,Matriculado,Matriculado,0,
Casado,Serviço Social (prestação nocturna),Ensino Secundário,100.0,Português,100.0,0,0,1,Feminino,0,0,0,6,9,5,11.8,0,1,6,10,3,10.666666666666602,1,7.6,2.6,0.32,Graduado,Graduado,0,0
Solteiro,Gestão,Ensino Secundário,130.0,Português,118.5,0,0,1,Masculino,0,0,5,10,19,8,11.625,1,4,10,16,10,11.1818181818181,3,7.6,2.6,0.32,Graduado,Graduado,0,0
Solteiro,Serviço Social,Ensino Secundário,129.0,Português,118.9,0,0,1,Masculino,0,0,0,6,11,0,0.0,0,0,5,10,0,0.0,0,9.4,-0.8,-3.12,Desistente,Desistente,1,1
Solteiro,Design de Comunicação,Ensino Secundário,127.0,Português,119.3,1,0,1,Masculino,1,0,0,6,8,4,10.25,0,0,6,6,4,11.25,0,12.7,3.7,-1.7,Desistente,Desistente,1,1
Solteiro,Gestão (presencial noturno),Ensino Secundário,140.0,Português,135.8,0,0,1,Masculino,0,0,14,15,16,15,10.8,0,13,14,14,14,11.357142857142803,0,9.4,-0.8,-3.12,Graduado,Graduado,0,0
Solteiro,Design de Animação e Multimédia,Curso Técnico Superior Profissional,130.0,Português,130.0,0,0,0,Masculino,1,0,5,12,15,11,12.5454545454545,0,4,11,16,11,12.666666666666602,0,8.9,1.4,3.51,Graduado,Graduado,0,0
Solteiro,Agronomia,Ensino Secundário,133.1,Espanhol,129.8,0,0,1,Masculino,0,1,0,7,7,7,13.571428571428504,0,0,6,9,5,13.4,0,8.9,1.4,3.51,Matriculado,Matriculado,0,
Solteiro,Enfermagem Veterinária,Ensino Superior - Licenciatura,140.0,Português,150.0,0,0,1,Masculino,0,0,0,6,0,0,0.0,0,0,6,0,0,0.0,0,16.2,0.3,-0.92,Desistente,Desistente,1,1
Casado,Gestão (presencial noturno),Ensino Básico (3º Ciclo),133.1,Português,111.9,0,0,1,Masculino,0,0,0,5,5,0,0.0,0,0,5,5,0,0.0,0,7.6,2.6,0.32,Desistente,Desistente,1,1
Solteiro,Agronomia,Ensino Secundário,120.0,Português,150.1,0,0,1,Masculino,0,0,0,6,9,6,14.777777777777697,0,0,6,11,5,12.2,0,13.9,-0.3,0.79,Graduado,Graduado,0,0
Solteiro,Agronomia,Ensino Secundário,133.1,Português,130.0,0,0,1,Masculino,0,0,0,3,4,0,0.0,0,0,4,8,0,0.0,0,16.2,0.3,-0.92,Desistente,Desistente,1,1
Solteiro,Engenharia Informática,Ensino Secundário,120.0,Português,128.0,0,0,1,Masculino,0,0,0,2,2,0,0.0,0,0,2,2,0,0.0,0,7.6,2.6,0.32,Desistente,Desistente,1,1
Solteiro,Gestão,Ensino Básico (2º Ciclo),133.1,Português,102.5,0,0,0,Masculino,0,0,0,4,4,0,0.0,0,0,5,0,0,0.0,0,12.7,3.7,-1.7,Desistente,Desistente,1,1
Solteiro,Gestão (presencial noturno),Ensino Secundário,133.1,Português,102.5,0,0,0,Masculino,0,0,0,5,10,0,0.0,0,0,5,5,0,0.0,0,15.5,2.8,-4.06,Desistente,Desistente,1,1
Casado,Gestão de Publicidade e Marketing,Ensino Secundário,100.0,Português,110.0,0,0,1,Masculino,1,0,0,5,5,5,11.4,0,0,5,7,5,11.6,0,9.4,-0.8,-3.12,Graduado,Graduado,0,0
Solteiro,Agronomia,Ensino Básico (3º Ciclo),133.1,Português,114.0,0,0,1,Masculino,0,0,3,9,13,6,11.666666666666602,0,2,7,10,6,10.857142857142803,0,15.5,2.8,-4.06,Desistente,Desistente,1,1
Solteiro,Engenharia Informática,Ensino Secundário,120.0,Português,128.2,0,0,1,Masculino,0,0,6,10,12,7,11.285714285714198,0,2,8,8,5,13.0,0,9.4,-0.8,-3.12,Desistente,Desistente,1,1
Solteiro,Jornalismo e Comunicação,Ensino Secundário,128.0,Português,116.5,0,0,1,Masculino,1,0,0,6,12,4,11.5,0,0,6,10,5,12.6,0,10.8,1.4,1.74,Graduado,Graduado,0,0
Solteiro,Gestão (presencial noturno),Ensino Secundário,172.0,Português,149.3,0,0,1,Masculino,1,0,0,5,5,5,16.0,0,0,5,5,5,16.0,0,8.9,1.4,3.51,Graduado,Graduado,0,0
Solteiro,Jornalismo e Comunicação,Ensino Secundário,146.0,Português,134.1,0,0,1,Masculino,1,0,0,6,6,6,12.5,0,0,6,7,6,12.666666666666602,0,10.8,1.4,1.74,Desistente,Desistente,1,1
Solteiro,Engenharia Informática,Ensino Secundário,135.0,Português,126.6,0,0,1,Masculino,0,0,0,5,7,4,12.0,0,0,5,10,3,13.0,3,7.6,2.6,0.32,Matriculado,Matriculado,0,
Casado,Enfermagem Veterinária,Ensino Secundário,160.0,Português,120.0,0,0,1,Masculino,0,0,0,5,11,0,0.0,2,0,5,11,3,11.666666666666602,1,9.4,-0.8,-3.12,Matriculado,Matriculado,0,
Solteiro,Engenharia Informática,Ensino Secundário,150.0,Português,133.5,0,0,1,Masculino,0,0,0,5,10,5,13.0,0,0,5,10,5,12.6,0,9.4,-0.8,-3.12,Graduado,Graduado,0,0
Solteiro,Agronomia,Ensino Secundário,130.0,Português,110.0,0,0,1,Masculino,0,0,8,18,27,13,13.7142857142857,1,7,12,18,12,12.083333333333304,0,15.5,2.8,-4.06,Graduado,Graduado,0,0
Solteiro,Engenharia Informática,Ensino Secundário,111.0,Português,107.5,0,0,1,Masculino,1,0,0,5,9,3,12.333333333333304,0,0,6,14,3,12.5,0,11.1,0.6,2.02,Desistente,Desistente,1,1
Solteiro,Agronomia,Ensino Superior - Licenciatura,130.0,Português,130.0,0,0,0,Masculino,0,0,11,17,31,11,12.727272727272702,4,10,12,24,10,12.7,1,15.5,2.8,-4.06,Desistente,Desistente,1,1
Solteiro,Gestão de Publicidade e Marketing,Frequência do Ensino Superior,170.0,Português,111.6,0,0,1,Masculino,0,0,1,5,5,1,14.0,0,0,5,5,0,0.0,0,9.4,-0.8,-3.12,Desistente,Desistente,1,1
Solteiro,Gestão,Ensino Secundário,133.1,Português,101.0,0,0,0,Masculino,0,0,0,5,0,0,0.0,0,0,5,0,0,0.0,0,8.9,1.4,3.51,Desistente,Desistente,1,1
Solteiro,Serviço Social (prestação nocturna),Ensino Secundário,100.0,Português,108.3,0,0,1,Masculino,0,0,0,6,8,5,11.4,0,1,6,12,3,11.0,1,7.6,2.6,0.32,Matriculado,Matriculado,0,
Casado,Gestão de Publicidade e Marketing,Ensino Secundário,120.0,Português,128.2,0,0,1,Masculino,0,0,0,5,5,0,0.0,0,0,5,5,1,10.0,0,9.4,-0.8,-3.12,Desistente,Desistente,1,1
Casado,Agronomia,Ensino Superior - Licenciatura,110.0,Português,150.0,0,0,1,Masculino,0,0,0,6,8,6,18.875,0,6,12,14,12,17.6923076923076,0,16.2,0.3,-0.92,Graduado,Graduado,0,0
Solteiro,Ensino Básico,Ensino Secundário,133.1,Português,142.8,0,0,1,Masculino,0,0,0,6,12,0,0.0,0,0,6,12,0,0.0,0,7.6,2.6,0.32,Desistente,Desistente,1,1
Solteiro,Enfermagem,Ensino Secundário,120.0,Português,100.0,0,0,1,Masculino,0,0,0,7,15,6,11.333333333333304,0,0,7,16,4,12.6,0,16.2,0.3,-0.92,Matriculado,Matriculado,0,
Solteiro,Gestão (presencial noturno),Ensino Superior - Licenciatura (1º Ciclo),150.0,Português,150.0,0,0,1,Masculino,0,0,3,7,9,7,13.5,0,0,5,6,5,16.2,0,8.9,1.4,3.51,Desistente,Desistente,1,1
Casado,Turismo,Ensino Básico (3º Ciclo),133.1,Português,156.5,0,0,1,Masculino,0,0,7,11,12,2,15.0,7,4,9,10,3,10.0,4,16.2,0.3,-0.92,Graduado,Graduado,0,0
Solteiro,Engenharia Informática,Ensino Básico (3º Ciclo),120.0,Português,98.6,0,1,0,Masculino,0,0,0,5,10,0,0.0,0,0,5,7,0,0.0,0,12.4,0.5,1.79,Desistente,Desistente,1,1
Solteiro,Gestão (presencial noturno),Ensino Superior - Licenciatura,130.0,Português,130.0,0,0,1,Masculino,0,0,9,9,9,9,14.2222222222222,0,5,5,5,5,12.8,0,12.7,3.7,-1.7,Desistente,Desistente,1,1
Solteiro,Design de Animação e Multimédia,Ensino Secundário,130.0,Português,118.1,0,1,0,Masculino,0,0,0,0,0,0,0.0,0,0,0,0,0,0.0,0,9.4,-0.8,-3.12,Matriculado,Matriculado,0,
Solteiro,Agronomia,Ensino Secundário,100.0,Português,120.0,0,1,0,Masculino,0,0,2,7,14,4,12.0,2,0,6,16,0,0.0,1,15.5,2.8,-4.06,Desistente,Desistente,1,1
Solteiro,Enfermagem Veterinária,Ensino Secundário,142.0,Português,127.7,0,0,1,Masculino,0,0,0,5,9,5,12.6,1,0,5,8,4,12.0,0,12.7,3.7,-1.7,Graduado,Graduado,0,0
Solteiro,Design de Animação e Multimédia,Ensino Secundário,130.0,Santomense,130.0,0,0,1,Masculino,0,1,6,12,12,12,15.083333333333304,0,4,11,15,11,13.083333333333304,0,8.9,1.4,3.51,Matriculado,Matriculado,0,
Solteiro,Engenharia Informática,Ensino Secundário,148.0,Português,147.7,0,0,1,Masculino,1,0,0,5,5,0,0.0,0,0,5,5,0,0.0,0,9.4,-0.8,-3.12,Desistente,Desistente,1,1
Solteiro,Agronomia,Curso de Especialização Tecnológica,170.0,Português,170.0,0,0,1,Masculino,0,0,0,6,8,6,14.5,0,0,6,10,6,15.3,0,16.2,0.3,-0.92,Graduado,Graduado,0,0
Solteiro,Design de Comunicação,Ensino Secundário,110.0,Português,110.2,0,0,1,Masculino,0,0,0,6,6,6,14.5,0,0,6,6,6,13.5,0,11.1,0.6,2.02,Graduado,Graduado,0,0
Solteiro,Gestão,Ensino Secundário,166.0,Português,146.4,0,0,1,Masculino,0,0,0,5,12,3,10.0,0,0,5,12,1,13.0,0,7.6,2.6,0.32,Matriculado,Matriculado,0,
Solteiro,Engenharia Informática,Ensino Secundário,135.0,Português,121.0,0,0,1,Masculino,0,0,0,5,0,0,0.0,0,0,5,0,0,0.0,0,12.4,0.5,1.79,Desistente,Desistente,1,1
Solteiro,Gestão,Ensino Secundário,133.0,Português,129.9,0,0,1,Masculino,0,0,0,5,5,5,11.6,0,0,5,5,5,13.2,0,12.4,0.5,1.79,Graduado,Graduado,0,0
Casado,Jornalismo e Comunicação,Ensino Secundário,133.1,Português,132.0,0,0,1,Masculino,0,0,0,6,10,4,11.75,0,0,6,7,0,0.0,0,15.5,2.8,-4.06,Desistente,Desistente,1,1
Solteiro,Turismo,Ensino Secundário,121.0,Português,125.9,0,0,1,Masculino,0,0,0,6,0,0,0.0,0,0,6,0,0,0.0,0,13.9,-0.3,0.79,Desistente,Desistente,1,1
Solteiro,Design de Animação e Multimédia,Ensino Secundário,159.0,Português,165.7,0,0,1,Masculino,0,0,0,0,0,0,0.0,0,0,0,0,0,0.0,0,9.4,-0.8,-3.12,Desistente,Desistente,1,1
Solteiro,Turismo,Ensino Secundário,130.0,Português,122.7,0,1,1,Masculino,1,0,0,6,7,0,0.0,0,0,6,6,0,0.0,0,8.9,1.4,3.51,Desistente,Desistente,1,1
Casado,Gestão (presencial noturno),Ensino Secundário,121.0,Português,141.4,0,1,0,Masculino,0,0,0,5,7,4,11.25,0,0,5,8,4,11.8,0,10.8,1.4,1.74,Desistente,Desistente,1,1
Solteiro,Equincultura,Ensino Básico (3º Ciclo),133.1,Português,156.4,0,1,1,Masculino,0,0,0,6,9,5,11.571428571428502,0,0,6,11,0,0.0,0,13.9,-0.3,0.79,Desistente,Desistente,1,1
Solteiro,Engenharia Informática,Ensino Secundário,146.0,Português,148.5,0,0,1,Masculino,0,0,0,5,7,4,10.0,0,0,5,8,1,16.0,0,10.8,1.4,1.74,Matriculado,Matriculado,0,
Solteiro,Agronomia,Curso de Especialização Tecnológica,140.0,Português,140.0,0,0,1,Masculino,1,0,0,6,11,5,13.833333333333304,0,0,6,13,6,12.3,0,15.5,2.8,-4.06,Matriculado,Matriculado,0,
Solteiro,Design de Comunicação,Ensino Secundário,125.0,Português,131.7,0,0,1,Masculino,0,0,3,6,6,4,12.75,0,3,9,12,3,12.666666666666602,0,12.4,0.5,1.79,Desistente,Desistente,1,1
Casado,Gestão,Ensino Secundário,120.0,Português,104.7,0,0,1,Masculino,0,0,0,4,4,0,0.0,0,0,5,9,0,0.0,0,10.8,1.4,1.74,Desistente,Desistente,1,1
Solteiro,Equincultura,Curso de Especialização Tecnológica,150.0,Português,150.0,0,0,1,Masculino,0,0,1,6,13,5,11.6,0,1,6,12,2,11.0,0,13.9,-0.3,0.79,Matriculado,Matriculado,0,
Casado,Enfermagem Veterinária,Ensino Básico (3º Ciclo),110.0,Português,110.0,0,0,0,Masculino,0,0,0,5,5,0,0.0,0,0,5,5,0,0.0,0,12.7,3.7,-1.7,Desistente,Desistente,1,1
Solteiro,Gestão de Publicidade e Marketing,Ensino Secundário,120.0,Português,129.1,0,0,1,Masculino,0,0,0,6,6,4,11.25,0,0,6,10,3,10.333333333333304,0,10.8,1.4,1.74,Desistente,Desistente,1,1
Solteiro,Agronomia,Ensino Secundário,133.1,Português,120.0,0,0,0,Masculino,0,0,0,6,0,0,0.0,0,0,6,0,0,0.0,0,13.9,-0.3,0.79,Desistente,Desistente,1,1
Solteiro,Jornalismo e Comunicação,Ensino Secundário,133.1,Português,127.0,0,0,1,Masculino,0,0,0,6,6,6,14.333333333333304,0,0,6,7,6,15.0,0,15.5,2.8,-4.06,Graduado,Graduado,0,0
Casado,Serviço Social (prestação nocturna),Ensino Básico (3º Ciclo),133.1,Português,151.5,0,1,0,Masculino,0,0,0,6,7,0,0.0,0,0,5,5,0,0.0,0,16.2,0.3,-0.92,Desistente,Desistente,1,1
Solteiro,Enfermagem,Ensino Secundário,130.0,Português,126.8,0,0,1,Masculino,1,0,18,23,23,20,13.5,3,18,23,23,20,13.5,3,7.6,2.6,0.32,Graduado,Graduado,0,0
Solteiro,Turismo,Ensino Secundário,160.0,Português,140.8,0,0,1,Masculino,0,0,0,6,8,6,12.666666666666602,0,0,6,10,5,12.2,0,7.6,2.6,0.32,Matriculado,Matriculado,0,
Solteiro,Enfermagem,Ensino Secundário,128.0,Português,125.6,0,0,1,Masculino,0,0,0,7,7,7,12.444285714285698,0,0,8,11,7,11.347142857142803,0,12.4,0.5,1.79,Graduado,Graduado,0,0
Solteiro,Gestão,Ensino Secundário,140.0,Português,127.8,0,0,1,Masculino,0,0,0,5,7,3,10.666666666666602,1,0,5,7,3,11.333333333333304,0,9.4,-0.8,-3.12,Desistente,Desistente,1,1
Solteiro,Design de Animação e Multimédia,Ensino Secundário,120.0,Português,120.0,0,0,1,Masculino,0,0,0,0,0,0,0.0,0,0,0,0,0,0.0,0,7.6,2.6,0.32,Matriculado,Matriculado,0,
Solteiro,Design de Comunicação,Ensino Secundário,140.0,Português,131.3,0,0,1,Masculino,1,0,1,6,6,6,12.666666666666602,0,1,6,6,5,12.4,0,12.4,0.5,1.79,Graduado,Graduado,0,0
Solteiro,Gestão (presencial noturno),Outro - 11º Ano de Escolaridade,120.0,Português,155.7,0,0,1,Masculino,0,0,0,5,5,5,13.2,0,0,5,6,5,14.833333333333304,0,10.8,1.4,1.74,Graduado,Graduado,0,0
Solteiro,Agronomia,Curso Técnico Superior Profissional,130.0,Português,128.5,0,0,1,Masculino,0,0,7,12,20,10,12.7,0,5,12,14,11,12.1818181818181,0,8.9,1.4,3.51,Graduado,Graduado,0,0
Casado,Gestão,Ensino Secundário,100.0,Português,170.0,0,0,1,Masculino,0,0,0,5,6,5,14.833333333333304,0,0,5,5,5,14.8,0,15.5,2.8,-4.06,Graduado,Graduado,0,0
Casado,Agronomia,Ensino Secundário,133.1,Português,100.0,0,0,0,Masculino,0,0,4,10,10,4,11.5,0,1,7,8,1,12.0,0,15.5,2.8,-4.06,Desistente,Desistente,1,1
Divorciado,Gestão de Publicidade e Marketing,Ensino Secundário,110.0,Português,107.2,0,0,1,Masculino,0,0,0,6,0,0,0.0,0,0,6,0,0,0.0,0,12.7,3.7,-1.7,Desistente,Desistente,1,1
Solteiro,Gestão,Ensino Secundário,147.0,Português,139.3,0,0,1,Masculino,0,0,0,5,0,0,0.0,0,0,5,0,0,0.0,0,12.4,0.5,1.79,Desistente,Desistente,1,1
Solteiro,Gestão,Ensino Secundário,133.0,Português,123.2,0,0,1,Masculino,0,0,0,5,7,3,12.666666666666602,1,0,5,12,2,12.5,0,9.4,-0.8,-3.12,Matriculado,Matriculado,0,
Solteiro,Turismo,Ensino Secundário,137.0,Português,122.3,0,0,1,Masculino,1,0,0,6,7,6,14.714285714285703,0,0,6,6,6,12.5,0,8.9,1.4,3.51,Graduado,Graduado,0,0
Solteiro,Jornalismo e Comunicação,Ensino Secundário,124.0,Português,127.9,0,0,1,Masculino,0,0,0,6,11,3,13.6666666666666,0,0,6,13,4,10.25,0,9.4,-0.8,-3.12,Matriculado,Matriculado,0,
Solteiro,Gestão,Ensino Secundário,128.0,Português,120.3,0,0,1,Masculino,0,0,0,5,9,5,10.8,0,0,5,13,2,13.5,0,8.9,1.4,3.51,Matriculado,Matriculado,0,
Solteiro,Serviço Social (prestação nocturna),Ensino Secundário,120.0,Português,128.5,0,1,0,Masculino,0,0,2,8,13,4,10.5,0,5,10,16,7,10.428571428571399,0,12.4,0.5,1.79,Desistente,Desistente,1,1
Casado,Agronomia,Ensino Secundário,133.1,Português,150.0,0,0,1,Masculino,0,0,0,6,10,6,15.0,0,0,6,11,5,12.5,0,13.9,-0.3,0.79,Graduado,Graduado,0,0
Solteiro,Jornalismo e Comunicação,Ensino Secundário,142.0,Português,136.1,0,1,1,Masculino,1,0,0,6,6,6,12.666666666666602,0,0,6,6,6,14.0,0,16.2,0.3,-0.92,Graduado,Graduado,0,0
Solteiro,Jornalismo e Comunicação,Ensino Básico (3º Ciclo),100.0,Português,128.0,0,0,1,Masculino,0,0,0,6,7,6,13.1666666666666,0,0,6,6,6,13.6666666666666,0,7.6,2.6,0.32,Graduado,Graduado,0,0
Solteiro,Design de Animação e Multimédia,Ensino Secundário,149.0,Português,158.1,0,0,1,Masculino,1,0,0,0,0,0,0.0,0,0,0,0,0,0.0,0,10.8,1.4,1.74,Graduado,Graduado,0,0
Casado,Serviço Social (prestação nocturna),Ensino Secundário,110.0,Português,108.7,0,0,1,Feminino,0,0,0,6,6,6,13.0,0,0,6,6,6,12.5,0,9.4,-0.8,-3.12,Graduado,Graduado,0,0
Solteiro,Design de Animação e Multimédia,Ensino Básico (3º Ciclo),133.1,Mexicano,110.0,0,0,1,Masculino,1,1,0,0,0,0,0.0,0,0,0,0,0,0.0,0,15.5,2.8,-4.06,Desistente,Desistente,1,1
Solteiro,Serviço Social,Ensino Básico (3º Ciclo),133.1,Português,120.0,1,1,1,Feminino,0,0,0,6,13,2,10.0,0,0,6,10,1,15.0,0,16.2,0.3,-0.92,Desistente,Desistente,1,1
Solteiro,Enfermagem Veterinária,Curso de Especialização Tecnológica,150.0,Espanhol,150.0,0,0,1,Feminino,0,1,2,6,7,6,13.333333333333304,0,1,6,16,5,13.375,0,12.4,0.5,1.79,Graduado,Graduado,0,0
Casado,Serviço Social (prestação nocturna),Outro - 11º Ano de Escolaridade,133.1,Português,113.0,0,0,1,Feminino,0,0,0,6,13,3,12.333333333333304,0,0,6,6,6,13.333333333333304,0,11.1,0.6,2.02,Graduado,Graduado,0,0
Solteiro,Tecnologias de Produção de Biocombustíveis,Ensino Secundário,121.0,Português,118.6,0,0,1,Feminino,0,0,14,21,23,20,13.181818181818102,0,10,14,18,14,11.642857142857096,0,8.9,1.4,3.51,Graduado,Graduado,0,0
Casado,Enfermagem,Ensino Secundário,133.1,Português,148.8,0,0,1,Feminino,1,0,0,7,7,6,12.513333333333303,0,0,8,9,7,13.071428571428504,0,12.4,0.5,1.79,Graduado,Graduado,0,0
Solteiro,Ensino Básico,Ensino Secundário,122.0,Português,120.3,0,0,1,Feminino,0,0,0,6,0,0,0.0,0,0,6,0,0,0.0,0,10.8,1.4,1.74,Desistente,Desistente,1,1
Solteiro,Enfermagem,Ensino Secundário,143.0,Português,127.0,0,0,1,Feminino,1,0,0,8,8,7,13.585714285714198,0,0,8,8,7,13.585714285714198,0,12.7,3.7,-1.7,Graduado,Graduado,0,0
Solteiro,Higiene Oral,Ensino Secundário,123.0,Português,113.8,0,0,1,Feminino,0,0,0,7,9,7,11.1555555555555,0,0,8,10,8,11.425,0,12.7,3.7,-1.7,Graduado,Graduado,0,0
Solteiro,Serviço Social (prestação nocturna),Ensino Secundário,120.0,Português,108.0,0,0,1,Masculino,1,0,1,7,9,6,11.857142857142803,0,1,6,7,5,12.0,0,13.9,-0.3,0.79,Graduado,Graduado,0,0
Solteiro,Design de Animação e Multimédia,Ensino Secundário,114.0,Português,129.1,0,0,1,Masculino,1,0,0,0,0,0,0.0,0,0,0,0,0,0.0,0,9.4,-0.8,-3.12,Graduado,Graduado,0,0
Solteiro,Design de Comunicação,Ensino Secundário,114.0,Português,135.9,0,0,1,Masculino,0,0,9,14,14,14,14.0,0,7,13,13,13,13.615384615384599,0,15.5,2.8,-4.06,Graduado,Graduado,0,0
Solteiro,Jornalismo e Comunicação,Ensino Secundário,154.4,Cabo-verdiano,154.4,0,0,0,Feminino,0,1,0,6,8,5,12.0,0,0,6,0,0,0.0,0,10.8,1.4,1.74,Desistente,Desistente,1,1
Solteiro,Enfermagem,Ensino Secundário,190.0,Cubano,190.0,0,0,1,Feminino,0,1,0,7,15,4,11.575,0,0,7,10,5,12.419999999999899,0,12.4,0.5,1.79,Matriculado,Matriculado,0,
Solteiro,Enfermagem,Ensino Secundário,136.0,Português,132.5,0,0,1,Feminino,0,0,0,7,8,7,13.198571428571398,0,0,8,8,8,13.0625,0,11.1,0.6,2.02,Graduado,Graduado,0,0
Solteiro,Enfermagem Veterinária,Ensino Secundário,163.3,Cabo-verdiano,163.3,0,0,1,Feminino,0,1,0,6,10,6,13.5,0,0,6,12,6,12.0,0,12.4,0.5,1.79,Graduado,Graduado,0,0
Solteiro,Gestão de Publicidade e Marketing,Ensino Secundário,126.0,Português,122.5,0,0,1,Feminino,0,0,0,6,6,6,13.333333333333304,0,0,6,8,5,12.8,0,8.9,1.4,3.51,Desistente,Desistente,1,1
Solteiro,Engenharia Informática,Ensino Secundário,122.0,Romeno,121.0,0,0,1,Masculino,0,1,0,5,10,4,14.25,0,0,5,14,1,10.0,0,8.9,1.4,3.51,Matriculado,Matriculado,0,
Solteiro,Design de Comunicação,Ensino Secundário,137.0,Português,131.8,0,0,1,Feminino,1,0,0,6,7,6,12.166666666666602,0,0,6,9,4,12.0,0,9.4,-0.8,-3.12,Graduado,Graduado,0,0
Solteiro,Enfermagem,Ensino Secundário,139.0,Português,135.0,0,0,1,Feminino,1,0,0,8,8,7,12.214285714285698,0,0,8,8,7,12.214285714285698,0,12.7,3.7,-1.7,Graduado,Graduado,0,0
Solteiro,Turismo,Ensino Secundário,142.0,Português,141.7,0,0,1,Feminino,1,0,0,6,8,6,12.666666666666602,0,0,6,6,6,13.0,0,13.9,-0.3,0.79,Graduado,Graduado,0,0
Solteiro,Jornalismo e Comunicação,Ensino Secundário,133.1,Português,131.3,0,0,1,Feminino,1,0,0,6,7,6,12.285714285714198,0,0,6,6,6,13.5,0,8.9,1.4,3.51,Graduado,Graduado,0,0
Solteiro,Turismo,Ensino Secundário,126.0,Português,123.9,0,0,1,Feminino,1,0,0,6,7,6,13.0,0,0,6,6,6,13.0,0,12.4,0.5,1.79,Graduado,Graduado,0,0
Solteiro,Turismo,Ensino Secundário,131.0,Português,126.1,0,0,1,Feminino,0,0,0,6,8,6,12.142857142857096,0,0,6,6,6,11.166666666666602,0,8.9,1.4,3.51,Graduado,Graduado,0,0
Solteiro,Enfermagem,Ensino Secundário,131.0,Português,126.5,0,0,1,Feminino,1,0,0,7,8,7,13.8757142857142,0,0,8,9,7,13.085714285714198,0,11.1,0.6,2.02,Graduado,Graduado,0,0
Solteiro,Ensino Básico,Ensino Secundário,108.0,Português,107.3,0,0,1,Feminino,0,0,0,6,0,0,0.0,0,0,6,0,0,0.0,0,15.5,2.8,-4.06,Desistente,Desistente,1,1
Solteiro,Serviço Social,Ensino Secundário,133.1,Português,95.0,0,0,1,Feminino,1,0,0,6,12,6,11.666666666666602,0,0,6,7,0,0.0,0,15.5,2.8,-4.06,Desistente,Desistente,1,1
Solteiro,Enfermagem Veterinária,Ensino Secundário,122.0,Português,116.1,0,0,1,Feminino,0,0,0,6,13,6,13.153846153846098,0,0,6,12,3,11.0,0,15.5,2.8,-4.06,Graduado,Graduado,0,0
Solteiro,Design de Comunicação,Ensino Secundário,143.0,Português,134.6,0,0,1,Feminino,1,0,0,6,6,6,14.5,0,0,6,6,6,12.833333333333304,0,12.4,0.5,1.79,Desistente,Desistente,1,1
Solteiro,Enfermagem,Ensino Secundário,135.0,Português,128.0,0,0,1,Feminino,1,0,0,7,7,7,14.441428571428503,0,0,8,8,8,13.65625,0,11.1,0.6,2.02,Graduado,Graduado,0,0
Solteiro,Jornalismo e Comunicação,Ensino Secundário,148.0,Português,144.2,0,0,1,Feminino,0,0,0,6,6,6,15.1666666666666,0,0,6,7,6,14.285714285714198,0,12.4,0.5,1.79,Graduado,Graduado,0,0
Solteiro,Gestão,Ensino Secundário,134.0,Português,129.5,0,0,1,Feminino,1,0,0,5,5,5,11.6,0,0,5,12,4,12.625,0,10.8,1.4,1.74,Graduado,Graduado,0,0
Solteiro,Jornalismo e Comunicação,Ensino Secundário,122.0,Português,116.8,0,1,1,Feminino,0,0,0,6,6,6,11.666666666666602,0,0,6,6,6,12.333333333333304,0,16.2,0.3,-0.92,Graduado,Graduado,0,0
Solteiro,Agronomia,Curso de Especialização Tecnológica,160.0,Português,160.0,0,0,1,Feminino,1,0,0,6,8,6,12.625,0,0,6,10,6,13.2,0,16.2,0.3,-0.92,Graduado,Graduado,0,0
Solteiro,Serviço Social,Ensino Secundário,126.0,Português,127.1,0,0,1,Feminino,1,0,0,6,14,3,12.666666666666602,0,0,6,7,6,11.0,0,9.4,-0.8,-3.12,Graduado,Graduado,0,0
Solteiro,Equincultura,Ensino Secundário,138.0,Português,126.3,0,0,1,Feminino,1,0,0,6,7,6,12.833333333333304,1,0,6,8,6,13.0,0,8.9,1.4,3.51,Matriculado,Matriculado,0,
Solteiro,Serviço Social,Ensino Secundário,115.0,Português,112.9,0,0,1,Feminino,1,0,0,6,7,6,11.857142857142803,0,0,6,8,6,13.142857142857096,0,12.4,0.5,1.79,Graduado,Graduado,0,0
Solteiro,Ensino Básico,Ensino Secundário,141.0,Português,130.2,0,0,1,Feminino,0,0,0,6,8,5,11.4,1,0,6,7,4,10.75,0,12.7,3.7,-1.7,Matriculado,Matriculado,0,
Solteiro,Equincultura,Ensino Secundário,100.0,Brasileiro,100.0,0,0,1,Feminino,0,1,0,5,10,5,14.8571428571428,2,0,5,7,5,15.142857142857096,0,9.4,-0.8,-3.12,Matriculado,Matriculado,0,
Solteiro,Gestão de Publicidade e Marketing,Ensino Secundário,130.0,Português,121.6,0,0,1,Feminino,0,0,0,6,7,6,14.714285714285703,0,0,6,6,6,15.833333333333304,0,12.4,0.5,1.79,Graduado,Graduado,0,0
Solteiro,Gestão de Publicidade e Marketing,Ensino Secundário,130.0,Santomense,130.0,1,1,1,Feminino,0,1,0,6,6,6,13.5,0,0,6,9,5,13.0,0,8.9,1.4,3.51,Graduado,Graduado,0,0
Solteiro,Equincultura,Ensino Secundário,135.0,Português,121.7,0,0,1,Feminino,1,0,0,5,7,4,11.5,0,0,5,5,5,12.4,0,10.8,1.4,1.74,Graduado,Graduado,0,0
Solteiro,Gestão,Ensino Superior - Licenciatura,120.0,Português,120.0,0,0,1,Feminino,0,0,2,5,9,2,14.0,0,0,5,5,0,0.0,0,12.4,0.5,1.79,Desistente,Desistente,1,1
Solteiro,Ensino Básico,Ensino Secundário,148.0,Português,143.5,0,0,1,Feminino,1,0,0,7,8,6,12.833333333333304,0,0,6,6,0,0.0,0,13.9,-0.3,0.79,Desistente,Desistente,1,1
Solteiro,Higiene Oral,Ensino Secundário,136.0,Português,128.3,0,0,1,Feminino,1,0,0,7,7,7,13.428571428571399,0,0,8,8,8,14.75,0,15.5,2.8,-4.06,Graduado,Graduado,0,0
Solteiro,Design de Comunicação,Ensino Secundário,108.0,Português,111.9,0,0,1,Feminino,0,0,0,6,0,0,0.0,0,0,6,0,0,0.0,0,8.9,1.4,3.51,Desistente,Desistente,1,1
Solteiro,Agronomia,Curso de Especialização Tecnológica,140.0,Português,140.0,0,0,1,Feminino,0,0,0,6,18,3,11.666666666666602,0,0,6,14,4,11.5,0,15.5,2.8,-4.06,Matriculado,Matriculado,0,
Solteiro,Jornalismo e Comunicação,Ensino Secundário,153.0,Português,137.6,0,0,1,Feminino,0,0,0,6,6,6,16.0,0,0,6,7,6,14.333333333333304,0,12.4,0.5,1.79,Graduado,Graduado,0,0
Solteiro,Serviço Social,Ensino Secundário,135.0,Português,135.0,0,0,1,Feminino,0,0,0,6,6,6,13.833333333333304,0,0,6,6,6,11.833333333333304,0,10.8,1.4,1.74,Graduado,Graduado,0,0
Solteiro,Enfermagem,Ensino Secundário,146.0,Português,133.8,0,0,1,Feminino,0,0,0,8,9,8,13.232499999999998,1,0,8,9,8,13.232499999999998,1,9.4,-0.8,-3.12,Graduado,Graduado,0,0
Solteiro,Jornalismo e Comunicação,Ensino Secundário,130.0,Português,126.9,0,0,1,Masculino,1,0,0,6,6,6,14.0,0,0,6,6,6,14.1666666666666,0,9.4,-0.8,-3.12,Graduado,Graduado,0,0
Solteiro,Turismo,Ensino Secundário,113.0,Português,106.7,0,1,1,Masculino,1,0,0,6,14,2,10.0,0,0,6,6,0,0.0,0,13.9,-0.3,0.79,Desistente,Desistente,1,1
Solteiro,Serviço Social (prestação nocturna),Ensino Secundário,145.7,Cabo-verdiano,145.7,0,0,1,Feminino,0,1,8,16,16,15,13.333333333333304,0,11,13,13,11,12.272727272727199,0,13.9,-0.3,0.79,Graduado,Graduado,0,0
Solteiro,Design de Comunicação,Ensino Secundário,145.0,Português,153.1,0,0,1,Feminino,1,0,0,6,6,6,12.5,0,0,6,6,6,14.333333333333304,0,12.7,3.7,-1.7,Matriculado,Matriculado,0,
Solteiro,Serviço Social (prestação nocturna),Ensino Secundário,126.0,Português,118.7,0,0,1,Feminino,0,0,0,6,6,6,12.5,0,0,6,6,6,11.5,0,12.7,3.7,-1.7,Graduado,Graduado,0,0
Solteiro,Gestão (presencial noturno),Ensino Secundário,160.0,Português,161.8,0,1,1,Masculino,0,0,0,5,8,2,10.5,0,0,5,5,0,0.0,0,7.6,2.6,0.32,Desistente,Desistente,1,1
Solteiro,Engenharia Informática,Ensino Secundário,134.0,Português,124.9,0,1,1,Masculino,0,0,0,5,11,3,10.666666666666602,0,0,5,9,3,11.333333333333304,0,8.9,1.4,3.51,Matriculado,Matriculado,0,
Solteiro,Engenharia Informática,Ensino Secundário,163.0,Português,150.8,0,0,1,Masculino,0,0,0,5,9,4,10.5,0,0,5,11,2,10.5,3,7.6,2.6,0.32,Matriculado,Matriculado,0,
Solteiro,Gestão,Ensino Secundário,130.0,Santomense,130.0,0,0,1,Feminino,0,1,0,5,10,4,12.0,0,0,5,6,5,11.4,0,11.1,0.6,2.02,Graduado,Graduado,0,0
Solteiro,Design de Animação e Multimédia,Ensino Secundário,165.0,Português,163.6,0,0,1,Feminino,0,0,0,0,0,0,0.0,0,0,0,0,0,0.0,0,12.4,0.5,1.79,Matriculado,Matriculado,0,
Solteiro,Gestão,Ensino Secundário,142.0,Português,115.0,0,0,1,Feminino,0,0,0,5,11,5,11.5,0,0,5,9,2,10.666666666666602,0,13.9,-0.3,0.79,Matriculado,Matriculado,0,
Solteiro,Jornalismo e Comunicação,Ensino Secundário,156.0,Português,136.8,0,0,1,Feminino,0,0,0,6,6,6,14.0,0,0,6,6,6,13.5,0,11.1,0.6,2.02,Desistente,Desistente,1,1
Solteiro,Ensino Básico,Ensino Secundário,141.0,Português,130.9,0,0,1,Feminino,0,0,0,6,7,6,13.5,0,0,6,8,5,12.6,0,7.6,2.6,0.32,Graduado,Graduado,0,0
Solteiro,Enfermagem,Ensino Secundário,143.0,Português,127.0,0,0,1,Feminino,0,0,0,8,8,8,13.07375,0,0,8,8,8,13.07375,0,9.4,-0.8,-3.12,Graduado,Graduado,0,0
Casado,Enfermagem,Ensino Básico (3º Ciclo),133.1,Português,120.0,0,0,1,Feminino,0,0,0,7,9,2,10.75,0,0,7,9,0,0.0,0,16.2,0.3,-0.92,Desistente,Desistente,1,1
Solteiro,Serviço Social,Ensino Secundário,133.0,Português,126.0,0,0,1,Feminino,0,0,0,6,11,1,12.0,0,0,5,10,0,0.0,0,9.4,-0.8,-3.12,Matriculado,Matriculado,0,
Solteiro,Turismo,Ensino Secundário,172.0,Brasileiro,153.8,0,0,1,Feminino,1,1,0,6,6,6,14.0,0,0,6,6,6,13.333333333333304,0,10.8,1.4,1.74,Graduado,Graduado,0,0
Solteiro,Serviço Social,Ensino Secundário,140.0,Santomense,140.0,0,0,1,Masculino,0,1,0,6,7,6,12.333333333333304,0,0,6,7,6,13.428571428571399,0,11.1,0.6,2.02,Graduado,Graduado,0,0
Solteiro,Enfermagem,Ensino Secundário,142.0,Português,136.6,0,0,1,Feminino,1,0,0,7,7,7,13.4642857142857,0,0,8,9,8,14.7888888888888,0,12.4,0.5,1.79,Graduado,Graduado,0,0
Solteiro,Serviço Social (prestação nocturna),Ensino Secundário,140.0,Português,105.0,0,0,1,Feminino,0,0,0,6,14,3,10.666666666666602,1,0,6,9,5,11.2,0,15.5,2.8,-4.06,Matriculado,Matriculado,0,
Solteiro,Gestão,Outro - 11º Ano de Escolaridade,133.1,Português,139.4,0,1,1,Feminino,0,0,0,5,6,5,11.6,0,0,5,8,5,12.2,0,7.6,2.6,0.32,Matriculado,Matriculado,0,
Solteiro,Jornalismo e Comunicação,Ensino Secundário,148.0,Português,140.0,0,0,1,Feminino,1,0,0,6,6,6,13.6666666666666,0,0,6,6,6,14.6666666666666,0,16.2,0.3,-0.92,Graduado,Graduado,0,0
Solteiro,Enfermagem,Ensino Secundário,137.0,Português,130.8,0,1,1,Feminino,0,0,0,8,9,8,14.4025,1,0,8,9,8,14.4025,1,9.4,-0.8,-3.12,Graduado,Graduado,0,0
Solteiro,Enfermagem,Ensino Secundário,143.0,Português,138.8,0,0,1,Feminino,0,0,0,7,9,7,15.46875,0,0,8,8,8,16.3875,0,11.1,0.6,2.02,Graduado,Graduado,0,0
Solteiro,Serviço Social,Ensino Secundário,133.1,Português,110.0,0,1,1,Feminino,0,0,0,6,8,6,12.625,0,0,6,6,6,14.1666666666666,0,12.7,3.7,-1.7,Graduado,Graduado,0,0
Solteiro,Enfermagem,Ensino Secundário,138.0,Português,127.8,0,0,1,Feminino,0,0,0,7,7,6,14.983333333333302,0,0,7,7,6,14.983333333333302,0,7.6,2.6,0.32,Graduado,Graduado,0,0
Solteiro,Jornalismo e Comunicação,Ensino Secundário,138.0,Português,134.2,0,0,1,Feminino,1,0,0,6,6,6,15.0,0,0,6,6,6,13.0,0,11.1,0.6,2.02,Graduado,Graduado,0,0
Casado,Serviço Social (prestação nocturna),Ensino Secundário,150.0,Português,143.0,0,0,1,Feminino,0,0,5,9,9,9,15.8888888888888,0,3,7,7,7,14.142857142857096,0,12.7,3.7,-1.7,Graduado,Graduado,0,0
Solteiro,Enfermagem Veterinária,Curso de Especialização Tecnológica,120.0,Português,120.0,0,1,1,Feminino,0,0,0,6,14,4,11.5,0,0,6,14,3,11.0,0,16.2,0.3,-0.92,Desistente,Desistente,1,1
Solteiro,Turismo,Ensino Secundário,110.0,Português,113.2,0,0,1,Feminino,0,0,0,6,14,2,10.5,0,0,6,11,1,10.0,0,10.8,1.4,1.74,Desistente,Desistente,1,1
Solteiro,Enfermagem,Ensino Secundário,146.0,Português,135.8,0,0,1,Feminino,0,0,0,7,7,6,13.983333333333302,0,0,7,7,6,13.983333333333302,0,7.6,2.6,0.32,Graduado,Graduado,0,0
Solteiro,Serviço Social,Ensino Secundário,148.0,Português,143.5,0,0,1,Feminino,0,0,0,6,6,6,13.0,0,0,6,6,6,12.833333333333304,0,10.8,1.4,1.74,Graduado,Graduado,0,0
Solteiro,Serviço Social,Ensino Secundário,145.0,Português,148.9,0,0,1,Feminino,1,0,0,6,6,6,13.6666666666666,0,0,6,6,6,13.0,0,10.8,1.4,1.74,Graduado,Graduado,0,0
Solteiro,Agronomia,Ensino Secundário,133.1,Português,115.6,0,0,0,Feminino,0,0,0,6,8,0,0.0,0,0,6,8,0,0.0,0,15.5,2.8,-4.06,Desistente,Desistente,1,1
Solteiro,Gestão,Ensino Secundário,160.0,Português,159.3,0,0,1,Feminino,0,0,0,5,5,5,14.4,0,0,5,5,5,15.4,0,7.6,2.6,0.32,Graduado,Graduado,0,0
Solteiro,Gestão (presencial noturno),Ensino Secundário,150.0,Português,138.5,0,0,1,Feminino,0,0,0,5,10,4,12.0,0,0,5,9,4,11.25,0,12.7,3.7,-1.7,Matriculado,Matriculado,0,
Solteiro,Ensino Básico,Ensino Secundário,130.0,Português,133.2,0,0,1,Feminino,0,0,0,6,6,6,14.1666666666666,0,0,6,7,6,13.6666666666666,0,7.6,2.6,0.32,Graduado,Graduado,0,0
Solteiro,Serviço Social (prestação nocturna),Ensino Secundário,120.0,Português,117.6,0,0,1,Feminino,0,0,0,6,8,5,12.2,0,0,6,7,6,12.0,0,7.6,2.6,0.32,Graduado,Graduado,0,0
Solteiro,Gestão,Ensino Secundário,115.0,Português,108.7,0,0,1,Feminino,0,0,0,5,8,3,12.0,1,0,5,9,3,12.666666666666602,0,9.4,-0.8,-3.12,Matriculado,Matriculado,0,
Solteiro,Gestão,Ensino Secundário,133.1,Português,106.0,0,0,1,Feminino,0,0,0,5,11,2,10.5,0,0,5,14,1,11.0,0,12.7,3.7,-1.7,Matriculado,Matriculado,0,
Solteiro,Ensino Básico,Ensino Secundário,120.0,Português,122.6,0,0,1,Feminino,0,0,0,6,8,3,12.333333333333304,0,0,6,11,2,10.5,0,12.7,3.7,-1.7,Desistente,Desistente,1,1
Solteiro,Ensino Básico,Ensino Secundário,134.0,Português,127.4,0,0,1,Feminino,0,0,0,6,7,5,12.2,0,0,6,7,5,12.2,0,10.8,1.4,1.74,Matriculado,Matriculado,0,
Solteiro,Agronomia,Ensino Secundário,133.1,Português,100.0,0,0,1,Feminino,0,0,0,6,6,0,0.0,0,0,6,6,0,0.0,0,11.1,0.6,2.02,Desistente,Desistente,1,1
Solteiro,Ensino Básico,Ensino Secundário,133.1,Português,95.0,0,1,0,Feminino,0,0,0,7,10,6,11.5,0,0,7,8,6,13.1666666666666,0,11.1,0.6,2.02,Matriculado,Matriculado,0,
Solteiro,Gestão,Ensino Superior - Licenciatura,130.0,Português,130.0,0,0,1,Feminino,0,0,4,9,9,9,10.8888888888888,0,3,10,18,10,11.615384615384599,0,10.8,1.4,1.74,Graduado,Graduado,0,0
Solteiro,Higiene Oral,Ensino Secundário,120.0,Português,122.8,0,0,1,Feminino,0,0,0,7,12,6,12.166666666666602,0,0,8,8,8,11.675,0,13.9,-0.3,0.79,Desistente,Desistente,1,1
Solteiro,Gestão,Ensino Secundário,115.0,Português,115.0,0,0,1,Feminino,0,0,0,5,7,2,10.0,1,0,5,9,1,12.0,0,9.4,-0.8,-3.12,Matriculado,Matriculado,0,
Solteiro,Design de Comunicação,Ensino Secundário,135.0,Português,145.9,0,0,1,Feminino,1,0,0,6,6,6,12.666666666666602,0,0,6,6,6,12.166666666666602,0,16.2,0.3,-0.92,Graduado,Graduado,0,0
Solteiro,Design de Comunicação,Ensino Secundário,133.1,Português,143.0,0,1,1,Feminino,0,0,0,6,9,5,11.4,0,0,6,8,5,12.2,0,12.7,3.7,-1.7,Desistente,Desistente,1,1
Solteiro,Design de Animação e Multimédia,Ensino Secundário,145.0,Português,100.0,0,0,1,Feminino,1,0,0,0,0,0,0.0,0,0,0,0,0,0.0,0,13.9,-0.3,0.79,Desistente,Desistente,1,1
Solteiro,Enfermagem Veterinária,Ensino Secundário,130.0,Português,121.3,0,0,1,Feminino,0,0,0,5,14,2,13.0,2,0,5,8,4,12.0,1,9.4,-0.8,-3.12,Matriculado,Matriculado,0,
Solteiro,Ensino Básico,Ensino Secundário,118.0,Português,121.2,0,0,1,Feminino,0,0,0,6,8,5,13.4,0,0,6,7,5,12.0,0,7.6,2.6,0.32,Matriculado,Matriculado,0,
Solteiro,Ensino Básico,Ensino Secundário,138.0,Português,125.1,1,0,1,Feminino,1,0,0,6,6,6,13.5,0,0,6,8,5,12.8,0,12.7,3.7,-1.7,Desistente,Desistente,1,1
Solteiro,Turismo,Ensino Secundário,122.0,Português,112.9,0,0,1,Feminino,0,0,0,6,14,4,12.25,0,0,6,11,3,11.333333333333304,0,7.6,2.6,0.32,Matriculado,Matriculado,0,
Solteiro,Serviço Social,Ensino Secundário,126.0,Português,120.8,0,0,1,Feminino,0,0,0,6,7,6,12.285714285714198,0,0,6,7,6,12.833333333333304,0,12.4,0.5,1.79,Graduado,Graduado,0,0
Solteiro,Enfermagem Veterinária,Ensino Secundário,121.0,Português,114.0,0,0,0,Feminino,0,0,0,5,12,0,0.0,4,0,5,8,0,0.0,1,9.4,-0.8,-3.12,Desistente,Desistente,1,1
Solteiro,Serviço Social,Ensino Secundário,152.0,Português,132.1,0,0,1,Feminino,0,0,0,6,10,2,10.5,0,0,6,11,1,13.0,0,9.4,-0.8,-3.12,Desistente,Desistente,1,1
Casado,Enfermagem Veterinária,Curso de Especialização Tecnológica,160.0,Português,160.0,0,0,1,Feminino,0,0,0,5,12,3,14.0,2,0,5,8,5,12.0,1,9.4,-0.8,-3.12,Graduado,Graduado,0,0
Solteiro,Enfermagem Veterinária,Ensino Secundário,134.0,Português,134.0,0,0,1,Feminino,0,0,2,5,7,5,14.2,0,0,5,10,5,12.2,0,12.7,3.7,-1.7,Graduado,Graduado,0,0
Solteiro,Jornalismo e Comunicação,Ensino Secundário,128.0,Português,124.2,0,0,1,Feminino,0,0,0,6,8,5,13.0,0,0,6,7,6,13.142857142857096,0,15.5,2.8,-4.06,Desistente,Desistente,1,1
Solteiro,Turismo,Ensino Secundário,125.0,Português,115.6,0,0,1,Feminino,0,0,0,6,6,6,11.0,0,0,6,8,4,12.75,0,9.4,-0.8,-3.12,Graduado,Graduado,0,0
Casado,Gestão (presencial noturno),Ensino Secundário,130.0,Português,128.2,0,0,1,Feminino,0,0,3,8,9,3,11.0,0,2,7,7,2,10.0,0,9.4,-0.8,-3.12,Desistente,Desistente,1,1
Solteiro,Enfermagem,Ensino Secundário,138.0,Português,132.8,0,0,1,Feminino,0,0,0,7,9,6,12.385714285714197,0,0,8,9,8,13.7555555555555,0,13.9,-0.3,0.79,Graduado,Graduado,0,0
Solteiro,Jornalismo e Comunicação,Ensino Secundário,121.0,Português,123.1,0,0,1,Masculino,0,0,0,6,12,4,14.75,0,0,6,7,4,12.25,0,9.4,-0.8,-3.12,Graduado,Graduado,0,0
Solteiro,Equincultura,Ensino Secundário,134.0,Brasileiro,125.6,0,0,1,Feminino,0,1,0,5,6,5,16.1666666666666,0,0,5,6,5,15.833333333333304,0,12.7,3.7,-1.7,Graduado,Graduado,0,0
Solteiro,Gestão (presencial noturno),Ensino Secundário,130.0,Português,115.0,0,0,1,Masculino,0,0,0,5,7,0,0.0,0,0,5,8,0,0.0,0,16.2,0.3,-0.92,Desistente,Desistente,1,1
Solteiro,Engenharia Informática,Ensino Secundário,126.0,Português,123.6,0,0,1,Masculino,0,0,0,5,6,5,12.4,0,0,5,9,3,13.0,0,8.9,1.4,3.51,Desistente,Desistente,1,1
Solteiro,Equincultura,Ensino Secundário,148.0,Português,141.7,0,0,0,Masculino,0,0,0,6,8,5,11.6,0,0,6,11,4,13.0,0,8.9,1.4,3.51,Desistente,Desistente,1,1
Solteiro,Ensino Básico,Ensino Secundário,160.0,Português,139.0,0,0,1,Feminino,1,0,0,6,8,5,12.2,0,0,6,13,0,0.0,0,9.4,-0.8,-3.12,Desistente,Desistente,1,1
Solteiro,Turismo,Ensino Secundário,118.0,Português,118.0,0,0,1,Feminino,1,0,0,6,7,5,11.0,0,0,6,7,5,12.8,0,12.4,0.5,1.79,Graduado,Graduado,0,0
Solteiro,Ensino Básico,Ensino Secundário,150.0,Português,142.0,0,0,1,Feminino,1,0,0,6,8,6,12.333333333333304,0,0,6,7,5,12.4,0,10.8,1.4,1.74,Desistente,Desistente,1,1
Solteiro,Serviço Social,Ensino Secundário,140.0,Português,143.4,0,0,1,Feminino,1,0,3,6,6,6,14.833333333333304,0,2,6,7,6,12.571428571428502,0,13.9,-0.3,0.79,Graduado,Graduado,0,0
Solteiro,Design de Comunicação,Ensino Secundário,100.0,Português,115.9,0,0,1,Feminino,0,0,9,10,15,9,11.5555555555555,0,7,11,17,10,11.9,0,9.4,-0.8,-3.12,Matriculado,Matriculado,0,
Solteiro,Design de Comunicação,Ensino Secundário,110.0,Português,105.1,0,0,1,Feminino,1,0,0,6,6,6,12.0,0,0,6,6,6,11.833333333333304,0,12.4,0.5,1.79,Graduado,Graduado,0,0
Solteiro,Serviço Social (prestação nocturna),Curso Técnico Superior Profissional,140.0,Português,138.0,0,1,1,Feminino,1,0,13,13,13,11,12.727272727272702,0,9,11,11,10,12.6,0,8.9,1.4,3.51,Graduado,Graduado,0,0
Solteiro,Gestão (presencial noturno),Ensino Secundário,133.1,Brasileiro,114.7,0,0,1,Feminino,0,1,2,2,2,2,10.5,0,1,1,1,1,11.0,0,10.8,1.4,1.74,Desistente,Desistente,1,1
Solteiro,Jornalismo e Comunicação,Ensino Secundário,140.0,Cabo-verdiano,130.5,0,0,1,Feminino,0,1,0,6,6,6,12.333333333333304,0,0,6,6,6,12.0,0,12.7,3.7,-1.7,Graduado,Graduado,0,0
Solteiro,Gestão (presencial noturno),Ensino Secundário,110.0,Português,134.3,0,0,1,Masculino,0,0,0,5,10,0,0.0,0,0,5,7,1,12.0,0,10.8,1.4,1.74,Desistente,Desistente,1,1
Solteiro,Enfermagem,Ensino Secundário,148.0,Português,137.5,0,0,1,Masculino,0,0,0,7,7,7,14.842857142857095,0,0,8,9,8,14.3888888888888,0,16.2,0.3,-0.92,Graduado,Graduado,0,0
Solteiro,Enfermagem,Ensino Secundário,137.0,Português,125.3,0,0,1,Masculino,0,0,0,7,7,7,12.2,0,0,7,7,7,12.2,0,7.6,2.6,0.32,Matriculado,Matriculado,0,
Solteiro,Gestão,Ensino Secundário,120.0,Português,111.3,0,0,1,Masculino,1,0,0,5,10,4,10.8,0,0,5,10,4,11.75,0,15.5,2.8,-4.06,Matriculado,Matriculado,0,
Solteiro,Gestão (presencial noturno),Ensino Secundário,120.0,Português,144.8,0,0,1,Masculino,0,0,0,5,7,4,12.75,0,0,5,7,5,14.333333333333304,0,10.8,1.4,1.74,Matriculado,Matriculado,0,
Solteiro,Gestão (presencial noturno),Ensino Secundário,130.0,Português,152.1,0,0,1,Masculino,0,0,0,5,13,2,11.0,0,0,5,12,1,12.0,0,11.1,0.6,2.02,Desistente,Desistente,1,1
Solteiro,Turismo,Ensino Secundário,132.0,Português,126.1,0,0,1,Masculino,0,0,0,6,9,4,10.75,0,0,6,12,0,0.0,0,7.6,2.6,0.32,Desistente,Desistente,1,1
Solteiro,Enfermagem,Ensino Secundário,130.0,Português,136.0,0,0,1,Masculino,0,0,0,8,9,8,12.553749999999999,1,0,8,9,8,12.553749999999999,1,9.4,-0.8,-3.12,Graduado,Graduado,0,0
Solteiro,Enfermagem,Ensino Secundário,128.0,Português,124.3,0,0,1,Masculino,0,0,0,8,8,7,12.665714285714198,0,0,8,8,7,12.665714285714198,0,10.8,1.4,1.74,Graduado,Graduado,0,0
Solteiro,Gestão de Publicidade e Marketing,Ensino Secundário,132.0,Português,129.9,0,0,1,Masculino,0,0,0,6,10,6,12.714285714285698,0,0,6,8,4,13.0,0,12.4,0.5,1.79,Matriculado,Matriculado,0,
Solteiro,Higiene Oral,Ensino Secundário,133.1,Português,136.1,0,0,1,Masculino,0,0,0,7,7,2,11.75,0,0,5,10,0,0.0,0,12.4,0.5,1.79,Desistente,Desistente,1,1
Solteiro,Turismo,Ensino Secundário,120.0,Português,115.1,0,0,0,Masculino,0,0,0,6,11,3,11.0,0,0,6,14,0,0.0,0,9.4,-0.8,-3.12,Desistente,Desistente,1,1
Solteiro,Design de Animação e Multimédia,Ensino Secundário,145.0,Português,143.6,0,0,1,Masculino,0,0,0,0,0,0,0.0,0,0,0,0,0,0.0,0,12.4,0.5,1.79,Graduado,Graduado,0,0
Solteiro,Gestão,Ensino Secundário,127.0,Português,115.8,0,0,1,Masculino,0,0,0,5,5,5,13.4,0,0,5,6,5,12.2,0,11.1,0.6,2.02,Graduado,Graduado,0,0
Solteiro,Design de Animação e Multimédia,Ensino Secundário,135.0,Português,149.0,0,0,1,Masculino,0,0,14,17,21,17,12.578947368421,0,15,17,20,17,12.117647058823502,0,11.1,0.6,2.02,Graduado,Graduado,0,0
Casado,Engenharia Informática,Ensino Básico (3º Ciclo),133.1,Português,100.0,0,0,1,Masculino,0,0,0,5,0,0,0.0,0,0,5,0,0,0.0,0,16.2,0.3,-0.92,Desistente,Desistente,1,1
Solteiro,Jornalismo e Comunicação,Ensino Secundário,125.0,Português,133.4,0,0,1,Masculino,1,0,0,6,8,6,12.0,0,0,6,8,6,11.5,0,13.9,-0.3,0.79,Graduado,Graduado,0,0
Solteiro,Gestão de Publicidade e Marketing,Ensino Secundário,127.0,Português,122.8,0,0,1,Masculino,0,0,0,6,6,3,12.333333333333304,0,0,6,9,0,0.0,0,10.8,1.4,1.74,Desistente,Desistente,1,1
Solteiro,Gestão (presencial noturno),Ensino Secundário,133.1,Português,151.2,0,0,1,Masculino,0,0,0,5,11,4,11.5,0,0,5,11,3,13.5,0,12.4,0.5,1.79,Desistente,Desistente,1,1
Solteiro,Agronomia,Ensino Secundário,150.0,Português,137.0,0,0,1,Masculino,0,0,1,6,7,5,12.8,0,1,6,11,5,13.833333333333304,0,15.5,2.8,-4.06,Graduado,Graduado,0,0
Solteiro,Design de Animação e Multimédia,Ensino Secundário,133.1,Português,118.0,0,0,1,Masculino,0,0,0,0,0,0,0.0,0,0,0,0,0,0.0,0,11.1,0.6,2.02,Desistente,Desistente,1,1
Solteiro,Design de Comunicação,Ensino Secundário,150.0,Português,126.4,0,0,1,Masculino,0,0,5,7,8,7,13.285714285714198,0,3,8,11,7,12.142857142857096,0,12.4,0.5,1.79,Matriculado,Matriculado,0,
Solteiro,Agronomia,Curso de Especialização Tecnológica,130.0,Português,130.0,0,1,0,Masculino,0,0,0,6,16,4,11.8,0,0,6,15,2,12.0,0,16.2,0.3,-0.92,Desistente,Desistente,1,1
Solteiro,Serviço Social (prestação nocturna),Outro - 11º Ano de Escolaridade,133.1,Português,112.5,0,0,1,Masculino,0,0,6,13,13,6,11.333333333333304,0,2,11,11,2,13.5,0,16.2,0.3,-0.92,Desistente,Desistente,1,1
Solteiro,Enfermagem,Ensino Secundário,125.0,Português,118.3,0,0,1,Masculino,0,0,0,8,12,5,12.002,1,0,8,12,5,12.002,1,10.8,1.4,1.74,Desistente,Desistente,1,1
Solteiro,Enfermagem,Ensino Secundário,127.0,Português,121.4,0,0,1,Masculino,0,0,0,7,10,5,13.976666666666599,0,0,8,9,8,13.2222222222222,0,12.4,0.5,1.79,Matriculado,Matriculado,0,
Solteiro,Agronomia,Ensino Superior - Licenciatura,140.0,Português,140.0,0,0,0,Masculino,0,0,0,6,10,5,15.2,0,1,6,9,1,11.0,0,15.5,2.8,-4.06,Desistente,Desistente,1,1
Solteiro,Gestão de Publicidade e Marketing,Ensino Secundário,110.0,Português,109.0,0,0,1,Masculino,1,0,0,6,7,6,13.142857142857096,0,0,6,8,6,14.1666666666666,0,15.5,2.8,-4.06,Graduado,Graduado,0,0
Casado,Gestão,Ensino Secundário,133.1,Português,110.0,0,0,1,Masculino,0,0,0,5,14,0,0.0,1,0,5,5,0,0.0,0,9.4,-0.8,-3.12,Desistente,Desistente,1,1
Solteiro,Enfermagem,Ensino Secundário,124.0,Português,119.8,0,0,1,Masculino,0,0,0,8,11,7,13.8671428571428,0,0,8,11,7,13.8671428571428,0,10.8,1.4,1.74,Graduado,Graduado,0,0
Solteiro,Enfermagem,Ensino Secundário,114.0,Português,130.0,0,0,1,Masculino,0,0,0,8,11,6,12.675,0,0,8,11,6,12.675,0,12.7,3.7,-1.7,Graduado,Graduado,0,0
Solteiro,Design de Animação e Multimédia,Ensino Secundário,155.0,Português,167.3,0,0,1,Masculino,0,0,0,0,0,0,0.0,0,0,0,0,0,0.0,0,13.9,-0.3,0.79,Graduado,Graduado,0,0
Solteiro,Ensino Básico,Ensino Secundário,114.0,Português,111.9,0,0,1,Masculino,1,0,0,6,6,6,12.0,0,0,6,7,6,12.5,0,7.6,2.6,0.32,Matriculado,Matriculado,0,
Solteiro,Design de Animação e Multimédia,Ensino Secundário,133.1,Português,136.0,0,0,1,Masculino,0,0,0,0,0,0,0.0,0,0,0,0,0,0.0,0,12.7,3.7,-1.7,Desistente,Desistente,1,1
Solteiro,Turismo,Ensino Secundário,125.0,Português,124.0,0,0,1,Masculino,1,0,0,6,7,6,11.0,0,0,6,6,5,12.2,0,11.1,0.6,2.02,Desistente,Desistente,1,1
Casado,Gestão (presencial noturno),Ensino Secundário,120.0,Português,132.9,0,0,1,Masculino,0,0,0,5,11,4,10.75,0,0,5,11,4,11.333333333333304,0,13.9,-0.3,0.79,Desistente,Desistente,1,1
Casado,Jornalismo e Comunicação,Ensino Básico (2º Ciclo),100.0,Português,154.0,0,0,1,Masculino,0,0,0,6,7,5,14.2,0,0,6,6,6,14.1666666666666,0,9.4,-0.8,-3.12,Graduado,Graduado,0,0
Solteiro,Enfermagem,Ensino Secundário,133.1,Português,115.0,0,0,0,Masculino,0,0,0,7,11,4,12.6,0,0,7,7,4,11.575,0,16.2,0.3,-0.92,Desistente,Desistente,1,1
Solteiro,Gestão (presencial noturno),Ensino Secundário,120.0,Português,96.0,0,0,0,Masculino,0,0,0,5,5,0,0.0,0,0,5,5,0,0.0,0,8.9,1.4,3.51,Desistente,Desistente,1,1
Casado,Gestão (presencial noturno),Ensino Secundário,120.0,Português,168.2,0,0,1,Masculino,0,0,0,5,6,5,14.0,0,0,5,6,5,14.1666666666666,0,12.4,0.5,1.79,Graduado,Graduado,0,0
Casado,Jornalismo e Comunicação,Ensino Secundário,110.0,Português,140.0,0,1,0,Masculino,0,0,0,6,16,2,10.0,0,0,6,12,4,12.25,0,10.8,1.4,1.74,Desistente,Desistente,1,1
Solteiro,Design de Comunicação,Ensino Secundário,144.0,Português,137.4,0,0,1,Masculino,0,0,0,6,6,6,13.833333333333304,0,0,6,8,6,13.125,0,10.8,1.4,1.74,Graduado,Graduado,0,0
Casado,Gestão (presencial noturno),Ensino Básico (3º Ciclo),133.1,Português,150.0,0,0,0,Masculino,0,0,0,5,8,2,11.0,0,0,5,5,1,11.0,0,15.5,2.8,-4.06,Desistente,Desistente,1,1
Casado,Enfermagem,Ensino Básico (3º Ciclo),133.1,Português,100.5,0,0,1,Masculino,0,0,0,8,8,7,11.635714285714197,0,0,8,8,7,11.635714285714197,0,10.8,1.4,1.74,Matriculado,Matriculado,0,
Solteiro,Serviço Social (prestação nocturna),Ensino Secundário,133.1,Português,148.5,0,0,1,Masculino,0,0,0,6,6,4,12.25,0,0,5,5,0,0.0,0,11.1,0.6,2.02,Desistente,Desistente,1,1
Solteiro,Engenharia Informática,Ensino Secundário,138.0,Português,123.3,0,1,1,Masculino,0,0,0,5,9,4,12.5,0,0,5,11,5,11.285714285714198,0,12.4,0.5,1.79,Matriculado,Matriculado,0,
Casado,Gestão (presencial noturno),Ensino Secundário,120.0,Português,138.7,0,0,1,Masculino,0,0,0,5,5,5,13.8,0,0,5,6,5,13.6666666666666,0,10.8,1.4,1.74,Graduado,Graduado,0,0
Solteiro,Turismo,Ensino Secundário,120.0,Português,117.2,0,0,1,Masculino,0,0,0,6,8,3,12.0,0,0,6,9,1,11.0,0,15.5,2.8,-4.06,Desistente,Desistente,1,1
Casado,Gestão (presencial noturno),Ensino Secundário,160.0,Português,114.3,0,0,1,Masculino,0,0,0,5,9,3,11.0,0,0,5,8,4,12.5,1,7.6,2.6,0.32,Matriculado,Matriculado,0,
Solteiro,Gestão de Publicidade e Marketing,Ensino Secundário,134.0,Português,125.3,0,0,1,Masculino,1,0,0,6,7,4,13.75,0,0,6,10,6,11.5555555555555,0,10.8,1.4,1.74,Graduado,Graduado,0,0
Solteiro,Turismo,Ensino Secundário,133.1,Português,97.0,0,0,1,Masculino,0,0,0,6,6,6,10.666666666666602,0,0,6,8,4,11.25,0,10.8,1.4,1.74,Matriculado,Matriculado,0,
Casado,Higiene Oral,Ensino Secundário,110.0,Português,140.0,0,0,1,Masculino,0,0,0,7,7,0,0.0,0,0,8,13,2,13.15,0,16.2,0.3,-0.92,Desistente,Desistente,1,1
Solteiro,Gestão (presencial noturno),Ensino Secundário,130.0,Português,124.0,0,0,1,Masculino,0,0,1,5,6,5,13.833333333333304,0,0,5,7,5,15.4,0,9.4,-0.8,-3.12,Graduado,Graduado,0,0
Solteiro,Agronomia,Curso de Especialização Tecnológica,140.0,Português,140.0,0,1,1,Masculino,0,0,0,6,6,0,0.0,0,0,6,7,0,0.0,0,8.9,1.4,3.51,Matriculado,Matriculado,0,
Solteiro,Gestão (presencial noturno),Ensino Secundário,150.0,Português,127.0,0,0,1,Masculino,0,0,0,5,5,5,15.8,0,0,5,5,5,16.8,0,8.9,1.4,3.51,Graduado,Graduado,0,0
Divorciado,Enfermagem,Ensino Básico (3º Ciclo),100.0,Português,110.0,0,0,1,Masculino,0,0,11,14,26,12,12.526086956521699,1,11,14,26,12,12.526086956521699,1,7.6,2.6,0.32,Graduado,Graduado,0,0
Casado,Enfermagem,Ensino Básico (3º Ciclo),133.1,Português,170.0,0,0,1,Masculino,0,0,0,7,9,6,12.783333333333303,0,0,8,11,0,0.0,0,16.2,0.3,-0.92,Desistente,Desistente,1,1
Solteiro,Gestão (presencial noturno),Ensino Superior - Licenciatura,120.0,Português,120.0,0,1,0,Masculino,0,0,0,5,5,0,0.0,0,0,5,5,1,10.0,0,11.1,0.6,2.02,Desistente,Desistente,1,1
Solteiro,Enfermagem Veterinária,Ensino Secundário,133.1,Português,130.0,0,0,1,Masculino,0,0,0,5,8,3,13.0,0,0,5,8,3,10.666666666666602,0,7.6,2.6,0.32,Graduado,Graduado,0,0
Solteiro,Agronomia,Ensino Superior - Licenciatura,130.0,Português,130.0,0,0,1,Masculino,0,0,0,6,8,0,0.0,0,0,6,10,0,0.0,0,16.2,0.3,-0.92,Desistente,Desistente,1,1
Solteiro,Engenharia Informática,Ensino Secundário,126.0,Português,122.5,0,0,1,Masculino,0,0,0,5,7,5,10.8,0,0,5,9,3,12.0,0,8.9,1.4,3.51,Matriculado,Matriculado,0,
Solteiro,Gestão,Ensino Secundário,130.0,Português,115.7,0,0,1,Masculino,0,0,0,5,7,5,11.0,0,0,5,7,3,10.0,0,8.9,1.4,3.51,Matriculado,Matriculado,0,
Solteiro,Engenharia Informática,Ensino Secundário,140.0,Português,120.0,0,1,0,Masculino,0,0,0,4,4,0,0.0,0,0,5,5,0,0.0,0,12.7,3.7,-1.7,Desistente,Desistente,1,1
Solteiro,Engenharia Informática,Ensino Secundário,140.0,Português,166.0,0,1,1,Masculino,0,0,0,5,7,0,0.0,0,0,5,5,0,0.0,0,9.4,-0.8,-3.12,Matriculado,Matriculado,0,
Solteiro,Jornalismo e Comunicação,Ensino Secundário,145.0,Português,132.8,0,0,0,Masculino,0,0,0,6,10,2,12.0,0,0,6,0,0,0.0,0,10.8,1.4,1.74,Desistente,Desistente,1,1
Solteiro,Gestão,Ensino Secundário,133.1,Português,100.0,0,0,1,Masculino,0,0,0,5,7,4,10.75,0,0,5,10,2,11.0,3,16.2,0.3,-0.92,Desistente,Desistente,1,1
Solteiro,Gestão,Ensino Secundário,127.0,Português,121.8,0,0,1,Masculino,0,0,0,5,8,5,11.6,0,0,5,10,4,13.5,3,16.2,0.3,-0.92,Graduado,Graduado,0,0
Solteiro,Gestão,Ensino Secundário,114.0,Português,109.5,0,0,1,Masculino,1,0,0,5,6,5,11.8,0,0,5,8,4,11.6,0,8.9,1.4,3.51,Graduado,Graduado,0,0
Solteiro,Agronomia,Ensino Secundário,140.0,Português,138.3,0,0,1,Masculino,0,0,0,6,7,6,16.0,0,0,6,6,6,15.1666666666666,0,12.4,0.5,1.79,Graduado,Graduado,0,0
Solteiro,Jornalismo e Comunicação,Ensino Secundário,140.0,Português,131.6,0,0,1,Masculino,1,0,0,6,6,6,12.666666666666602,0,0,6,6,6,11.5,0,16.2,0.3,-0.92,Graduado,Graduado,0,0
Solteiro,Enfermagem,Ensino Secundário,120.0,Português,125.3,0,1,1,Masculino,0,0,0,7,12,4,14.4,0,0,7,9,6,13.5,0,12.4,0.5,1.79,Matriculado,Matriculado,0,
Solteiro,Turismo,Ensino Básico (3º Ciclo),133.1,Português,101.5,0,1,0,Masculino,0,0,0,6,6,0,0.0,0,0,6,6,0,0.0,0,15.5,2.8,-4.06,Desistente,Desistente,1,1
Solteiro,Gestão de Publicidade e Marketing,Ensino Secundário,115.0,Português,109.1,0,1,0,Masculino,0,0,0,6,11,4,12.25,0,0,6,9,4,13.4,0,11.1,0.6,2.02,Matriculado,Matriculado,0,
Solteiro,Design de Comunicação,Curso de Especialização Tecnológica,123.9,Português,123.9,0,0,1,Masculino,0,0,2,7,9,5,12.6,0,5,9,10,8,12.75,1,16.2,0.3,-0.92,Desistente,Desistente,1,1
Solteiro,Enfermagem,Ensino Secundário,157.0,Português,143.0,0,0,1,Masculino,0,0,0,8,8,7,13.4,0,0,8,8,7,13.4,0,12.7,3.7,-1.7,Graduado,Graduado,0,0
Solteiro,Design de Animação e Multimédia,Ensino Secundário,127.0,Português,126.3,0,1,1,Masculino,0,0,0,0,0,0,0.0,0,0,0,0,0,0.0,0,16.2,0.3,-0.92,Desistente,Desistente,1,1
Casado,Agronomia,Ensino Secundário,120.0,Português,113.3,0,0,1,Masculino,0,0,0,6,9,1,10.0,0,0,6,6,0,0.0,0,12.4,0.5,1.79,Desistente,Desistente,1,1
Solteiro,Engenharia Informática,Ensino Secundário,130.0,Português,119.9,0,1,1,Masculino,0,0,0,5,5,0,0.0,0,0,5,5,0,0.0,5,9.4,-0.8,-3.12,Desistente,Desistente,1,1
Solteiro,Agronomia,Curso de Especialização Tecnológica,140.0,Português,140.0,0,0,1,Masculino,0,0,0,6,16,3,11.25,0,0,6,14,4,11.2,0,15.5,2.8,-4.06,Desistente,Desistente,1,1
Solteiro,Gestão de Publicidade e Marketing,Ensino Secundário,109.0,Português,108.0,0,0,1,Masculino,0,0,0,5,10,0,0.0,0,0,5,5,0,0.0,0,7.6,2.6,0.32,Matriculado,Matriculado,0,
Solteiro,Gestão,Ensino Secundário,143.0,Português,100.0,0,0,1,Masculino,0,0,0,5,8,3,10.666666666666602,1,0,5,5,1,14.0,0,9.4,-0.8,-3.12,Desistente,Desistente,1,1
Solteiro,Equincultura,Ensino Secundário,125.0,Português,132.4,0,0,1,Masculino,0,0,0,5,7,4,11.75,0,0,5,5,5,13.4,0,7.6,2.6,0.32,Graduado,Graduado,0,0
Solteiro,Gestão,Ensino Secundário,136.0,Português,137.1,0,0,1,Masculino,0,0,0,5,5,0,0.0,0,0,5,5,0,0.0,0,12.7,3.7,-1.7,Desistente,Desistente,1,1
Solteiro,Design de Comunicação,Ensino Secundário,157.0,Português,138.1,0,0,1,Feminino,0,0,0,6,6,6,12.666666666666602,0,0,6,8,6,14.125,0,10.8,1.4,1.74,Graduado,Graduado,0,0
Divorciado,Higiene Oral,Ensino Secundário,160.0,Português,130.0,0,0,1,Feminino,0,0,0,7,14,7,11.95,0,0,8,15,7,12.042857142857097,0,12.7,3.7,-1.7,Matriculado,Matriculado,0,
Solteiro,Turismo,Ensino Secundário,116.0,Português,109.7,0,0,1,Feminino,0,0,0,6,7,5,14.0,0,0,6,6,6,15.6666666666666,0,11.1,0.6,2.02,Graduado,Graduado,0,0
Solteiro,Serviço Social (prestação nocturna),Ensino Secundário,113.0,Português,128.2,0,0,0,Feminino,0,0,0,6,6,0,0.0,6,0,6,12,0,0.0,0,9.4,-0.8,-3.12,Desistente,Desistente,1,1
Solteiro,Gestão,Ensino Secundário,130.0,Português,117.8,0,1,1,Feminino,1,0,0,5,11,2,11.5,0,0,5,10,0,0.0,0,12.7,3.7,-1.7,Desistente,Desistente,1,1
Solteiro,Equincultura,Ensino Secundário,150.0,Português,150.0,0,0,1,Feminino,0,0,0,6,10,6,12.0,0,0,6,12,5,12.8,0,13.9,-0.3,0.79,Graduado,Graduado,0,0
Solteiro,Enfermagem Veterinária,Ensino Secundário,110.0,Português,160.0,0,1,1,Feminino,0,0,0,6,7,6,16.4285714285714,0,0,6,7,6,16.6666666666666,0,13.9,-0.3,0.79,Desistente,Desistente,1,1
Solteiro,Enfermagem,Ensino Secundário,101.0,Português,104.5,0,0,1,Feminino,1,0,0,7,9,5,13.335999999999999,0,0,8,9,7,13.207142857142804,0,11.1,0.6,2.02,Graduado,Graduado,0,0
Casado,Higiene Oral,Ensino Secundário,110.0,Português,112.8,0,0,1,Feminino,1,0,0,7,7,0,0.0,0,0,8,8,0,0.0,6,10.8,1.4,1.74,Matriculado,Matriculado,0,
Solteiro,Gestão de Publicidade e Marketing,Ensino Secundário,133.1,Brasileiro,100.0,0,0,1,Feminino,0,1,2,7,9,7,14.6666666666666,0,1,6,8,6,14.0,0,11.1,0.6,2.02,Graduado,Graduado,0,0
Solteiro,Enfermagem,Ensino Secundário,138.0,Português,132.5,0,0,1,Feminino,0,0,0,8,8,7,14.1157142857142,0,0,8,8,7,14.1157142857142,0,10.8,1.4,1.74,Graduado,Graduado,0,0
Solteiro,Enfermagem Veterinária,Ensino Secundário,138.0,Português,123.3,0,0,1,Feminino,1,0,0,6,7,6,14.8571428571428,0,0,6,10,6,13.1111111111111,0,12.4,0.5,1.79,Graduado,Graduado,0,0
Solteiro,Enfermagem Veterinária,Ensino Secundário,141.0,Português,128.9,0,0,1,Feminino,1,0,0,6,7,6,13.833333333333304,0,0,6,10,6,13.7142857142857,0,8.9,1.4,3.51,Graduado,Graduado,0,0
Solteiro,Gestão,Ensino Secundário,129.0,Português,128.3,0,0,1,Feminino,0,0,0,5,10,3,11.0,0,0,5,9,4,11.75,0,12.7,3.7,-1.7,Matriculado,Matriculado,0,
Solteiro,Enfermagem Veterinária,Ensino Secundário,127.0,Português,100.0,0,0,1,Feminino,0,0,0,6,11,4,11.75,0,0,6,12,3,13.6666666666666,0,13.9,-0.3,0.79,Matriculado,Matriculado,0,
Solteiro,Gestão,Ensino Secundário,133.0,Português,120.1,0,0,1,Feminino,1,0,0,5,15,2,10.0,0,0,5,14,2,12.0,0,13.9,-0.3,0.79,Desistente,Desistente,1,1
Solteiro,Enfermagem,Ensino Secundário,100.0,Português,160.0,0,0,1,Feminino,1,0,0,8,15,6,12.415000000000001,0,0,8,15,6,12.415000000000001,0,10.8,1.4,1.74,Graduado,Graduado,0,0
Solteiro,Equincultura,Ensino Secundário,138.0,Português,123.0,0,0,1,Feminino,0,0,0,5,12,1,11.0,0,0,5,9,2,10.5,0,12.7,3.7,-1.7,Matriculado,Matriculado,0,
Solteiro,Enfermagem Veterinária,Curso de Especialização Tecnológica,150.0,Português,150.0,0,0,1,Feminino,0,0,1,6,14,5,14.428571428571399,0,1,6,7,6,13.428571428571399,0,16.2,0.3,-0.92,Graduado,Graduado,0,0
Solteiro,Enfermagem,Ensino Secundário,129.0,Português,124.0,0,0,1,Feminino,1,0,0,8,8,7,14.312857142857098,0,0,8,8,7,14.312857142857098,0,10.8,1.4,1.74,Graduado,Graduado,0,0
Solteiro,Enfermagem Veterinária,Ensino Secundário,130.0,Português,120.0,0,0,0,Feminino,0,0,0,6,8,6,15.428571428571399,0,0,6,7,5,14.5,0,11.1,0.6,2.02,Matriculado,Matriculado,0,
Solteiro,Equincultura,Ensino Secundário,133.0,Português,120.4,0,0,1,Feminino,0,0,0,5,9,4,12.0,1,0,5,6,5,13.4,0,9.4,-0.8,-3.12,Graduado,Graduado,0,0
Solteiro,Serviço Social,Ensino Secundário,133.0,Português,131.6,0,0,1,Feminino,0,0,0,6,7,6,13.833333333333304,0,0,6,7,6,13.7142857142857,0,11.1,0.6,2.02,Graduado,Graduado,0,0
Solteiro,Serviço Social,Ensino Secundário,107.0,Português,104.2,0,0,1,Feminino,0,0,0,6,6,6,12.166666666666602,0,0,6,7,6,12.142857142857096,0,11.1,0.6,2.02,Graduado,Graduado,0,0
Solteiro,Enfermagem,Ensino Secundário,131.0,Português,122.0,0,0,1,Feminino,0,0,0,8,8,7,14.014285714285702,0,0,8,8,7,14.014285714285702,0,12.7,3.7,-1.7,Matriculado,Matriculado,0,
Solteiro,Serviço Social,Ensino Secundário,118.0,Português,110.7,1,0,1,Feminino,0,0,0,6,15,2,10.333333333333304,3,0,6,13,3,13.333333333333304,0,12.7,3.7,-1.7,Matriculado,Matriculado,0,
Solteiro,Jornalismo e Comunicação,Ensino Secundário,136.0,Português,121.7,0,0,1,Feminino,1,0,0,6,7,5,13.2,0,0,6,7,5,13.6,0,12.4,0.5,1.79,Graduado,Graduado,0,0
Solteiro,Enfermagem,Ensino Secundário,125.0,Português,126.0,0,1,1,Feminino,0,0,0,7,7,6,15.4,0,0,7,7,6,15.4,0,7.6,2.6,0.32,Graduado,Graduado,0,0
Solteiro,Enfermagem,Ensino Secundário,137.0,Português,128.4,0,0,1,Feminino,1,0,0,7,7,7,13.385714285714197,0,0,8,8,8,15.925,0,13.9,-0.3,0.79,Graduado,Graduado,0,0
Solteiro,Equincultura,Ensino Secundário,144.0,Português,134.9,0,1,1,Feminino,0,0,0,6,13,6,10.857142857142803,0,0,6,10,4,11.0,0,15.5,2.8,-4.06,Desistente,Desistente,1,1
Solteiro,Gestão,Ensino Secundário,146.0,Português,143.9,0,0,1,Feminino,0,0,0,5,11,5,11.333333333333304,0,0,5,8,5,12.0,0,13.9,-0.3,0.79,Graduado,Graduado,0,0
Solteiro,Enfermagem Veterinária,Ensino Secundário,145.0,Português,145.0,0,0,1,Feminino,1,0,0,5,7,4,14.5,0,0,5,5,5,13.6,0,10.8,1.4,1.74,Graduado,Graduado,0,0
Solteiro,Design de Comunicação,Ensino Secundário,126.0,Português,132.0,0,0,1,Feminino,1,0,0,6,6,6,14.1666666666666,0,0,6,8,6,12.375,0,10.8,1.4,1.74,Graduado,Graduado,0,0
Solteiro,Serviço Social (prestação nocturna),Ensino Secundário,141.0,Português,136.1,0,0,1,Feminino,0,0,0,6,7,6,12.833333333333304,0,0,6,8,6,12.0,0,7.6,2.6,0.32,Graduado,Graduado,0,0
Solteiro,Serviço Social,Ensino Secundário,141.0,Português,138.9,0,0,1,Feminino,0,0,0,6,7,6,13.333333333333304,0,0,6,6,6,14.5,0,10.8,1.4,1.74,Graduado,Graduado,0,0
Solteiro,Serviço Social,Ensino Secundário,133.1,Português,102.0,0,0,1,Feminino,1,0,0,6,7,6,13.6666666666666,0,0,6,7,6,14.571428571428504,0,11.1,0.6,2.02,Graduado,Graduado,0,0
Solteiro,Turismo,Ensino Secundário,133.1,Português,123.0,0,1,0,Feminino,1,0,0,6,6,6,10.833333333333304,0,0,6,7,5,11.0,0,13.9,-0.3,0.79,Desistente,Desistente,1,1
Solteiro,Ensino Básico,Ensino Secundário,127.0,Português,137.5,0,0,1,Feminino,0,0,0,6,7,6,13.428571428571399,0,0,6,8,6,13.142857142857096,0,7.6,2.6,0.32,Graduado,Graduado,0,0
Solteiro,Enfermagem,Ensino Secundário,106.0,Português,102.2,0,1,1,Masculino,0,0,0,7,7,7,12.401428571428502,0,0,8,10,6,11.808333333333303,0,11.1,0.6,2.02,Matriculado,Matriculado,0,
Solteiro,Agronomia,Ensino Secundário,130.0,Português,105.3,0,0,0,Masculino,0,0,0,6,8,0,0.0,0,0,6,10,0,0.0,0,16.2,0.3,-0.92,Desistente,Desistente,1,1
Casado,Gestão (presencial noturno),Ensino Secundário,110.0,Português,130.0,0,0,0,Masculino,0,0,0,4,4,0,0.0,0,0,5,0,0,0.0,0,12.7,3.7,-1.7,Desistente,Desistente,1,1
Casado,Gestão (presencial noturno),Ensino Secundário,150.0,Português,122.5,0,0,1,Masculino,0,0,0,5,9,4,11.5,0,0,5,6,5,11.6,1,7.6,2.6,0.32,Desistente,Desistente,1,1
Solteiro,Engenharia Informática,Ensino Secundário,160.0,Português,112.0,0,0,0,Masculino,0,0,0,5,8,0,0.0,0,0,5,5,0,0.0,0,9.4,-0.8,-3.12,Desistente,Desistente,1,1
Solteiro,Gestão de Publicidade e Marketing,Outro - 11º Ano de Escolaridade,170.0,Português,110.0,0,0,1,Masculino,1,0,0,6,8,6,14.142857142857096,0,0,6,6,6,13.5,0,15.5,2.8,-4.06,Graduado,Graduado,0,0
Casado,Serviço Social (prestação nocturna),Ensino Básico (3º Ciclo),133.1,Português,149.5,0,0,1,Masculino,0,0,0,6,6,0,0.0,0,0,5,6,0,0.0,0,12.4,0.5,1.79,Desistente,Desistente,1,1
Solteiro,Gestão (presencial noturno),Ensino Secundário,120.0,Português,141.0,0,0,1,Masculino,1,0,5,10,12,10,13.8,0,5,10,10,10,12.8,0,10.8,1.4,1.74,Graduado,Graduado,0,0
Solteiro,Gestão (presencial noturno),Ensino Superior - Licenciatura (1º Ciclo),130.0,Português,130.0,0,0,1,Masculino,0,0,10,10,10,10,13.6,0,5,10,10,5,13.6,0,8.9,1.4,3.51,Desistente,Desistente,1,1
Solteiro,Serviço Social,Ensino Superior - Licenciatura (1º Ciclo),130.0,Português,130.0,0,0,1,Masculino,0,0,11,16,23,15,11.733333333333302,0,6,11,17,9,11.8888888888888,0,15.5,2.8,-4.06,Graduado,Graduado,0,0
Solteiro,Gestão,Ensino Secundário,120.0,Português,104.0,0,0,0,Masculino,0,0,0,5,8,1,10.0,0,0,5,9,1,10.0,0,10.8,1.4,1.74,Desistente,Desistente,1,1
Solteiro,Enfermagem Veterinária,Curso de Especialização Tecnológica,110.0,Português,110.0,0,0,1,Masculino,0,0,0,6,19,0,0.0,0,0,6,6,0,0.0,0,13.9,-0.3,0.79,Desistente,Desistente,1,1
Solteiro,Agronomia,Curso de Especialização Tecnológica,120.0,Português,120.0,0,0,1,Masculino,0,0,0,6,6,0,0.0,0,0,6,8,0,0.0,0,15.5,2.8,-4.06,Matriculado,Matriculado,0,
Solteiro,Agronomia,Curso de Especialização Tecnológica,130.0,Português,130.0,0,0,1,Masculino,0,0,0,6,12,4,10.8,0,0,6,13,4,12.0,0,12.4,0.5,1.79,Matriculado,Matriculado,0,
Solteiro,Enfermagem,Ensino Superior - Mestrado,150.0,Português,127.0,0,0,1,Masculino,0,0,2,7,8,6,13.046666666666601,0,2,8,10,7,13.30625,0,11.1,0.6,2.02,Desistente,Desistente,1,1
Solteiro,Serviço Social (prestação nocturna),Ensino Secundário,120.0,Português,100.0,0,0,1,Feminino,0,0,5,9,13,8,11.0,0,3,7,10,6,10.833333333333304,0,12.7,3.7,-1.7,Matriculado,Matriculado,0,
Solteiro,Serviço Social (prestação nocturna),Ensino Básico (3º Ciclo),100.0,Português,111.0,0,0,1,Feminino,1,0,0,6,10,3,12.333333333333304,0,0,6,14,3,11.666666666666602,0,7.6,2.6,0.32,Matriculado,Matriculado,0,
Solteiro,Serviço Social (prestação nocturna),Ensino Superior - Licenciatura,133.1,Português,130.0,0,0,1,Feminino,0,0,8,11,16,10,11.8,0,3,7,7,7,13.285714285714198,0,7.6,2.6,0.32,Graduado,Graduado,0,0
Solteiro,Gestão (presencial noturno),Ensino Secundário,130.0,Português,130.1,0,0,1,Feminino,0,0,0,5,8,3,11.0,0,0,5,8,3,11.25,0,10.8,1.4,1.74,Matriculado,Matriculado,0,
Solteiro,Enfermagem,Ensino Secundário,145.0,Português,127.5,0,0,1,Feminino,0,0,0,8,8,8,13.11,0,0,8,8,8,13.11,0,9.4,-0.8,-3.12,Graduado,Graduado,0,0
Solteiro,Enfermagem,Ensino Superior - Licenciatura,130.0,Português,130.0,0,0,1,Feminino,0,0,0,8,8,7,14.414285714285702,0,0,8,8,7,14.414285714285702,0,12.7,3.7,-1.7,Graduado,Graduado,0,0
Separado Judicialmente,Serviço Social (prestação nocturna),Ensino Secundário,115.0,Português,115.0,0,0,0,Feminino,0,0,0,5,5,0,0.0,0,0,5,10,0,0.0,0,10.8,1.4,1.74,Desistente,Desistente,1,1
Solteiro,Gestão,Ensino Secundário,124.0,Português,126.8,0,0,1,Feminino,0,0,0,5,8,5,12.333333333333304,0,0,5,7,5,12.2,0,15.5,2.8,-4.06,Graduado,Graduado,0,0
Solteiro,Enfermagem,Ensino Secundário,124.0,Português,116.7,0,0,1,Feminino,1,0,0,7,9,0,0.0,0,0,7,8,1,10.0,0,15.5,2.8,-4.06,Desistente,Desistente,1,1
Solteiro,Higiene Oral,Ensino Secundário,134.0,Português,128.5,0,0,1,Feminino,1,0,0,7,9,7,14.1,0,0,8,8,8,13.3125,0,12.7,3.7,-1.7,Graduado,Graduado,0,0
Solteiro,Enfermagem,Ensino Secundário,137.0,Português,127.5,0,0,1,Feminino,0,0,0,8,8,8,13.044999999999998,0,0,8,8,8,13.044999999999998,0,9.4,-0.8,-3.12,Graduado,Graduado,0,0
Solteiro,Enfermagem,Ensino Secundário,124.0,Português,117.5,0,0,1,Masculino,0,0,0,8,10,5,12.857999999999999,3,0,8,10,5,12.857999999999999,3,9.4,-0.8,-3.12,Matriculado,Matriculado,0,
Solteiro,Enfermagem,Ensino Secundário,136.0,Português,148.8,0,0,1,Feminino,1,0,0,8,8,8,14.252500000000001,0,0,8,8,8,14.252500000000001,0,9.4,-0.8,-3.12,Graduado,Graduado,0,0
Solteiro,Enfermagem,Ensino Secundário,126.0,Português,120.2,0,0,1,Feminino,1,0,0,7,9,5,14.06,0,0,7,9,7,11.242857142857096,0,12.4,0.5,1.79,Matriculado,Matriculado,0,
Solteiro,Enfermagem,Ensino Secundário,142.0,Português,127.3,0,0,1,Feminino,0,0,0,8,8,7,15.075714285714199,0,0,8,8,7,15.075714285714199,0,10.8,1.4,1.74,Graduado,Graduado,0,0
Solteiro,Design de Animação e Multimédia,Ensino Secundário,141.0,Português,136.1,0,0,1,Feminino,1,0,0,0,0,0,0.0,0,0,0,0,0,0.0,0,12.7,3.7,-1.7,Matriculado,Matriculado,0,
Solteiro,Gestão de Publicidade e Marketing,Ensino Secundário,129.0,Português,122.4,0,0,1,Feminino,0,0,0,5,5,4,13.75,0,0,6,9,5,12.6,0,12.7,3.7,-1.7,Matriculado,Matriculado,0,
Solteiro,Agronomia,Ensino Superior - Licenciatura,130.0,Português,130.0,0,0,1,Feminino,0,0,10,17,28,17,13.15,2,8,12,22,12,13.2142857142857,0,15.5,2.8,-4.06,Graduado,Graduado,0,0
Solteiro,Serviço Social,Ensino Secundário,136.0,Português,121.7,0,0,1,Feminino,1,0,0,6,9,5,12.333333333333304,0,0,6,7,5,11.8,0,13.9,-0.3,0.79,Graduado,Graduado,0,0
Solteiro,Enfermagem,Ensino Secundário,137.0,Português,122.7,0,0,1,Feminino,1,0,0,7,8,7,13.7785714285714,0,0,8,10,8,13.1222222222222,0,16.2,0.3,-0.92,Graduado,Graduado,0,0
Solteiro,Ensino Básico,Ensino Secundário,125.0,Português,129.2,0,1,0,Feminino,0,0,0,6,12,3,10.333333333333304,0,0,6,14,1,11.0,0,10.8,1.4,1.74,Desistente,Desistente,1,1
Solteiro,Jornalismo e Comunicação,Ensino Secundário,119.0,Português,105.0,0,0,1,Feminino,0,0,0,6,11,3,11.333333333333304,0,0,6,7,2,11.0,0,16.2,0.3,-0.92,Matriculado,Matriculado,0,
Solteiro,Serviço Social,Ensino Secundário,132.0,Português,129.9,0,0,1,Feminino,0,0,0,6,7,5,13.2,0,0,6,6,6,12.666666666666602,0,10.8,1.4,1.74,Matriculado,Matriculado,0,
Solteiro,Design de Comunicação,Ensino Secundário,152.0,Português,136.3,0,0,1,Feminino,1,0,1,6,8,6,13.571428571428504,1,0,6,11,6,12.375,0,13.9,-0.3,0.79,Graduado,Graduado,0,0
Solteiro,Serviço Social (prestação nocturna),Ensino Secundário,125.0,Português,114.9,0,0,1,Feminino,0,0,8,11,14,11,12.75,0,3,7,7,7,13.428571428571399,0,9.4,-0.8,-3.12,Graduado,Graduado,0,0
Solteiro,Jornalismo e Comunicação,12º Ano de Escolaridade - Não Concluído,133.1,Português,102.0,0,0,1,Masculino,0,0,0,6,11,3,13.0,0,0,6,15,1,12.0,0,7.6,2.6,0.32,Desistente,Desistente,1,1
Solteiro,Gestão de Publicidade e Marketing,Ensino Secundário,120.0,Português,111.3,0,0,1,Masculino,0,0,0,5,7,3,11.333333333333304,0,0,5,7,4,11.0,0,9.4,-0.8,-3.12,Matriculado,Matriculado,0,
Solteiro,Gestão de Publicidade e Marketing,Ensino Secundário,148.0,Português,130.9,0,1,0,Masculino,0,0,0,6,12,0,0.0,0,0,6,9,0,0.0,0,10.8,1.4,1.74,Desistente,Desistente,1,1
Solteiro,Design de Animação e Multimédia,Ensino Secundário,133.1,Português,100.0,0,1,1,Masculino,1,0,0,0,0,0,0.0,0,0,0,0,0,0.0,0,15.5,2.8,-4.06,Desistente,Desistente,1,1
Solteiro,Gestão,Ensino Secundário,115.0,Português,112.9,0,0,0,Masculino,0,0,0,5,7,2,12.5,0,0,5,13,1,11.0,0,9.4,-0.8,-3.12,Desistente,Desistente,1,1
Solteiro,Enfermagem Veterinária,Ensino Secundário,120.0,Português,112.7,0,0,1,Masculino,0,0,0,6,7,6,14.8571428571428,0,0,6,8,6,14.142857142857096,0,11.1,0.6,2.02,Graduado,Graduado,0,0
Divorciado,Serviço Social (prestação nocturna),Ensino Secundário,133.1,Português,143.0,0,0,1,Masculino,0,0,3,9,13,8,12.0,0,2,7,8,7,11.571428571428502,0,12.7,3.7,-1.7,Graduado,Graduado,0,0
Solteiro,Design de Animação e Multimédia,Ensino Secundário,168.0,Português,155.1,0,1,0,Masculino,1,0,0,0,0,0,0.0,0,0,0,0,0,0.0,0,12.7,3.7,-1.7,Graduado,Graduado,0,0
Divorciado,Gestão (presencial noturno),Ensino Secundário,130.0,Português,127.6,0,0,1,Masculino,0,0,0,5,5,0,0.0,0,0,5,5,0,0.0,0,7.6,2.6,0.32,Matriculado,Matriculado,0,
Casado,Enfermagem,Ensino Básico (2º Ciclo),133.1,Português,146.6,0,0,1,Masculino,0,0,0,7,8,7,12.828571428571399,0,0,8,8,8,12.6875,0,13.9,-0.3,0.79,Graduado,Graduado,0,0
Solteiro,Enfermagem,Ensino Secundário,137.0,Português,141.0,0,0,1,Masculino,0,0,0,7,0,0,0.0,0,0,8,0,0,0.0,0,12.4,0.5,1.79,Desistente,Desistente,1,1
Solteiro,Gestão de Publicidade e Marketing,Ensino Secundário,123.0,Português,120.6,0,0,1,Masculino,0,0,0,6,6,6,13.333333333333304,0,0,6,8,5,14.0,0,8.9,1.4,3.51,Graduado,Graduado,0,0
Solteiro,Enfermagem,Ensino Secundário,150.0,Português,110.0,0,0,1,Masculino,1,0,6,14,20,14,13.072857142857098,6,6,14,20,14,13.072857142857098,6,9.4,-0.8,-3.12,Graduado,Graduado,0,0
Solteiro,Engenharia Informática,Ensino Secundário,120.0,Português,108.6,0,0,0,Masculino,0,0,2,7,13,5,12.0,0,2,7,7,3,11.0,0,15.5,2.8,-4.06,Desistente,Desistente,1,1
Solteiro,Turismo,Ensino Secundário,145.0,Português,134.9,0,0,1,Feminino,0,0,0,6,6,6,15.5,0,0,6,6,6,16.0,0,12.4,0.5,1.79,Graduado,Graduado,0,0
Solteiro,Equincultura,Curso de Especialização Tecnológica,120.0,Português,120.0,0,0,1,Feminino,0,0,0,6,6,0,0.0,0,0,6,6,0,0.0,0,12.4,0.5,1.79,Desistente,Desistente,1,1
Solteiro,Jornalismo e Comunicação,Ensino Secundário,142.0,Português,141.3,0,0,1,Feminino,1,0,0,6,7,6,14.714285714285703,0,0,6,6,6,15.1666666666666,0,13.9,-0.3,0.79,Graduado,Graduado,0,0
Solteiro,Enfermagem Veterinária,Ensino Secundário,147.0,Português,135.6,0,0,1,Feminino,0,0,0,6,7,6,16.7142857142857,0,0,6,6,6,15.333333333333304,0,13.9,-0.3,0.79,Graduado,Graduado,0,0
Solteiro,Serviço Social,Ensino Secundário,125.0,Português,121.5,0,0,1,Feminino,1,0,0,6,9,6,10.857142857142803,0,0,6,7,6,11.666666666666602,0,12.4,0.5,1.79,Graduado,Graduado,0,0
Solteiro,Enfermagem,Ensino Secundário,126.0,Português,125.0,0,0,1,Feminino,0,0,0,7,8,6,11.658333333333303,0,0,8,11,6,12.416666666666602,0,12.4,0.5,1.79,Graduado,Graduado,0,0
Solteiro,Jornalismo e Comunicação,Ensino Secundário,132.0,Guineense,119.1,0,0,1,Feminino,1,1,0,6,8,5,11.6,0,0,6,7,6,12.0,0,9.4,-0.8,-3.12,Graduado,Graduado,0,0
Solteiro,Gestão de Publicidade e Marketing,Ensino Secundário,122.0,Português,126.6,0,0,1,Feminino,0,0,0,6,8,6,14.625,0,0,6,9,6,14.142857142857096,0,11.1,0.6,2.02,Matriculado,Matriculado,0,
Solteiro,Jornalismo e Comunicação,Ensino Secundário,123.0,Português,116.7,0,0,1,Feminino,1,0,0,6,6,6,12.166666666666602,0,0,6,8,6,12.666666666666602,0,12.4,0.5,1.79,Graduado,Graduado,0,0
Solteiro,Enfermagem,Ensino Secundário,126.0,Português,120.1,0,0,1,Feminino,0,0,0,7,12,4,13.375,0,0,7,8,6,12.116666666666601,0,12.4,0.5,1.79,Matriculado,Matriculado,0,
Solteiro,Ensino Básico,Ensino Secundário,128.0,Português,124.9,0,0,1,Feminino,1,0,0,6,6,6,12.5,0,0,6,6,6,12.833333333333304,0,12.7,3.7,-1.7,Graduado,Graduado,0,0
Solteiro,Enfermagem,Ensino Secundário,100.0,Português,114.0,0,1,0,Feminino,0,0,0,7,8,5,12.56,0,0,7,8,5,12.56,0,7.6,2.6,0.32,Desistente,Desistente,1,1
Solteiro,Enfermagem,Ensino Secundário,140.0,Português,131.1,0,0,1,Feminino,0,0,0,7,7,7,13.19,0,0,8,8,8,14.23125,0,11.1,0.6,2.02,Graduado,Graduado,0,0
Solteiro,Serviço Social,Ensino Secundário,145.0,Português,129.3,0,1,1,Feminino,1,0,0,6,11,3,11.0,0,0,6,9,4,11.25,0,10.8,1.4,1.74,Graduado,Graduado,0,0
Solteiro,Design de Animação e Multimédia,Ensino Secundário,143.0,Português,129.7,0,0,1,Feminino,0,0,0,0,0,0,0.0,0,0,0,0,0,0.0,0,13.9,-0.3,0.79,Graduado,Graduado,0,0
Solteiro,Serviço Social,Ensino Secundário,132.0,Português,120.8,0,0,1,Feminino,1,0,0,6,11,5,11.6,0,0,6,10,6,11.714285714285698,0,15.5,2.8,-4.06,Graduado,Graduado,0,0
Solteiro,Enfermagem,Ensino Secundário,130.0,Português,135.0,0,0,1,Feminino,0,0,0,7,7,6,14.2666666666666,0,0,7,7,6,14.2666666666666,0,7.6,2.6,0.32,Graduado,Graduado,0,0
Solteiro,Gestão,Ensino Secundário,129.0,Português,117.8,0,0,1,Feminino,1,0,0,5,6,4,11.0,0,0,5,9,4,13.8571428571428,0,10.8,1.4,1.74,Matriculado,Matriculado,0,
Casado,Serviço Social (prestação nocturna),Ensino Superior - Licenciatura,124.4,Português,130.0,0,0,1,Feminino,0,0,8,10,11,9,12.666666666666602,0,3,7,7,7,12.428571428571399,1,7.6,2.6,0.32,Graduado,Graduado,0,0
Solteiro,Jornalismo e Comunicação,Ensino Secundário,127.0,Português,117.6,0,0,1,Feminino,0,0,0,6,6,0,0.0,0,0,6,10,3,11.0,0,16.2,0.3,-0.92,Matriculado,Matriculado,0,
Solteiro,Enfermagem,Ensino Secundário,144.0,Português,130.8,0,0,1,Feminino,0,0,0,8,11,7,12.771428571428503,0,0,8,11,7,12.771428571428503,0,12.7,3.7,-1.7,Graduado,Graduado,0,0
Solteiro,Enfermagem Veterinária,Ensino Secundário,121.0,Português,111.9,0,0,1,Feminino,0,0,0,5,12,0,0.0,3,0,5,5,0,0.0,0,12.7,3.7,-1.7,Desistente,Desistente,1,1
Solteiro,Serviço Social,Ensino Secundário,150.0,Português,145.9,0,0,1,Feminino,1,0,3,6,6,6,15.5,0,2,6,7,6,13.571428571428504,0,13.9,-0.3,0.79,Graduado,Graduado,0,0
Solteiro,Gestão de Publicidade e Marketing,Ensino Secundário,115.0,Português,109.1,0,0,1,Feminino,1,0,0,6,7,6,13.285714285714198,0,0,6,9,5,14.6,0,12.4,0.5,1.79,Matriculado,Matriculado,0,
Solteiro,Enfermagem,Ensino Secundário,125.0,Português,120.3,0,0,1,Feminino,0,0,0,7,11,5,11.716666666666601,0,0,7,8,5,13.7,0,13.9,-0.3,0.79,Matriculado,Matriculado,0,
Solteiro,Equincultura,Ensino Secundário,117.0,Português,113.5,0,0,1,Feminino,0,0,0,6,8,6,11.333333333333304,0,0,6,12,4,13.75,0,8.9,1.4,3.51,Desistente,Desistente,1,1
Solteiro,Gestão de Publicidade e Marketing,Ensino Secundário,121.0,Português,135.4,0,0,1,Feminino,1,0,0,6,6,6,13.333333333333304,0,0,6,10,5,13.4,0,8.9,1.4,3.51,Graduado,Graduado,0,0
Casado,Gestão (presencial noturno),Ensino Secundário,140.0,Português,130.2,0,0,1,Feminino,1,0,0,5,13,4,12.333333333333304,0,0,5,14,2,10.0,4,16.2,0.3,-0.92,Graduado,Graduado,0,0
Solteiro,Design de Comunicação,Ensino Secundário,129.0,Português,136.4,0,0,1,Feminino,0,0,0,6,6,6,12.333333333333304,0,0,6,6,6,12.833333333333304,0,7.6,2.6,0.32,Matriculado,Matriculado,0,
Solteiro,Design de Animação e Multimédia,Ensino Secundário,130.0,Português,126.9,0,0,1,Feminino,0,0,0,0,0,0,0.0,0,0,0,0,0,0.0,0,12.7,3.7,-1.7,Desistente,Desistente,1,1
Solteiro,Gestão,Ensino Secundário,131.0,Português,119.8,0,0,1,Feminino,0,0,0,5,8,5,12.6,0,0,5,9,4,11.6,0,8.9,1.4,3.51,Graduado,Graduado,0,0
Solteiro,Gestão,Ensino Secundário,137.0,Português,124.4,0,0,1,Feminino,0,0,0,5,5,5,12.6,0,0,5,5,4,11.0,0,11.1,0.6,2.02,Matriculado,Matriculado,0,
Casado,Agronomia,Ensino Secundário,150.0,Português,120.0,0,1,0,Feminino,0,0,1,6,10,6,14.333333333333304,0,0,6,9,6,12.833333333333304,0,11.1,0.6,2.02,Matriculado,Matriculado,0,
Solteiro,Gestão de Publicidade e Marketing,Ensino Secundário,117.0,Português,111.8,0,0,1,Feminino,0,0,0,5,8,3,12.0,0,0,5,9,2,11.0,1,7.6,2.6,0.32,Matriculado,Matriculado,0,
Solteiro,Enfermagem Veterinária,Ensino Secundário,133.1,Português,130.0,0,0,1,Feminino,0,0,0,6,7,6,14.8571428571428,0,0,6,10,5,13.6,0,13.9,-0.3,0.79,Graduado,Graduado,0,0
Casado,Gestão,Ensino Secundário,130.0,Português,138.0,0,0,1,Feminino,0,0,12,15,17,12,11.916666666666602,0,11,13,13,11,13.181818181818102,0,7.6,2.6,0.32,Graduado,Graduado,0,0
Casado,Gestão (presencial noturno),Ensino Secundário,110.0,Português,114.6,0,0,1,Feminino,0,0,0,5,5,0,0.0,0,0,5,5,0,0.0,0,7.6,2.6,0.32,Desistente,Desistente,1,1
Casado,Gestão,Ensino Secundário,140.0,Português,108.0,0,0,1,Feminino,0,0,0,5,12,3,13.333333333333304,1,0,5,8,5,12.2,0,9.4,-0.8,-3.12,Matriculado,Matriculado,0,
Solteiro,Gestão (presencial noturno),Ensino Secundário,140.0,Português,140.0,0,0,0,Feminino,0,0,0,5,5,0,0.0,0,0,5,5,0,0.0,0,15.5,2.8,-4.06,Desistente,Desistente,1,1
Solteiro,Enfermagem Veterinária,Ensino Secundário,148.0,Português,134.7,0,0,1,Feminino,0,0,0,6,6,6,17.0,0,0,6,6,6,15.5,0,8.9,1.4,3.51,Graduado,Graduado,0,0
Solteiro,Enfermagem Veterinária,Ensino Secundário,130.0,Português,110.0,0,0,1,Feminino,1,0,0,6,13,3,11.666666666666602,0,0,6,14,2,11.333333333333304,0,11.1,0.6,2.02,Matriculado,Matriculado,0,
Casado,Agronomia,Ensino Secundário,140.0,Português,104.8,0,0,1,Feminino,0,0,14,19,24,19,12.210526315789398,0,11,13,13,13,11.384615384615298,0,15.5,2.8,-4.06,Graduado,Graduado,0,0
Casado,Design de Comunicação,Ensino Secundário,160.0,Português,126.5,0,0,1,Feminino,1,0,1,6,8,6,13.0,1,0,6,9,5,12.857142857142804,0,13.9,-0.3,0.79,Graduado,Graduado,0,0
Divorciado,Gestão (presencial noturno),Ensino Secundário,130.0,Português,118.1,0,1,0,Feminino,0,0,0,5,0,0,0.0,0,0,5,0,0,0.0,0,12.7,3.7,-1.7,Desistente,Desistente,1,1
Casado,Gestão (presencial noturno),Ensino Secundário,120.0,Português,119.9,0,0,1,Feminino,0,0,0,5,9,2,10.5,0,0,5,7,3,11.0,0,12.7,3.7,-1.7,Matriculado,Matriculado,0,
Solteiro,Agronomia,Curso de Especialização Tecnológica,160.0,Português,160.0,0,0,1,Feminino,0,0,0,6,7,6,13.571428571428504,0,0,6,9,6,12.714285714285698,0,12.4,0.5,1.79,Graduado,Graduado,0,0
Casado,Higiene Oral,Outro - 11º Ano de Escolaridade,133.1,Português,100.5,0,0,1,Feminino,0,0,0,3,7,1,14.0,0,0,2,4,0,0.0,0,11.1,0.6,2.02,Desistente,Desistente,1,1
Casado,Jornalismo e Comunicação,Ensino Básico (3º Ciclo),133.1,Português,110.0,0,0,0,Feminino,0,0,0,5,5,0,0.0,0,0,4,5,0,0.0,0,15.5,2.8,-4.06,Desistente,Desistente,1,1
Casado,Gestão,Ensino Secundário,100.0,Português,100.0,0,0,1,Feminino,0,0,13,15,20,13,12.4615384615384,1,10,13,13,10,11.1,1,15.5,2.8,-4.06,Desistente,Desistente,1,1
Solteiro,Enfermagem Veterinária,Curso de Especialização Tecnológica,140.0,Português,140.0,0,0,1,Feminino,0,0,0,6,8,4,14.4,0,0,6,6,5,13.0,0,13.9,-0.3,0.79,Graduado,Graduado,0,0
Solteiro,Jornalismo e Comunicação,Ensino Secundário,109.0,Português,109.0,0,0,0,Feminino,0,0,0,6,6,0,0.0,0,0,6,0,0,0.0,0,8.9,1.4,3.51,Desistente,Desistente,1,1
Solteiro,Jornalismo e Comunicação,Ensino Secundário,130.0,Português,120.9,0,1,1,Feminino,0,0,0,6,6,6,14.333333333333304,0,0,6,6,6,14.1666666666666,0,8.9,1.4,3.51,Graduado,Graduado,0,0
Solteiro,Agronomia,Curso Técnico Superior Profissional,130.0,Português,125.8,0,1,1,Feminino,0,0,7,13,21,11,11.909090909090901,0,5,11,14,11,10.727272727272698,0,8.9,1.4,3.51,Graduado,Graduado,0,0
Solteiro,Design de Comunicação,Ensino Secundário,164.0,Português,161.2,0,0,1,Feminino,0,0,1,6,8,6,13.7142857142857,1,0,6,8,6,14.375,0,13.9,-0.3,0.79,Graduado,Graduado,0,0
Solteiro,Enfermagem,Ensino Secundário,125.0,Português,122.0,0,1,1,Feminino,0,0,0,7,0,0,0.0,0,0,8,0,0,0.0,0,11.1,0.6,2.02,Desistente,Desistente,1,1
Solteiro,Enfermagem,Ensino Secundário,137.0,Português,127.9,0,0,1,Feminino,1,0,0,7,10,5,13.46,0,0,7,8,7,12.2375,0,11.1,0.6,2.02,Desistente,Desistente,1,1
Solteiro,Jornalismo e Comunicação,Ensino Secundário,133.0,Português,135.8,0,0,1,Feminino,0,0,0,6,6,6,15.0,0,0,6,6,6,13.333333333333304,0,11.1,0.6,2.02,Graduado,Graduado,0,0
Solteiro,Design de Animação e Multimédia,Ensino Secundário,163.0,Português,149.7,0,0,1,Feminino,1,0,0,0,0,0,0.0,0,0,0,0,0,0.0,0,13.9,-0.3,0.79,Desistente,Desistente,1,1
Solteiro,Gestão de Publicidade e Marketing,Ensino Secundário,160.0,Português,137.3,0,0,1,Feminino,0,0,0,6,7,5,13.4,0,0,6,6,5,12.8,0,12.7,3.7,-1.7,Graduado,Graduado,0,0
Divorciado,Serviço Social (prestação nocturna),Outro - 11º Ano de Escolaridade,133.1,Português,106.0,0,0,1,Feminino,0,0,0,6,9,5,13.0,0,0,6,10,4,12.5,0,7.6,2.6,0.32,Matriculado,Matriculado,0,
Divorciado,Serviço Social,Ensino Secundário,120.0,Português,110.0,0,1,1,Feminino,0,0,0,6,13,4,11.25,0,0,6,8,4,13.75,0,13.9,-0.3,0.79,Graduado,Graduado,0,0
Solteiro,Enfermagem Veterinária,Ensino Secundário,140.0,Português,146.4,0,0,1,Feminino,0,0,0,5,5,5,12.6,0,0,5,7,5,11.6,0,7.6,2.6,0.32,Graduado,Graduado,0,0
Casado,Serviço Social (prestação nocturna),Ensino Secundário,140.0,Português,121.0,0,0,1,Feminino,0,0,0,6,8,6,12.666666666666602,0,0,6,6,6,11.833333333333304,0,10.8,1.4,1.74,Graduado,Graduado,0,0
Solteiro,Ensino Básico,Ensino Secundário,140.0,Português,125.2,0,1,1,Feminino,0,0,20,21,23,21,12.333333333333304,0,19,19,19,19,12.1052631578947,0,12.4,0.5,1.79,Graduado,Graduado,0,0
Solteiro,Jornalismo e Comunicação,Ensino Secundário,115.0,Português,119.6,0,0,1,Feminino,1,0,0,6,11,5,12.0,0,0,6,11,5,11.0,0,7.6,2.6,0.32,Desistente,Desistente,1,1
Divorciado,Gestão,Ensino Secundário,140.0,Português,142.8,0,0,1,Feminino,0,0,0,5,5,5,16.4,0,0,5,5,5,16.6,0,7.6,2.6,0.32,Graduado,Graduado,0,0
Casado,Serviço Social (prestação nocturna),Ensino Básico (3º Ciclo),133.1,Português,123.5,0,0,1,Feminino,0,0,0,1,1,0,0.0,1,0,6,0,0,0.0,0,10.8,1.4,1.74,Desistente,Desistente,1,1
Solteiro,Agronomia,Ensino Básico (3º Ciclo),133.1,Português,100.0,0,0,1,Feminino,0,0,0,6,10,6,12.75,0,0,6,6,4,14.75,0,13.9,-0.3,0.79,Graduado,Graduado,0,0
Casado,Gestão,Ensino Secundário,110.0,Português,140.0,0,0,1,Feminino,0,0,0,5,14,4,14.5,1,0,5,12,5,13.0,0,9.4,-0.8,-3.12,Matriculado,Matriculado,0,
Casado,Gestão (presencial noturno),Ensino Básico (3º Ciclo),133.1,Português,150.3,0,0,1,Feminino,0,0,0,5,5,5,14.8,0,0,5,5,5,14.4,0,7.6,2.6,0.32,Graduado,Graduado,0,0
Solteiro,Design de Animação e Multimédia,Ensino Superior - Licenciatura,116.0,Português,128.2,0,0,1,Feminino,0,0,12,17,22,17,10.3684210526315,0,14,17,18,17,11.5,0,11.1,0.6,2.02,Graduado,Graduado,0,0
Casado,Enfermagem,Ensino Secundário,110.0,Português,114.3,0,0,1,Feminino,0,0,0,7,0,0,0.0,0,0,8,0,0,0.0,0,10.8,1.4,1.74,Desistente,Desistente,1,1
Casado,Gestão (presencial noturno),Ensino Secundário,140.0,Português,117.3,0,0,1,Feminino,0,0,6,10,15,6,10.666666666666602,0,5,10,17,9,11.333333333333304,1,7.6,2.6,0.32,Matriculado,Matriculado,0,
União de Fato,Turismo,Ensino Superior - Licenciatura,120.0,Português,120.0,0,0,1,Feminino,0,0,9,15,21,13,12.692307692307603,0,12,15,22,13,12.384615384615298,0,10.8,1.4,1.74,Graduado,Graduado,0,0
Casado,Gestão (presencial noturno),Outro - 11º Ano de Escolaridade,133.1,Português,110.7,0,0,1,Feminino,0,0,0,5,0,0,0.0,0,0,5,0,0,0.0,0,7.6,2.6,0.32,Desistente,Desistente,1,1
Solteiro,Gestão,Ensino Secundário,160.0,Português,118.0,0,0,1,Feminino,0,0,14,15,15,15,11.8,0,12,13,13,12,11.666666666666602,1,8.9,1.4,3.51,Matriculado,Matriculado,0,
Solteiro,Higiene Oral,Ensino Secundário,133.1,Espanhol,169.2,0,1,0,Feminino,0,1,0,7,7,0,0.0,0,0,5,10,0,0.0,0,12.4,0.5,1.79,Desistente,Desistente,1,1
Solteiro,Serviço Social (prestação nocturna),Ensino Secundário,120.0,Português,106.8,0,0,1,Feminino,0,0,0,6,9,5,12.333333333333304,0,0,6,12,4,11.5,0,13.9,-0.3,0.79,Matriculado,Matriculado,0,
Casado,Ensino Básico,Ensino Secundário,133.1,Português,100.0,0,0,1,Feminino,0,0,6,12,18,11,13.0,0,4,13,22,8,11.875,0,12.7,3.7,-1.7,Desistente,Desistente,1,1
Divorciado,Serviço Social (prestação nocturna),Ensino Secundário,133.1,Português,144.5,0,0,1,Feminino,0,0,0,6,13,4,12.5,0,0,6,8,3,11.666666666666602,0,16.2,0.3,-0.92,Desistente,Desistente,1,1
Divorciado,Serviço Social (prestação nocturna),Ensino Básico (3º Ciclo),133.1,Português,134.5,0,0,1,Feminino,1,0,0,6,8,5,12.2,0,0,6,10,4,11.25,0,12.4,0.5,1.79,Graduado,Graduado,0,0
Solteiro,Serviço Social,Ensino Secundário,122.0,Português,114.3,0,0,1,Feminino,0,0,5,10,15,8,11.0,0,2,7,16,5,11.2,0,9.4,-0.8,-3.12,Matriculado,Matriculado,0,
Casado,Gestão (presencial noturno),Ensino Secundário,133.1,Português,113.4,0,0,1,Feminino,0,0,0,5,14,1,10.0,0,0,5,13,2,12.0,0,12.4,0.5,1.79,Desistente,Desistente,1,1
Casado,Serviço Social (prestação nocturna),Ensino Secundário,140.0,Português,128.0,0,0,1,Feminino,1,0,0,6,7,6,12.333333333333304,0,0,6,8,6,11.5,0,8.9,1.4,3.51,Graduado,Graduado,0,0
Solteiro,Agronomia,Ensino Superior - Licenciatura,120.0,Português,120.0,0,0,1,Feminino,0,0,9,13,13,13,14.307692307692301,0,5,12,15,12,15.230769230769198,0,15.5,2.8,-4.06,Graduado,Graduado,0,0
Solteiro,Serviço Social (prestação nocturna),Ensino Superior - Licenciatura,130.0,Português,147.5,0,0,1,Feminino,0,0,7,11,13,11,14.4545454545454,0,6,8,8,8,13.5,0,12.7,3.7,-1.7,Graduado,Graduado,0,0
Casado,Gestão (presencial noturno),Ensino Secundário,120.0,Português,120.7,0,0,1,Feminino,0,0,0,5,6,5,11.0,0,0,5,5,5,13.2,0,7.6,2.6,0.32,Graduado,Graduado,0,0
Solteiro,Ensino Básico,Ensino Secundário,153.0,Português,153.7,0,0,1,Feminino,1,0,0,6,8,6,13.142857142857096,0,0,6,6,6,12.833333333333304,0,15.5,2.8,-4.06,Graduado,Graduado,0,0
Solteiro,Serviço Social,Ensino Secundário,131.0,Português,121.9,0,0,1,Feminino,1,0,0,6,8,6,13.75,0,0,6,7,6,11.857142857142803,0,16.2,0.3,-0.92,Graduado,Graduado,0,0
Solteiro,Gestão de Publicidade e Marketing,Ensino Secundário,126.0,Português,119.4,0,0,1,Feminino,1,0,0,6,6,6,14.0,0,0,6,9,5,13.8,0,8.9,1.4,3.51,Graduado,Graduado,0,0
Casado,Serviço Social (prestação nocturna),Outro - 11º Ano de Escolaridade,110.0,Português,157.8,0,0,1,Feminino,0,0,5,8,13,8,13.75,0,2,6,9,6,12.5,0,7.6,2.6,0.32,Graduado,Graduado,0,0
Solteiro,Gestão (presencial noturno),Ensino Secundário,150.0,Português,154.0,0,0,1,Feminino,0,0,0,5,5,0,0.0,0,0,5,6,0,0.0,0,12.4,0.5,1.79,Desistente,Desistente,1,1
Solteiro,Gestão de Publicidade e Marketing,Ensino Secundário,131.0,Português,135.9,0,0,1,Feminino,1,0,0,6,6,6,13.1666666666666,0,0,6,8,6,12.428571428571399,0,8.9,1.4,3.51,Graduado,Graduado,0,0
Casado,Serviço Social (prestação nocturna),Ensino Secundário,130.0,Português,130.0,0,0,1,Feminino,0,0,10,12,12,9,12.4444444444444,3,4,7,8,6,12.0,0,9.4,-0.8,-3.12,Desistente,Desistente,1,1
Solteiro,Ensino Básico,Ensino Secundário,122.0,Português,118.9,0,0,1,Feminino,0,0,0,6,7,6,12.666666666666602,0,0,6,7,5,13.0,0,7.6,2.6,0.32,Graduado,Graduado,0,0
Casado,Serviço Social (prestação nocturna),Ensino Secundário,151.0,Português,152.4,0,0,1,Feminino,0,0,0,6,7,6,11.333333333333304,0,0,6,7,6,10.5,0,10.8,1.4,1.74,Graduado,Graduado,0,0
Solteiro,Gestão (presencial noturno),Ensino Secundário,120.0,Português,147.8,0,0,1,Feminino,0,0,0,5,9,4,11.25,0,0,5,6,5,12.0,0,13.9,-0.3,0.79,Matriculado,Matriculado,0,
Solteiro,Enfermagem,Ensino Secundário,136.0,Português,100.0,0,0,1,Feminino,0,0,0,7,8,7,13.6125,0,0,8,8,8,14.575,0,13.9,-0.3,0.79,Graduado,Graduado,0,0
Solteiro,Enfermagem,Ensino Secundário,140.0,Português,129.0,0,0,1,Feminino,0,0,0,8,8,7,12.414285714285697,0,0,8,8,7,12.414285714285697,0,12.7,3.7,-1.7,Graduado,Graduado,0,0
Solteiro,Design de Animação e Multimédia,Ensino Secundário,131.0,Português,148.9,0,0,1,Feminino,0,0,0,0,0,0,0.0,0,0,0,0,0,0.0,0,9.4,-0.8,-3.12,Graduado,Graduado,0,0
Casado,Gestão (presencial noturno),Ensino Superior - Licenciatura,120.0,Português,120.0,0,0,1,Feminino,0,0,8,12,21,11,11.5,0,7,12,22,12,11.4375,0,9.4,-0.8,-3.12,Matriculado,Matriculado,0,
Casado,Serviço Social (prestação nocturna),Ensino Superior - Licenciatura,170.0,Português,170.0,0,0,1,Feminino,0,0,0,5,5,0,0.0,0,0,6,0,0,0.0,0,9.4,-0.8,-3.12,Desistente,Desistente,1,1
Casado,Higiene Oral,Ensino Secundário,100.0,Espanhol,130.0,0,0,1,Feminino,0,1,0,7,10,7,11.0,0,0,8,8,8,13.125,0,12.7,3.7,-1.7,Graduado,Graduado,0,0
Solteiro,Serviço Social,Ensino Secundário,116.0,Português,119.2,0,0,1,Feminino,1,0,0,6,6,6,14.0,0,0,6,6,6,13.5,0,8.9,1.4,3.51,Graduado,Graduado,0,0
Solteiro,Serviço Social (prestação nocturna),Ensino Secundário,133.1,Português,129.0,0,0,1,Feminino,0,0,0,6,13,4,12.0,0,0,6,10,3,12.0,0,16.2,0.3,-0.92,Desistente,Desistente,1,1
Solteiro,Jornalismo e Comunicação,Ensino Secundário,136.0,Português,132.5,0,0,1,Feminino,0,0,0,6,7,6,12.5,0,0,6,7,6,12.5,0,10.8,1.4,1.74,Graduado,Graduado,0,0
Divorciado,Serviço Social (prestação nocturna),Ensino Secundário,160.0,Português,115.0,0,0,1,Feminino,1,0,0,6,8,6,11.333333333333304,0,0,6,9,6,11.333333333333304,0,10.8,1.4,1.74,Graduado,Graduado,0,0
Casado,Enfermagem,Ensino Secundário,140.0,Português,128.0,0,0,1,Feminino,1,0,0,7,7,6,14.0666666666666,0,0,7,7,6,14.0666666666666,0,7.6,2.6,0.32,Graduado,Graduado,0,0
Solteiro,Enfermagem Veterinária,Ensino Secundário,130.0,Português,125.1,0,0,1,Feminino,0,0,2,9,14,8,13.5555555555555,0,2,7,10,7,13.571428571428504,0,7.6,2.6,0.32,Graduado,Graduado,0,0
Solteiro,Agronomia,Ensino Secundário,140.0,Português,140.0,0,1,0,Feminino,0,0,0,6,13,5,11.6,0,0,6,11,4,12.25,0,12.4,0.5,1.79,Desistente,Desistente,1,1
Solteiro,Jornalismo e Comunicação,Ensino Secundário,123.0,Português,120.9,0,0,1,Feminino,0,0,0,6,0,0,0.0,0,0,6,0,0,0.0,0,13.9,-0.3,0.79,Desistente,Desistente,1,1
Solteiro,Enfermagem,Ensino Secundário,143.0,Português,135.3,0,0,1,Feminino,0,0,0,8,8,8,13.27625,0,0,8,8,8,13.27625,0,9.4,-0.8,-3.12,Graduado,Graduado,0,0
Solteiro,Enfermagem Veterinária,Ensino Secundário,133.1,Português,125.2,0,0,1,Feminino,0,0,0,6,0,0,0.0,0,0,6,0,0,0.0,0,7.6,2.6,0.32,Desistente,Desistente,1,1
Solteiro,Serviço Social,Ensino Secundário,136.0,Português,135.7,0,0,1,Feminino,0,0,0,6,8,6,14.375,0,0,6,8,6,14.75,0,7.6,2.6,0.32,Graduado,Graduado,0,0
Separado Judicialmente,Gestão,Ensino Secundário,133.1,Português,110.0,0,0,1,Feminino,0,0,0,5,0,0,0.0,0,0,5,0,0,0.0,0,9.4,-0.8,-3.12,Desistente,Desistente,1,1
Separado Judicialmente,Serviço Social (prestação nocturna),Ensino Secundário,133.1,Português,119.0,0,0,1,Feminino,1,0,0,6,7,6,10.666666666666602,0,0,6,9,5,11.8,0,10.8,1.4,1.74,Matriculado,Matriculado,0,
Casado,Serviço Social (prestação nocturna),Ensino Superior - Licenciatura,110.0,Português,110.0,0,0,1,Feminino,0,0,9,13,19,12,13.4166666666666,0,4,10,10,10,14.5,0,16.2,0.3,-0.92,Graduado,Graduado,0,0
Solteiro,Enfermagem,Ensino Secundário,118.0,Português,115.2,0,0,1,Feminino,0,0,0,7,9,6,12.971666666666602,0,0,8,9,7,12.321428571428502,0,11.1,0.6,2.02,Graduado,Graduado,0,0
Solteiro,Gestão (presencial noturno),Ensino Superior - Licenciatura,110.0,Português,112.9,0,0,1,Feminino,0,0,14,15,16,14,10.928571428571399,0,12,14,16,12,11.833333333333304,0,9.4,-0.8,-3.12,Desistente,Desistente,1,1
União de Fato,Agronomia,Ensino Básico (3º Ciclo),133.1,Português,119.4,0,1,0,Feminino,0,0,0,6,6,0,0.0,0,0,6,7,0,0.0,0,8.9,1.4,3.51,Desistente,Desistente,1,1
Solteiro,Design de Animação e Multimédia,Ensino Secundário,162.0,Português,152.9,0,0,1,Feminino,1,0,0,0,0,0,0.0,0,0,0,0,0,0.0,0,12.4,0.5,1.79,Graduado,Graduado,0,0
Solteiro,Serviço Social (prestação nocturna),Ensino Secundário,155.0,Português,117.5,0,0,1,Feminino,0,0,0,6,6,4,13.25,0,0,6,6,0,0.0,0,12.7,3.7,-1.7,Matriculado,Matriculado,0,
Casado,Serviço Social,Ensino Básico (3º Ciclo),133.1,Português,98.5,0,0,1,Feminino,0,0,0,6,14,6,11.333333333333304,0,0,6,11,5,12.4,0,15.5,2.8,-4.06,Desistente,Desistente,1,1
Solteiro,Gestão de Publicidade e Marketing,Ensino Secundário,150.0,Português,108.0,0,0,1,Feminino,0,0,0,5,6,1,11.0,0,0,5,5,0,0.0,0,7.6,2.6,0.32,Desistente,Desistente,1,1
Casado,Enfermagem,Ensino Secundário,133.1,Português,120.0,0,0,1,Feminino,1,0,0,8,9,7,12.757142857142803,0,0,8,9,7,12.757142857142803,0,12.7,3.7,-1.7,Graduado,Graduado,0,0
Solteiro,Jornalismo e Comunicação,Ensino Secundário,154.0,Português,150.2,0,0,1,Feminino,1,0,0,6,6,6,14.5,0,0,6,6,6,14.6666666666666,0,16.2,0.3,-0.92,Graduado,Graduado,0,0
Solteiro,Serviço Social (prestação nocturna),Curso de Especialização Tecnológica,140.0,Português,139.2,0,1,1,Feminino,0,0,3,6,6,6,13.833333333333304,0,2,6,7,6,14.571428571428504,0,12.4,0.5,1.79,Graduado,Graduado,0,0
Solteiro,Gestão,Ensino Secundário,158.0,Português,130.0,0,0,1,Feminino,0,0,0,5,8,4,11.25,0,0,5,7,5,10.4,0,7.6,2.6,0.32,Graduado,Graduado,0,0
Solteiro,Design de Animação e Multimédia,Ensino Secundário,122.0,Português,115.7,0,0,1,Feminino,0,0,0,0,0,0,0.0,0,0,0,0,0,0.0,0,9.4,-0.8,-3.12,Desistente,Desistente,1,1
Solteiro,Enfermagem,Ensino Secundário,136.0,Português,127.0,0,0,1,Feminino,0,0,0,8,10,1,13.67,7,0,8,10,1,13.67,7,9.4,-0.8,-3.12,Matriculado,Matriculado,0,
Solteiro,Gestão (presencial noturno),12º Ano de Escolaridade - Não Concluído,133.1,Português,118.1,0,0,1,Feminino,0,0,0,5,9,0,0.0,0,0,5,5,2,12.5,0,7.6,2.6,0.32,Desistente,Desistente,1,1
Solteiro,Equincultura,Ensino Secundário,132.0,Português,119.1,0,1,1,Feminino,0,0,0,5,10,1,13.0,4,0,5,14,0,0.0,8,10.8,1.4,1.74,Desistente,Desistente,1,1
Solteiro,Gestão (presencial noturno),Ensino Secundário,130.0,Português,111.9,0,1,1,Feminino,0,0,0,5,5,0,0.0,0,0,5,5,0,0.0,0,12.7,3.7,-1.7,Desistente,Desistente,1,1
Solteiro,Enfermagem,Ensino Secundário,144.0,Português,130.5,0,0,1,Feminino,0,0,0,8,12,7,11.971428571428502,0,0,8,12,7,11.971428571428502,0,12.7,3.7,-1.7,Graduado,Graduado,0,0
Casado,Serviço Social (prestação nocturna),Outro - 11º Ano de Escolaridade,133.1,Português,135.0,0,0,1,Feminino,0,0,0,6,12,0,0.0,0,1,6,11,0,0.0,1,7.6,2.6,0.32,Desistente,Desistente,1,1
Solteiro,Jornalismo e Comunicação,Ensino Secundário,133.1,Cabo-verdiano,130.0,0,1,1,Feminino,0,1,0,6,11,1,16.0,0,0,6,8,4,12.25,0,7.6,2.6,0.32,Desistente,Desistente,1,1
Solteiro,Enfermagem Veterinária,Ensino Secundário,150.0,Português,150.0,0,0,1,Feminino,0,0,0,6,0,0,0.0,0,0,6,0,0,0.0,0,10.8,1.4,1.74,Desistente,Desistente,1,1
Solteiro,Ensino Básico,Ensino Secundário,150.0,Português,150.2,0,0,0,Feminino,0,0,0,6,9,4,12.75,1,0,5,5,0,0.0,5,9.4,-0.8,-3.12,Desistente,Desistente,1,1
Casado,Gestão (presencial noturno),Ensino Secundário,110.0,Português,127.1,0,0,1,Feminino,0,0,0,5,9,4,11.0,0,0,5,10,4,10.75,1,7.6,2.6,0.32,Matriculado,Matriculado,0,
Solteiro,Serviço Social (prestação nocturna),Ensino Secundário,100.0,Português,107.5,0,0,1,Feminino,0,0,0,2,2,0,0.0,0,0,6,0,0,0.0,0,12.7,3.7,-1.7,Desistente,Desistente,1,1
Divorciado,Serviço Social (prestação nocturna),Ensino Superior - Licenciatura,100.0,Português,130.0,0,0,1,Feminino,1,0,0,6,7,5,12.2,0,0,6,6,6,12.333333333333304,0,9.4,-0.8,-3.12,Graduado,Graduado,0,0
Casado,Higiene Oral,Ensino Secundário,133.1,Russo,152.8,0,0,1,Feminino,0,1,0,7,9,7,12.428571428571399,0,0,8,8,8,12.3,0,12.4,0.5,1.79,Matriculado,Matriculado,0,
Solteiro,Design de Animação e Multimédia,Ensino Secundário,145.0,Português,160.1,0,0,1,Feminino,1,0,6,12,12,12,14.5,0,4,11,15,11,13.583333333333304,0,8.9,1.4,3.51,Graduado,Graduado,0,0
Solteiro,Agronomia,Ensino Secundário,130.0,Português,140.0,0,0,1,Feminino,0,0,6,12,13,6,13.0,0,4,12,14,11,13.833333333333304,0,15.5,2.8,-4.06,Graduado,Graduado,0,0
Solteiro,Enfermagem,Ensino Secundário,118.0,Português,110.7,0,0,1,Feminino,0,0,0,7,7,7,11.714285714285698,0,0,8,8,8,12.75,0,12.4,0.5,1.79,Graduado,Graduado,0,0
Casado,Ensino Básico,Ensino Secundário,133.1,Português,138.3,0,0,1,Feminino,0,0,0,7,12,4,10.25,0,0,7,10,3,13.0,0,11.1,0.6,2.02,Desistente,Desistente,1,1
Solteiro,Ensino Básico,Curso de Especialização Tecnológica,150.0,Português,150.0,0,0,1,Feminino,0,0,0,6,0,0,0.0,0,0,6,0,0,0.0,0,12.4,0.5,1.79,Desistente,Desistente,1,1
Solteiro,Gestão de Publicidade e Marketing,Ensino Secundário,113.0,Português,112.3,0,0,1,Feminino,0,0,0,6,9,6,12.375,0,0,6,7,6,13.142857142857096,0,11.1,0.6,2.02,Graduado,Graduado,0,0
Solteiro,Ensino Básico,Ensino Secundário,136.0,Português,122.0,0,0,1,Feminino,0,0,0,6,6,6,12.666666666666602,0,0,6,6,6,12.0,0,7.6,2.6,0.32,Graduado,Graduado,0,0
Solteiro,Enfermagem Veterinária,Ensino Secundário,140.0,Português,141.7,0,0,1,Feminino,0,0,0,6,13,3,10.5,0,0,6,19,1,12.0,0,12.4,0.5,1.79,Desistente,Desistente,1,1
Casado,Agronomia,Ensino Secundário,131.0,Português,118.4,0,0,1,Feminino,0,0,0,6,11,6,14.125,0,0,6,10,5,12.6,0,13.9,-0.3,0.79,Graduado,Graduado,0,0
Solteiro,Enfermagem Veterinária,Ensino Secundário,138.0,Português,128.7,0,0,1,Feminino,0,0,0,6,7,6,14.6666666666666,0,0,6,12,6,13.833333333333304,0,8.9,1.4,3.51,Graduado,Graduado,0,0
Casado,Gestão de Publicidade e Marketing,Ensino Secundário,100.0,Português,100.0,0,0,1,Feminino,0,0,0,5,8,5,11.4,0,0,5,7,3,12.333333333333304,0,9.4,-0.8,-3.12,Matriculado,Matriculado,0,
Solteiro,Design de Animação e Multimédia,Ensino Secundário,140.0,Português,100.8,1,0,1,Feminino,0,0,0,0,0,0,0.0,0,0,0,0,0,0.0,0,16.2,0.3,-0.92,Desistente,Desistente,1,1
Divorciado,Serviço Social,Ensino Secundário,120.0,Português,125.5,0,0,1,Feminino,1,0,0,6,7,6,14.0,0,0,6,7,5,14.8,0,12.7,3.7,-1.7,Graduado,Graduado,0,0
Solteiro,Design de Animação e Multimédia,Ensino Secundário,139.0,Português,124.0,0,0,1,Feminino,0,0,0,0,0,0,0.0,0,0,0,0,0,0.0,0,7.6,2.6,0.32,Graduado,Graduado,0,0
Solteiro,Enfermagem,Ensino Superior - Licenciatura,130.0,Português,130.0,0,0,1,Feminino,0,0,0,7,7,0,0.0,7,0,7,7,0,0.0,7,16.2,0.3,-0.92,Desistente,Desistente,1,1
Casado,Serviço Social (prestação nocturna),Ensino Superior - Licenciatura,110.0,Português,160.5,0,0,1,Feminino,0,0,8,11,11,11,12.6363636363636,0,5,8,8,8,11.0,0,13.9,-0.3,0.79,Graduado,Graduado,0,0
Casado,Ensino Básico,Ensino Básico (3º Ciclo),133.1,Português,100.0,0,0,1,Feminino,0,0,0,6,11,3,12.333333333333304,0,0,6,13,2,11.0,0,7.6,2.6,0.32,Desistente,Desistente,1,1
União de Fato,Turismo,Ensino Secundário,133.1,Português,103.0,0,0,1,Feminino,0,0,0,6,7,6,15.0,0,0,6,10,6,12.833333333333304,0,10.8,1.4,1.74,Graduado,Graduado,0,0
Solteiro,Gestão de Publicidade e Marketing,Ensino Secundário,133.1,Português,103.0,0,0,1,Feminino,1,0,0,6,8,4,11.75,0,0,6,10,6,12.666666666666602,0,10.8,1.4,1.74,Graduado,Graduado,0,0
Solteiro,Enfermagem,Ensino Secundário,139.0,Português,131.5,0,0,1,Feminino,0,0,0,8,8,7,14.1371428571428,0,0,8,8,7,14.1371428571428,0,10.8,1.4,1.74,Graduado,Graduado,0,0
Solteiro,Design de Comunicação,Ensino Secundário,134.0,Português,121.4,0,0,1,Feminino,0,0,0,6,6,2,12.0,0,0,6,6,1,11.0,0,9.4,-0.8,-3.12,Desistente,Desistente,1,1
Casado,Gestão (presencial noturno),Ensino Superior - Licenciatura,160.0,Português,137.3,0,0,1,Feminino,0,0,0,5,5,5,10.8,0,0,5,9,4,11.5,0,9.4,-0.8,-3.12,Graduado,Graduado,0,0
Solteiro,Design de Comunicação,Ensino Secundário,124.0,Português,138.4,0,1,1,Feminino,1,0,1,6,8,6,13.285714285714198,1,0,6,8,6,12.5,0,13.9,-0.3,0.79,Desistente,Desistente,1,1
Solteiro,Gestão,Ensino Secundário,137.0,Português,131.1,0,1,1,Feminino,1,0,0,5,7,5,13.6,0,0,5,5,5,12.6,0,8.9,1.4,3.51,Graduado,Graduado,0,0
Solteiro,Enfermagem,Ensino Secundário,157.0,Português,100.0,0,0,1,Feminino,0,0,0,7,8,7,13.55,0,0,8,8,8,14.1875,0,13.9,-0.3,0.79,Graduado,Graduado,0,0
Solteiro,Enfermagem,Ensino Secundário,138.0,Português,133.0,0,0,1,Feminino,0,0,0,8,8,0,0.0,5,0,8,8,0,0.0,5,9.4,-0.8,-3.12,Matriculado,Matriculado,0,
Solteiro,Serviço Social (prestação nocturna),Ensino Secundário,100.0,Português,100.0,0,0,1,Feminino,0,0,0,6,10,4,13.5,0,1,6,7,6,11.166666666666602,0,7.6,2.6,0.32,Graduado,Graduado,0,0
Solteiro,Gestão de Publicidade e Marketing,Ensino Secundário,130.0,Português,159.0,0,0,1,Feminino,1,0,0,6,8,5,11.6,0,0,6,9,5,14.2,0,12.4,0.5,1.79,Graduado,Graduado,0,0
Solteiro,Serviço Social,Ensino Secundário,133.1,Português,120.6,0,0,1,Feminino,0,0,6,10,16,10,12.5,0,2,7,9,4,12.6,0,16.2,0.3,-0.92,Graduado,Graduado,0,0
Solteiro,Gestão (presencial noturno),Ensino Superior - Licenciatura,120.0,Português,134.0,0,0,1,Feminino,0,0,0,5,14,1,11.0,0,0,5,11,2,12.666666666666602,4,16.2,0.3,-0.92,Desistente,Desistente,1,1
Solteiro,Enfermagem Veterinária,Ensino Secundário,150.0,Português,139.4,0,0,1,Feminino,0,0,0,5,9,3,12.0,1,0,5,6,4,13.0,0,7.6,2.6,0.32,Matriculado,Matriculado,0,
Solteiro,Gestão,Ensino Secundário,128.0,Português,116.5,0,0,1,Feminino,0,0,0,5,8,4,11.6,0,0,5,10,3,12.333333333333304,0,7.6,2.6,0.32,Graduado,Graduado,0,0
Solteiro,Design de Animação e Multimédia,Ensino Secundário,124.0,Português,113.9,1,0,1,Feminino,0,0,0,0,0,0,0.0,0,0,0,0,0,0.0,0,13.9,-0.3,0.79,Desistente,Desistente,1,1
União de Fato,Gestão (presencial noturno),Ensino Superior - Licenciatura,130.0,Português,130.0,0,0,1,Feminino,0,0,5,10,14,10,14.636363636363594,0,5,10,13,10,14.6,0,16.2,0.3,-0.92,Graduado,Graduado,0,0
Solteiro,Turismo,Ensino Secundário,132.0,Português,129.9,0,0,1,Feminino,1,0,0,6,8,6,13.0,0,0,6,6,6,12.166666666666602,0,8.9,1.4,3.51,Graduado,Graduado,0,0
Solteiro,Ensino Básico,Outro - 11º Ano de Escolaridade,133.1,Português,133.7,0,0,1,Feminino,0,0,14,18,23,14,12.785714285714198,2,16,17,18,16,13.875,0,16.2,0.3,-0.92,Desistente,Desistente,1,1
Solteiro,Design de Comunicação,Ensino Secundário,129.0,Português,124.8,0,0,1,Feminino,0,0,0,6,6,6,14.5,0,0,6,7,5,12.0,0,12.4,0.5,1.79,Graduado,Graduado,0,0
Solteiro,Enfermagem Veterinária,Ensino Secundário,135.0,Português,133.6,0,0,0,Feminino,0,0,0,5,12,4,14.6,3,0,5,5,4,12.75,1,9.4,-0.8,-3.12,Desistente,Desistente,1,1
Solteiro,Jornalismo e Comunicação,Ensino Secundário,138.0,Português,133.5,0,0,0,Feminino,0,0,0,6,7,6,12.5,0,0,6,6,6,12.166666666666602,0,10.8,1.4,1.74,Graduado,Graduado,0,0
Solteiro,Design de Comunicação,Ensino Secundário,135.0,Português,128.0,0,0,1,Feminino,1,0,0,6,6,6,14.0,0,0,6,8,6,13.125,0,10.8,1.4,1.74,Graduado,Graduado,0,0
Solteiro,Enfermagem,Ensino Secundário,131.0,Português,127.2,0,0,1,Feminino,1,0,0,7,7,7,13.801428571428502,0,0,8,8,8,14.575,0,11.1,0.6,2.02,Graduado,Graduado,0,0
Solteiro,Ensino Básico,Ensino Superior - Licenciatura,150.0,Português,150.0,0,1,0,Feminino,0,0,1,6,7,6,14.428571428571399,0,0,6,7,6,13.6666666666666,0,10.8,1.4,1.74,Graduado,Graduado,0,0
Solteiro,Enfermagem,Frequência do Ensino Superior,133.0,Português,127.8,0,0,1,Feminino,1,0,0,7,7,6,14.35,0,0,7,7,6,14.35,0,7.6,2.6,0.32,Graduado,Graduado,0,0
Solteiro,Design de Comunicação,Ensino Secundário,135.0,Português,125.2,0,0,1,Feminino,0,0,0,6,6,6,14.333333333333304,0,0,6,6,6,13.5,0,12.7,3.7,-1.7,Graduado,Graduado,0,0
Solteiro,Ensino Básico,Ensino Secundário,118.0,Português,110.0,0,0,1,Feminino,0,0,0,6,10,4,12.25,0,0,6,8,4,11.5,0,10.8,1.4,1.74,Matriculado,Matriculado,0,
Casado,Serviço Social (prestação nocturna),Ensino Básico (3º Ciclo),100.0,Português,100.0,0,0,1,Feminino,0,0,0,6,9,6,13.333333333333304,0,0,6,6,6,11.833333333333304,0,7.6,2.6,0.32,Graduado,Graduado,0,0
Solteiro,Design de Animação e Multimédia,Ensino Secundário,158.0,Português,151.4,0,0,0,Feminino,0,0,6,12,12,12,13.0,0,4,11,14,11,13.25,0,8.9,1.4,3.51,Graduado,Graduado,0,0
Solteiro,Turismo,Ensino Secundário,137.0,Português,125.1,0,0,1,Feminino,0,0,0,6,10,4,11.75,0,0,6,9,5,11.2,0,7.6,2.6,0.32,Matriculado,Matriculado,0,
Solteiro,Equincultura,Ensino Secundário,172.0,Português,163.3,0,0,1,Feminino,1,0,0,6,8,6,14.5,0,0,6,11,4,13.0,0,13.9,-0.3,0.79,Graduado,Graduado,0,0
Solteiro,Enfermagem,Ensino Secundário,123.0,Português,118.0,0,0,1,Feminino,1,0,0,8,8,7,11.82,0,0,8,8,7,11.82,0,10.8,1.4,1.74,Graduado,Graduado,0,0
Solteiro,Jornalismo e Comunicação,Ensino Secundário,144.0,Português,140.2,0,0,1,Feminino,0,0,0,6,0,0,0.0,0,0,6,0,0,0.0,0,16.2,0.3,-0.92,Desistente,Desistente,1,1
Casado,Serviço Social (prestação nocturna),Ensino Secundário,140.0,Português,128.5,0,0,1,Feminino,1,0,0,6,6,5,12.4,0,0,6,7,6,12.666666666666602,0,9.4,-0.8,-3.12,Graduado,Graduado,0,0
Solteiro,Jornalismo e Comunicação,Ensino Secundário,136.0,Português,131.5,0,0,1,Feminino,0,0,0,6,7,6,12.571428571428502,0,0,6,8,6,11.857142857142803,0,13.9,-0.3,0.79,Graduado,Graduado,0,0
Solteiro,Enfermagem,Ensino Secundário,137.0,Português,132.6,0,0,1,Feminino,1,0,0,7,7,7,13.8571428571428,0,0,8,8,8,14.9,0,13.9,-0.3,0.79,Graduado,Graduado,0,0
Solteiro,Serviço Social,Ensino Secundário,128.0,Português,122.1,0,0,1,Feminino,0,0,0,6,9,5,11.833333333333304,0,0,6,7,5,13.8,0,13.9,-0.3,0.79,Graduado,Graduado,0,0
Solteiro,Gestão,Ensino Secundário,120.0,Português,112.0,0,0,1,Feminino,0,0,0,5,10,4,11.0,0,0,5,7,4,11.5,0,15.5,2.8,-4.06,Matriculado,Matriculado,0,
Solteiro,Equincultura,Ensino Secundário,130.0,Português,133.0,0,0,1,Feminino,0,0,0,6,6,6,14.6666666666666,0,0,6,8,6,13.6666666666666,0,12.4,0.5,1.79,Graduado,Graduado,0,0
Divorciado,Serviço Social (prestação nocturna),Ensino Secundário,138.0,Português,127.0,0,0,0,Feminino,0,0,0,4,4,0,0.0,0,0,5,10,0,0.0,0,10.8,1.4,1.74,Desistente,Desistente,1,1
Solteiro,Enfermagem,Ensino Secundário,148.0,Português,130.0,0,0,1,Feminino,0,0,0,8,12,7,12.714285714285698,0,0,8,12,7,12.714285714285698,0,12.7,3.7,-1.7,Matriculado,Matriculado,0,
Solteiro,Enfermagem,Ensino Secundário,139.0,Português,136.4,0,0,1,Feminino,0,0,0,7,9,7,13.4222222222222,0,0,8,11,7,12.188888888888801,0,15.5,2.8,-4.06,Graduado,Graduado,0,0
Solteiro,Jornalismo e Comunicação,Ensino Secundário,136.0,Português,129.0,0,0,1,Feminino,1,0,0,6,7,6,14.0,0,0,6,8,5,12.2,0,13.9,-0.3,0.79,Desistente,Desistente,1,1
Solteiro,Higiene Oral,Ensino Secundário,126.0,Português,119.0,0,0,1,Feminino,1,0,0,7,8,7,12.142857142857096,0,0,8,8,8,13.375,0,16.2,0.3,-0.92,Desistente,Desistente,1,1
Solteiro,Gestão,Ensino Secundário,135.0,Português,128.0,0,1,1,Feminino,1,0,0,5,5,5,12.8,0,0,5,5,5,13.0,0,11.1,0.6,2.02,Graduado,Graduado,0,0
Solteiro,Enfermagem,Ensino Secundário,122.0,Português,117.1,0,0,1,Feminino,1,0,0,7,7,7,14.572857142857098,0,0,8,9,8,14.9555555555555,0,12.4,0.5,1.79,Graduado,Graduado,0,0
Solteiro,Gestão,Ensino Secundário,137.0,Português,136.3,0,0,1,Feminino,0,0,0,5,9,4,11.25,0,0,5,6,4,11.0,0,8.9,1.4,3.51,Graduado,Graduado,0,0
Solteiro,Gestão,Ensino Secundário,127.0,Português,124.6,0,0,1,Feminino,1,0,0,5,12,2,10.0,0,0,5,11,4,11.75,0,11.1,0.6,2.02,Matriculado,Matriculado,0,
Solteiro,Equincultura,Ensino Secundário,137.0,Português,130.7,0,0,1,Feminino,0,0,0,6,8,5,14.4,0,0,6,11,4,14.6,0,8.9,1.4,3.51,Desistente,Desistente,1,1
Solteiro,Enfermagem,Ensino Secundário,125.0,Português,115.2,0,0,1,Feminino,0,0,0,7,7,7,12.982857142857096,0,0,8,8,8,14.4625,0,12.4,0.5,1.79,Graduado,Graduado,0,0
Solteiro,Enfermagem Veterinária,Ensino Secundário,141.0,Português,130.2,0,0,1,Feminino,0,0,0,6,14,6,15.75,0,0,6,8,6,13.0,0,15.5,2.8,-4.06,Graduado,Graduado,0,0
Solteiro,Enfermagem Veterinária,Ensino Secundário,132.0,Português,128.5,0,0,1,Feminino,0,0,0,6,11,5,12.285714285714198,0,0,6,19,3,14.0,1,12.4,0.5,1.79,Desistente,Desistente,1,1
Solteiro,Enfermagem,Ensino Secundário,133.1,Português,95.0,0,0,1,Feminino,0,0,0,7,7,6,13.755,0,0,8,9,7,13.571428571428504,0,12.4,0.5,1.79,Graduado,Graduado,0,0
Solteiro,Gestão de Publicidade e Marketing,Ensino Secundário,132.0,Português,119.4,0,0,1,Feminino,1,0,0,6,7,6,13.833333333333304,0,0,6,11,6,13.5,0,8.9,1.4,3.51,Graduado,Graduado,0,0
Solteiro,Enfermagem,Ensino Secundário,142.0,Português,123.5,0,0,1,Feminino,0,0,0,7,0,0,0.0,0,0,8,0,0,0.0,0,12.7,3.7,-1.7,Desistente,Desistente,1,1
Solteiro,Enfermagem,Ensino Secundário,136.0,Português,133.9,0,0,1,Feminino,0,0,0,7,9,7,14.7111111111111,0,0,8,9,8,14.627777777777698,0,15.5,2.8,-4.06,Graduado,Graduado,0,0
Solteiro,Enfermagem Veterinária,Curso Técnico Superior Profissional,150.0,Português,145.2,0,0,1,Feminino,0,0,7,11,13,11,14.615384615384604,0,4,9,11,9,13.7,0,8.9,1.4,3.51,Graduado,Graduado,0,0
Solteiro,Enfermagem,Ensino Secundário,130.0,Português,118.8,0,0,1,Feminino,0,0,0,7,7,7,13.677142857142801,0,0,8,9,8,14.533333333333303,0,11.1,0.6,2.02,Graduado,Graduado,0,0
Solteiro,Enfermagem Veterinária,Ensino Secundário,136.0,Português,123.4,0,0,1,Feminino,1,0,0,5,8,5,13.1666666666666,2,0,5,5,5,12.8,0,9.4,-0.8,-3.12,Graduado,Graduado,0,0
Solteiro,Serviço Social,Ensino Secundário,138.0,Português,123.0,0,0,1,Feminino,0,0,0,6,11,5,10.8,0,0,6,12,5,11.333333333333304,0,15.5,2.8,-4.06,Graduado,Graduado,0,0
Solteiro,Equincultura,Ensino Secundário,131.0,Português,118.4,0,0,1,Feminino,0,0,0,5,8,3,12.0,0,0,5,7,5,12.833333333333304,0,7.6,2.6,0.32,Graduado,Graduado,0,0
Solteiro,Enfermagem,Ensino Secundário,147.0,Português,131.6,0,0,1,Feminino,0,0,0,7,8,6,13.958333333333304,0,0,8,8,8,14.71875,0,11.1,0.6,2.02,Graduado,Graduado,0,0
Solteiro,Ensino Básico,Ensino Secundário,140.0,Português,122.3,0,0,1,Feminino,0,0,0,6,9,4,13.0,0,0,6,9,4,12.25,0,12.7,3.7,-1.7,Desistente,Desistente,1,1
Solteiro,Design de Animação e Multimédia,Ensino Secundário,152.0,Português,151.7,0,0,1,Feminino,1,0,0,0,0,0,0.0,0,0,0,0,0,0.0,0,11.1,0.6,2.02,Graduado,Graduado,0,0
Solteiro,Design de Animação e Multimédia,Ensino Secundário,169.0,Português,176.0,0,0,1,Feminino,1,0,0,0,0,0,0.0,0,0,0,0,0,0.0,0,12.4,0.5,1.79,Graduado,Graduado,0,0
Solteiro,Enfermagem,Ensino Secundário,149.0,Português,133.0,0,0,1,Feminino,1,0,0,8,8,7,14.0,0,0,8,8,7,14.0,0,12.7,3.7,-1.7,Graduado,Graduado,0,0
Solteiro,Jornalismo e Comunicação,Ensino Secundário,137.0,Português,139.8,1,0,1,Feminino,0,0,0,6,10,6,12.571428571428502,0,0,6,11,6,12.571428571428502,0,10.8,1.4,1.74,Matriculado,Matriculado,0,
Solteiro,Jornalismo e Comunicação,Ensino Secundário,122.0,Português,119.6,0,0,1,Feminino,0,0,0,6,6,4,12.0,0,0,6,11,3,11.333333333333304,0,11.1,0.6,2.02,Desistente,Desistente,1,1
Solteiro,Serviço Social (prestação nocturna),Ensino Secundário,130.0,Português,134.0,0,0,1,Feminino,1,0,2,8,8,8,13.625,0,1,7,7,7,14.0,0,8.9,1.4,3.51,Graduado,Graduado,0,0
Solteiro,Gestão,Ensino Secundário,145.0,Português,132.0,0,0,1,Feminino,0,0,0,5,7,4,12.5,0,0,5,8,4,10.0,1,7.6,2.6,0.32,Graduado,Graduado,0,0
Solteiro,Ensino Básico,Ensino Superior - Licenciatura,130.0,Português,130.0,0,0,1,Feminino,0,0,14,15,25,14,12.428571428571399,1,8,14,22,11,11.909090909090901,0,7.6,2.6,0.32,Desistente,Desistente,1,1
Solteiro,Enfermagem,Ensino Secundário,157.0,Português,141.4,0,0,1,Feminino,0,0,3,7,8,7,13.3875,0,2,8,8,8,15.9,0,13.9,-0.3,0.79,Graduado,Graduado,0,0
Solteiro,Enfermagem,Ensino Secundário,135.0,Português,128.9,0,0,1,Feminino,1,0,0,7,8,6,12.648333333333303,0,0,8,9,8,12.2055555555555,0,11.1,0.6,2.02,Graduado,Graduado,0,0
Solteiro,Serviço Social,Ensino Secundário,123.0,Português,118.1,0,0,1,Feminino,0,0,0,6,6,6,14.0,0,0,6,6,6,13.333333333333304,0,8.9,1.4,3.51,Graduado,Graduado,0,0
Solteiro,Enfermagem Veterinária,Ensino Secundário,139.0,Português,130.6,0,0,1,Feminino,0,0,0,5,12,5,12.8,2,0,5,10,5,11.857142857142803,1,9.4,-0.8,-3.12,Graduado,Graduado,0,0
Solteiro,Turismo,Ensino Secundário,136.0,Português,122.0,0,0,1,Feminino,0,0,0,6,8,6,11.333333333333304,0,0,6,11,6,10.833333333333304,0,7.6,2.6,0.32,Graduado,Graduado,0,0
Solteiro,Enfermagem,Ensino Secundário,135.0,Português,123.0,0,0,0,Feminino,0,0,0,7,0,0,0.0,0,0,8,0,0,0.0,0,12.7,3.7,-1.7,Desistente,Desistente,1,1
Solteiro,Gestão de Publicidade e Marketing,Ensino Secundário,126.0,Português,126.7,0,0,1,Feminino,1,0,0,6,6,6,14.1666666666666,0,0,6,9,6,13.0,0,8.9,1.4,3.51,Graduado,Graduado,0,0
Solteiro,Jornalismo e Comunicação,Ensino Secundário,122.0,Português,126.6,0,0,1,Feminino,0,0,0,6,6,6,12.833333333333304,0,0,6,6,6,13.833333333333304,0,8.9,1.4,3.51,Graduado,Graduado,0,0
Solteiro,Ensino Básico,Ensino Secundário,125.0,Português,125.4,0,1,0,Feminino,0,0,0,7,11,4,12.0,0,0,7,9,6,11.833333333333304,0,16.2,0.3,-0.92,Desistente,Desistente,1,1
Solteiro,Jornalismo e Comunicação,Ensino Secundário,134.0,Português,136.1,0,0,1,Feminino,1,0,0,6,6,6,13.0,0,0,6,7,6,13.142857142857096,0,12.4,0.5,1.79,Desistente,Desistente,1,1
Solteiro,Enfermagem,Ensino Secundário,130.0,Português,128.8,0,0,1,Feminino,0,0,0,7,8,6,13.39,0,0,8,10,7,12.757142857142803,0,11.1,0.6,2.02,Matriculado,Matriculado,0,
Solteiro,Gestão de Publicidade e Marketing,Ensino Secundário,110.0,Português,111.1,0,0,0,Feminino,0,0,0,6,6,6,12.333333333333304,0,0,6,8,5,13.6,0,8.9,1.4,3.51,Graduado,Graduado,0,0
Solteiro,Design de Comunicação,Ensino Secundário,131.0,Português,135.9,0,0,1,Feminino,1,0,1,6,8,6,12.571428571428502,1,0,6,8,6,11.625,0,13.9,-0.3,0.79,Graduado,Graduado,0,0
Solteiro,Turismo,Ensino Secundário,122.0,Português,119.6,0,0,1,Feminino,1,0,0,6,6,6,12.333333333333304,0,0,6,6,6,12.833333333333304,0,12.4,0.5,1.79,Graduado,Graduado,0,0
Solteiro,Ensino Básico,Ensino Secundário,123.0,Português,116.7,0,0,1,Feminino,0,0,0,6,8,5,13.0,0,0,6,8,4,10.75,0,9.4,-0.8,-3.12,Graduado,Graduado,0,0
Solteiro,Enfermagem Veterinária,Ensino Secundário,146.0,Português,126.0,0,0,1,Feminino,0,0,0,5,7,3,12.333333333333304,0,0,5,7,4,10.25,0,7.6,2.6,0.32,Matriculado,Matriculado,0,
Solteiro,Jornalismo e Comunicação,Ensino Secundário,137.0,Português,134.2,0,0,1,Feminino,0,0,0,6,6,6,13.1666666666666,0,0,6,8,5,14.2,0,10.8,1.4,1.74,Desistente,Desistente,1,1
Solteiro,Gestão,Ensino Secundário,130.0,Português,123.0,0,0,1,Feminino,1,0,0,5,7,5,13.333333333333304,0,0,5,6,5,13.6,0,12.7,3.7,-1.7,Graduado,Graduado,0,0
Solteiro,Enfermagem Veterinária,Ensino Secundário,127.0,Português,123.9,0,0,1,Feminino,0,0,0,5,9,4,13.0,0,0,5,8,5,13.142857142857096,0,10.8,1.4,1.74,Graduado,Graduado,0,0
Casado,Higiene Oral,Ensino Secundário,160.0,Português,120.0,0,0,1,Feminino,0,0,0,7,21,5,10.9,3,0,8,21,3,11.7,1,12.7,3.7,-1.7,Desistente,Desistente,1,1
Solteiro,Gestão,Ensino Secundário,139.0,Português,112.3,0,0,1,Feminino,0,0,0,5,8,2,11.5,0,0,5,10,3,10.857142857142803,0,10.8,1.4,1.74,Matriculado,Matriculado,0,
Solteiro,Enfermagem Veterinária,Ensino Secundário,138.0,Português,123.0,0,0,1,Feminino,1,0,0,6,7,6,15.8571428571428,0,0,6,6,6,16.0,0,13.9,-0.3,0.79,Graduado,Graduado,0,0
Solteiro,Enfermagem Veterinária,Ensino Secundário,137.0,Português,122.3,0,0,1,Feminino,1,0,0,5,5,5,12.6,0,0,5,9,3,13.0,0,7.6,2.6,0.32,Desistente,Desistente,1,1
Solteiro,Serviço Social,Ensino Secundário,127.0,Português,122.8,0,0,1,Feminino,1,0,0,6,8,6,14.0,0,0,6,7,6,14.571428571428504,0,16.2,0.3,-0.92,Graduado,Graduado,0,0
União de Fato,Equincultura,Ensino Superior - Licenciatura,160.0,Português,160.0,0,0,0,Feminino,0,0,1,5,8,3,14.6666666666666,2,0,5,7,2,13.0,2,10.8,1.4,1.74,Desistente,Desistente,1,1
Solteiro,Jornalismo e Comunicação,Ensino Secundário,132.0,Português,120.1,0,0,1,Feminino,1,0,0,6,6,6,13.6666666666666,0,0,6,6,6,14.0,0,8.9,1.4,3.51,Graduado,Graduado,0,0
Solteiro,Serviço Social (prestação nocturna),Ensino Secundário,126.0,Português,142.4,0,0,1,Feminino,0,0,0,6,0,0,0.0,0,0,6,0,0,0.0,0,7.6,2.6,0.32,Desistente,Desistente,1,1
Solteiro,Enfermagem,Ensino Secundário,133.0,Português,127.3,0,0,1,Feminino,0,0,0,8,8,7,12.6285714285714,0,0,8,8,7,12.6285714285714,0,12.7,3.7,-1.7,Graduado,Graduado,0,0
Solteiro,Enfermagem,Ensino Secundário,140.0,Português,125.5,0,0,1,Feminino,1,0,0,8,8,7,14.232857142857096,0,0,8,8,7,14.232857142857096,0,10.8,1.4,1.74,Graduado,Graduado,0,0
Solteiro,Jornalismo e Comunicação,Ensino Secundário,130.0,Português,137.4,0,0,1,Feminino,0,0,0,6,6,6,15.0,0,0,6,7,6,14.0,0,15.5,2.8,-4.06,Matriculado,Matriculado,0,
Solteiro,Turismo,Ensino Secundário,129.0,Português,122.0,0,0,1,Feminino,0,0,0,6,15,2,10.0,0,0,6,12,0,0.0,0,10.8,1.4,1.74,Desistente,Desistente,1,1
Solteiro,Gestão de Publicidade e Marketing,Ensino Secundário,110.0,Português,107.5,0,0,1,Feminino,1,0,0,6,11,4,12.25,0,0,6,10,4,11.0,0,12.7,3.7,-1.7,Desistente,Desistente,1,1
Solteiro,Jornalismo e Comunicação,Ensino Básico (3º Ciclo),133.1,Português,104.0,0,1,0,Feminino,1,0,0,6,6,6,13.5,0,0,6,6,6,13.0,0,11.1,0.6,2.02,Graduado,Graduado,0,0
Solteiro,Serviço Social,Ensino Secundário,132.0,Português,133.1,0,0,1,Feminino,1,0,0,6,8,5,12.2,0,0,6,7,6,11.5,0,9.4,-0.8,-3.12,Graduado,Graduado,0,0
Solteiro,Turismo,Ensino Secundário,115.0,Português,113.3,0,1,1,Feminino,0,0,0,6,0,0,0.0,0,0,6,0,0,0.0,0,11.1,0.6,2.02,Desistente,Desistente,1,1
Solteiro,Design de Comunicação,Curso de Especialização Tecnológica,130.0,Português,130.0,0,0,1,Feminino,0,0,2,7,11,6,12.0,0,5,9,9,8,12.75,0,16.2,0.3,-0.92,Graduado,Graduado,0,0
Solteiro,Enfermagem,Ensino Secundário,140.0,Espanhol,124.3,0,0,1,Feminino,0,1,0,7,9,5,12.32,0,0,7,9,5,11.9,0,12.4,0.5,1.79,Matriculado,Matriculado,0,
Solteiro,Higiene Oral,Ensino Secundário,140.0,Português,105.0,0,0,1,Feminino,1,0,0,7,11,6,12.35,0,0,7,12,5,12.5,0,8.9,1.4,3.51,Graduado,Graduado,0,0
Solteiro,Enfermagem Veterinária,Outro - 11º Ano de Escolaridade,133.1,Português,144.0,0,0,1,Masculino,0,0,0,6,0,0,0.0,0,0,6,0,0,0.0,0,12.4,0.5,1.79,Desistente,Desistente,1,1
Solteiro,Gestão de Publicidade e Marketing,Ensino Secundário,121.0,Português,111.9,0,0,1,Masculino,1,0,0,6,7,6,11.333333333333304,0,0,6,10,4,10.571428571428502,0,10.8,1.4,1.74,Matriculado,Matriculado,0,
Solteiro,Serviço Social (prestação nocturna),Ensino Básico (2º Ciclo),133.1,Português,107.5,0,1,0,Masculino,0,0,0,6,6,0,0.0,0,0,5,5,0,0.0,0,8.9,1.4,3.51,Desistente,Desistente,1,1
Solteiro,Serviço Social,Curso de Especialização Tecnológica,130.0,Português,127.4,0,1,0,Masculino,0,0,3,6,8,5,11.6,0,2,6,9,5,12.0,0,13.9,-0.3,0.79,Desistente,Desistente,1,1
Solteiro,Engenharia Informática,Ensino Secundário,130.0,Português,149.0,0,0,1,Masculino,0,0,0,5,10,4,12.0,0,0,5,8,3,13.6666666666666,1,7.6,2.6,0.32,Matriculado,Matriculado,0,
Casado,Gestão,Ensino Superior - Licenciatura,120.0,Português,120.0,0,0,0,Masculino,0,0,12,15,17,12,11.75,0,9,14,16,9,12.222222222222198,0,9.4,-0.8,-3.12,Desistente,Desistente,1,1
Solteiro,Gestão de Publicidade e Marketing,Ensino Secundário,132.0,Português,143.6,0,0,1,Masculino,0,0,0,6,8,5,12.8,0,0,6,10,5,11.6,0,13.9,-0.3,0.79,Matriculado,Matriculado,0,
Solteiro,Gestão de Publicidade e Marketing,Ensino Secundário,100.0,Português,120.0,0,0,1,Masculino,0,0,0,5,7,3,11.333333333333304,0,0,5,7,3,13.6666666666666,0,9.4,-0.8,-3.12,Desistente,Desistente,1,1
Solteiro,Engenharia Informática,Ensino Secundário,130.0,Português,128.0,0,1,0,Masculino,0,0,0,5,5,0,0.0,0,0,5,7,0,0.0,0,13.9,-0.3,0.79,Matriculado,Matriculado,0,
Solteiro,Gestão de Publicidade e Marketing,Ensino Secundário,129.0,Português,118.2,0,0,1,Masculino,0,0,0,5,5,5,10.8,0,0,5,5,4,12.25,0,9.4,-0.8,-3.12,Graduado,Graduado,0,0
Solteiro,Enfermagem Veterinária,Curso de Especialização Tecnológica,160.0,Português,160.0,0,0,1,Masculino,0,0,1,6,10,5,12.5,0,1,6,8,2,13.5,0,12.4,0.5,1.79,Desistente,Desistente,1,1
Solteiro,Gestão (presencial noturno),Ensino Secundário,120.0,Português,152.4,0,0,1,Masculino,0,0,0,5,5,5,15.2,0,0,5,6,5,14.1666666666666,0,10.8,1.4,1.74,Graduado,Graduado,0,0
Solteiro,Enfermagem,Ensino Secundário,122.0,Português,116.6,0,1,1,Masculino,1,0,0,7,7,7,13.314285714285699,0,0,8,8,8,12.575,0,12.4,0.5,1.79,Graduado,Graduado,0,0
Solteiro,Design de Comunicação,Ensino Secundário,143.0,Português,141.6,0,0,1,Feminino,1,0,6,12,12,11,13.090909090909003,0,5,11,12,11,12.083333333333304,0,10.8,1.4,1.74,Graduado,Graduado,0,0
Solteiro,Equincultura,Ensino Secundário,110.0,Português,105.5,0,1,0,Feminino,0,0,0,6,0,0,0.0,0,0,6,0,0,0.0,0,11.1,0.6,2.02,Desistente,Desistente,1,1
Solteiro,Design de Comunicação,Ensino Secundário,124.0,Português,116.3,0,0,1,Feminino,0,0,0,6,8,5,12.2,0,0,6,6,6,11.5,0,16.2,0.3,-0.92,Graduado,Graduado,0,0
Casado,Gestão,Ensino Superior - Licenciatura,110.0,Português,110.0,0,0,1,Feminino,0,0,5,8,10,6,12.833333333333304,0,2,5,8,4,12.0,0,11.1,0.6,2.02,Matriculado,Matriculado,0,
Solteiro,Gestão (presencial noturno),Ensino Secundário,130.0,Português,119.5,0,0,1,Feminino,0,0,9,15,17,15,11.2,0,9,14,15,14,12.428571428571399,0,7.6,2.6,0.32,Graduado,Graduado,0,0
Solteiro,Gestão,Ensino Secundário,139.0,Português,125.0,0,0,1,Feminino,0,0,0,5,8,3,12.333333333333304,0,0,5,7,4,12.0,0,7.6,2.6,0.32,Graduado,Graduado,0,0
União de Fato,Enfermagem,Ensino Superior - Licenciatura,140.0,Português,160.0,0,0,1,Feminino,0,0,0,8,8,7,15.942857142857097,0,0,8,8,7,15.942857142857097,0,12.7,3.7,-1.7,Graduado,Graduado,0,0
Solteiro,Gestão (presencial noturno),Ensino Secundário,150.0,Português,150.0,0,0,1,Feminino,0,0,0,5,0,0,0.0,0,0,5,0,0,0.0,0,15.5,2.8,-4.06,Desistente,Desistente,1,1
Solteiro,Serviço Social,Ensino Secundário,123.0,Português,115.0,0,0,1,Feminino,0,0,0,6,10,4,10.25,0,0,6,8,6,10.7142857142857,0,11.1,0.6,2.02,Graduado,Graduado,0,0
Solteiro,Ensino Básico,Ensino Secundário,128.0,Português,128.4,0,0,1,Feminino,1,0,0,6,10,5,13.2,0,0,6,12,5,12.833333333333304,0,9.4,-0.8,-3.12,Matriculado,Matriculado,0,
Solteiro,Serviço Social (prestação nocturna),Ensino Secundário,100.0,Português,112.8,0,0,1,Feminino,1,0,0,6,6,6,14.1666666666666,0,0,6,6,6,12.5,0,12.7,3.7,-1.7,Graduado,Graduado,0,0
Solteiro,Enfermagem,Ensino Secundário,148.0,Português,131.0,0,0,1,Feminino,1,0,18,23,23,20,14.575,3,18,23,23,20,14.575,3,7.6,2.6,0.32,Graduado,Graduado,0,0
Solteiro,Turismo,Ensino Secundário,130.0,Português,121.6,0,0,1,Feminino,1,0,0,6,9,1,10.0,1,0,6,6,0,0.0,0,12.7,3.7,-1.7,Desistente,Desistente,1,1
Solteiro,Serviço Social,Ensino Secundário,118.0,Português,110.0,0,0,1,Feminino,1,0,0,6,7,6,12.285714285714198,0,0,6,8,6,11.428571428571399,0,12.4,0.5,1.79,Graduado,Graduado,0,0
Solteiro,Serviço Social (prestação nocturna),Ensino Secundário,120.0,Português,148.5,0,0,1,Feminino,1,0,0,6,6,6,14.0,0,0,6,6,6,12.333333333333304,0,10.8,1.4,1.74,Graduado,Graduado,0,0
Solteiro,Jornalismo e Comunicação,Ensino Secundário,119.0,Português,118.3,0,0,1,Feminino,0,0,0,6,8,4,11.25,0,0,6,0,0,0.0,0,15.5,2.8,-4.06,Desistente,Desistente,1,1
Solteiro,Serviço Social,Ensino Secundário,138.0,Português,135.9,0,0,1,Feminino,0,0,0,6,11,5,11.6,0,0,6,11,6,11.666666666666602,0,7.6,2.6,0.32,Matriculado,Matriculado,0,
Solteiro,Serviço Social (prestação nocturna),Ensino Secundário,127.0,Português,115.8,0,0,1,Feminino,0,0,0,6,12,1,12.0,0,0,6,12,0,0.0,0,10.8,1.4,1.74,Desistente,Desistente,1,1
Solteiro,Enfermagem,Ensino Secundário,134.0,Português,121.2,0,0,1,Feminino,0,0,0,7,10,7,13.47,0,0,8,8,8,13.326249999999998,0,15.5,2.8,-4.06,Graduado,Graduado,0,0
Solteiro,Gestão,Ensino Secundário,133.0,Português,136.2,0,0,1,Feminino,0,0,0,5,6,5,12.4,0,0,5,5,5,12.8,0,7.6,2.6,0.32,Graduado,Graduado,0,0
Solteiro,Gestão de Publicidade e Marketing,Ensino Secundário,133.1,Português,100.2,0,0,0,Feminino,0,0,0,6,9,3,11.75,0,0,6,11,4,11.5,3,16.2,0.3,-0.92,Desistente,Desistente,1,1
Solteiro,Design de Animação e Multimédia,Ensino Secundário,180.0,Brasileiro,152.7,0,1,0,Masculino,0,1,0,0,0,0,0.0,0,0,0,0,0,0.0,0,7.6,2.6,0.32,Desistente,Desistente,1,1
Solteiro,Serviço Social,Ensino Secundário,129.0,Português,123.1,0,0,1,Feminino,0,0,0,6,7,6,12.0,0,0,6,7,6,12.428571428571399,0,11.1,0.6,2.02,Graduado,Graduado,0,0
Casado,Enfermagem Veterinária,Ensino Secundário,120.0,Português,130.0,0,0,1,Feminino,0,0,0,5,8,5,15.333333333333304,2,0,5,6,5,15.4,0,9.4,-0.8,-3.12,Desistente,Desistente,1,1
Solteiro,Enfermagem,Ensino Secundário,141.0,Português,125.0,0,0,1,Feminino,1,0,0,8,8,8,12.32,0,0,8,8,8,12.32,0,9.4,-0.8,-3.12,Graduado,Graduado,0,0
Solteiro,Enfermagem,Ensino Secundário,118.0,Português,113.1,0,0,1,Feminino,0,0,0,7,7,7,13.798571428571398,0,0,8,8,8,14.75625,0,11.1,0.6,2.02,Graduado,Graduado,0,0
Solteiro,Jornalismo e Comunicação,Ensino Secundário,127.0,Português,121.1,0,0,1,Feminino,0,0,0,6,6,6,13.1666666666666,0,0,6,6,6,12.5,0,15.5,2.8,-4.06,Matriculado,Matriculado,0,
Solteiro,Gestão,Ensino Secundário,177.0,Português,162.3,0,0,1,Feminino,1,0,0,5,6,5,16.333333333333304,0,0,5,5,5,15.4,0,15.5,2.8,-4.06,Graduado,Graduado,0,0
Solteiro,Design de Animação e Multimédia,Ensino Secundário,132.0,Português,132.0,0,0,1,Feminino,0,0,0,0,0,0,0.0,0,0,0,0,0,0.0,0,12.7,3.7,-1.7,Desistente,Desistente,1,1
Solteiro,Enfermagem,Ensino Secundário,133.0,Português,130.7,0,0,1,Feminino,0,0,0,7,7,7,14.757142857142801,0,0,8,9,8,15.3666666666666,0,12.4,0.5,1.79,Graduado,Graduado,0,0
Solteiro,Turismo,Ensino Secundário,124.0,Português,122.3,0,0,1,Feminino,0,0,0,6,7,6,11.666666666666602,0,0,6,6,6,12.333333333333304,0,13.9,-0.3,0.79,Desistente,Desistente,1,1
Solteiro,Gestão de Publicidade e Marketing,Ensino Secundário,143.0,Português,144.1,0,0,1,Feminino,0,0,0,6,7,5,12.6,0,0,6,10,5,12.375,0,10.8,1.4,1.74,Matriculado,Matriculado,0,
Solteiro,Jornalismo e Comunicação,Ensino Secundário,128.0,Português,118.2,0,0,1,Feminino,0,0,0,6,6,6,11.666666666666602,0,0,6,6,6,11.5,0,12.7,3.7,-1.7,Graduado,Graduado,0,0
Solteiro,Serviço Social,Ensino Secundário,138.0,Português,133.5,0,0,1,Feminino,1,0,0,6,6,6,15.0,0,0,6,6,6,13.333333333333304,0,8.9,1.4,3.51,Graduado,Graduado,0,0
Solteiro,Enfermagem,Ensino Secundário,144.0,Português,126.8,0,1,0,Feminino,0,0,0,7,0,0,0.0,0,0,8,0,0,0.0,0,9.4,-0.8,-3.12,Desistente,Desistente,1,1
Solteiro,Jornalismo e Comunicação,Ensino Secundário,122.0,Português,121.0,0,0,1,Feminino,0,0,0,6,7,6,13.571428571428504,0,0,6,6,6,13.333333333333304,0,13.9,-0.3,0.79,Graduado,Graduado,0,0
Solteiro,Turismo,Ensino Secundário,111.0,Português,117.7,0,0,1,Feminino,0,0,0,6,8,5,10.8,0,0,6,9,4,11.5,0,9.4,-0.8,-3.12,Graduado,Graduado,0,0
Solteiro,Enfermagem Veterinária,Ensino Secundário,133.1,Português,115.0,0,0,1,Feminino,0,0,0,5,8,3,11.333333333333304,1,0,5,8,3,13.333333333333304,0,12.7,3.7,-1.7,Matriculado,Matriculado,0,
Casado,Gestão (presencial noturno),Ensino Superior - Licenciatura,120.0,Português,129.2,0,0,1,Feminino,0,0,4,10,16,5,11.4,0,4,10,10,6,12.833333333333304,0,9.4,-0.8,-3.12,Desistente,Desistente,1,1
Solteiro,Higiene Oral,Ensino Secundário,135.0,Português,125.8,0,0,1,Feminino,1,0,0,7,14,7,10.642857142857101,0,0,8,8,8,11.55,0,12.7,3.7,-1.7,Graduado,Graduado,0,0
Solteiro,Gestão de Publicidade e Marketing,Ensino Secundário,125.0,Português,118.4,0,0,1,Feminino,1,0,0,5,8,3,10.5,0,0,5,6,4,11.75,1,7.6,2.6,0.32,Matriculado,Matriculado,0,
Solteiro,Enfermagem,Ensino Secundário,147.0,Português,142.0,0,0,1,Feminino,0,0,0,7,7,6,14.65,0,0,7,7,6,14.65,0,7.6,2.6,0.32,Graduado,Graduado,0,0
Solteiro,Enfermagem,Ensino Secundário,137.0,Português,126.7,0,0,1,Feminino,1,0,0,7,7,7,13.7142857142857,0,0,8,11,8,14.8636363636363,0,16.2,0.3,-0.92,Graduado,Graduado,0,0
Solteiro,Serviço Social,Ensino Secundário,117.0,Português,109.3,0,0,1,Feminino,0,0,9,16,19,15,12.266666666666602,0,11,13,14,13,12.071428571428502,0,9.4,-0.8,-3.12,Graduado,Graduado,0,0
Solteiro,Serviço Social,Ensino Secundário,126.0,Português,116.9,0,0,1,Feminino,0,0,0,6,11,6,10.375,0,0,6,12,3,11.666666666666602,0,12.7,3.7,-1.7,Matriculado,Matriculado,0,
Solteiro,Gestão,Ensino Secundário,128.0,Português,121.7,0,0,1,Feminino,0,0,0,5,8,5,11.0,0,0,5,6,5,15.4,0,12.4,0.5,1.79,Graduado,Graduado,0,0
Solteiro,Gestão,Ensino Secundário,115.0,Português,117.1,0,1,1,Feminino,0,0,0,5,5,5,13.8,0,0,5,5,5,13.0,0,7.6,2.6,0.32,Graduado,Graduado,0,0
Solteiro,Jornalismo e Comunicação,Ensino Secundário,121.0,Português,114.4,0,0,1,Feminino,1,0,0,6,6,6,12.666666666666602,0,0,6,6,6,12.833333333333304,0,11.1,0.6,2.02,Graduado,Graduado,0,0
Solteiro,Serviço Social,Ensino Secundário,134.0,Português,133.0,0,0,1,Feminino,0,0,0,6,8,6,11.75,0,0,6,10,5,12.0,0,12.7,3.7,-1.7,Graduado,Graduado,0,0
Solteiro,Enfermagem,Ensino Secundário,126.0,Português,118.8,0,0,1,Feminino,1,0,0,8,8,7,12.785714285714198,0,0,8,8,7,12.785714285714198,0,12.7,3.7,-1.7,Graduado,Graduado,0,0
Solteiro,Equincultura,Ensino Secundário,151.0,Português,151.0,0,0,1,Feminino,0,0,0,6,11,6,14.444444444444397,0,0,6,6,6,13.333333333333304,0,16.2,0.3,-0.92,Graduado,Graduado,0,0
Solteiro,Enfermagem,Ensino Secundário,122.0,Português,119.6,0,0,1,Feminino,0,0,0,7,8,6,13.25,0,0,8,8,8,13.8375,0,13.9,-0.3,0.79,Matriculado,Matriculado,0,
Solteiro,Enfermagem,Ensino Secundário,141.0,Português,135.4,0,0,1,Feminino,0,0,0,7,9,7,12.50625,0,0,8,15,5,13.2,0,13.9,-0.3,0.79,Matriculado,Matriculado,0,
Solteiro,Design de Animação e Multimédia,Ensino Secundário,138.0,Português,149.9,0,0,1,Feminino,0,0,0,0,0,0,0.0,0,0,0,0,0,0.0,0,11.1,0.6,2.02,Graduado,Graduado,0,0
Solteiro,Enfermagem Veterinária,Ensino Secundário,133.0,Português,120.1,0,0,1,Feminino,0,0,0,5,8,4,12.75,1,0,5,10,4,11.75,0,12.7,3.7,-1.7,Graduado,Graduado,0,0
Solteiro,Enfermagem Veterinária,Ensino Superior - Licenciatura,150.0,Português,173.3,0,0,1,Feminino,0,0,1,6,7,6,16.8571428571428,0,1,6,6,6,16.5,0,13.9,-0.3,0.79,Graduado,Graduado,0,0
Solteiro,Jornalismo e Comunicação,Ensino Secundário,136.0,Português,126.2,0,0,1,Feminino,0,0,0,6,6,6,13.1666666666666,0,0,6,6,6,15.0,0,16.2,0.3,-0.92,Graduado,Graduado,0,0
Solteiro,Ensino Básico,Ensino Secundário,129.0,Português,126.9,0,0,1,Feminino,1,0,0,6,9,5,12.2,0,0,6,10,4,11.5,0,7.6,2.6,0.32,Matriculado,Matriculado,0,
Solteiro,Enfermagem Veterinária,Ensino Secundário,128.0,Português,157.4,0,0,1,Feminino,0,0,0,6,7,6,16.5,0,0,6,8,6,14.285714285714198,0,8.9,1.4,3.51,Graduado,Graduado,0,0
Solteiro,Gestão,Ensino Secundário,131.0,Português,120.2,0,0,1,Feminino,0,0,0,5,10,4,11.75,0,0,5,6,5,11.6,0,12.4,0.5,1.79,Graduado,Graduado,0,0
Solteiro,Gestão,Ensino Secundário,130.0,Português,124.8,0,0,1,Feminino,0,0,0,5,14,1,11.0,0,0,5,6,0,0.0,0,13.9,-0.3,0.79,Desistente,Desistente,1,1
Solteiro,Enfermagem,Ensino Secundário,150.0,Português,130.3,0,0,1,Feminino,1,0,0,8,8,7,15.114285714285703,0,0,8,8,7,15.114285714285703,0,12.7,3.7,-1.7,Graduado,Graduado,0,0
Solteiro,Serviço Social,Ensino Secundário,165.0,Português,152.4,0,0,1,Feminino,1,0,0,6,8,6,15.5,0,0,6,7,6,14.285714285714198,0,16.2,0.3,-0.92,Graduado,Graduado,0,0
Casado,Gestão (presencial noturno),Ensino Secundário,133.1,Português,113.5,0,0,1,Feminino,1,0,3,10,12,7,11.142857142857096,0,4,10,10,8,12.0,0,10.8,1.4,1.74,Graduado,Graduado,0,0
Solteiro,Serviço Social,Ensino Secundário,126.0,Português,125.7,0,0,1,Feminino,1,0,0,6,6,6,11.333333333333304,0,0,6,8,6,11.333333333333304,0,15.5,2.8,-4.06,Graduado,Graduado,0,0
Solteiro,Enfermagem,Ensino Secundário,101.0,Português,102.4,0,0,1,Feminino,0,0,0,7,9,5,12.04,0,0,7,9,6,11.771428571428503,0,12.4,0.5,1.79,Matriculado,Matriculado,0,
Solteiro,Gestão,Ensino Secundário,125.0,Português,125.7,0,0,1,Feminino,0,0,0,5,7,5,11.166666666666602,0,0,5,9,4,10.75,0,15.5,2.8,-4.06,Matriculado,Matriculado,0,
Divorciado,Gestão de Publicidade e Marketing,Ensino Secundário,100.0,Português,120.0,0,1,1,Feminino,1,0,0,5,6,5,10.6,0,0,5,7,4,10.75,0,9.4,-0.8,-3.12,Graduado,Graduado,0,0
Solteiro,Equincultura,Ensino Secundário,117.0,Português,109.3,0,0,1,Feminino,0,0,0,5,10,4,12.5,0,0,5,12,2,13.0,0,12.7,3.7,-1.7,Matriculado,Matriculado,0,
Solteiro,Design de Animação e Multimédia,Ensino Secundário,159.0,Português,162.2,0,1,0,Feminino,0,0,0,0,0,0,0.0,0,0,0,0,0,0.0,0,12.4,0.5,1.79,Desistente,Desistente,1,1
Solteiro,Jornalismo e Comunicação,Ensino Secundário,177.0,Português,155.7,0,1,1,Feminino,1,0,0,6,6,6,15.6666666666666,0,0,6,6,6,13.833333333333304,0,8.9,1.4,3.51,Graduado,Graduado,0,0
Solteiro,Design de Animação e Multimédia,Ensino Secundário,156.0,Português,147.7,0,0,1,Feminino,0,0,6,12,12,12,15.333333333333304,0,4,11,15,11,15.0,0,8.9,1.4,3.51,Graduado,Graduado,0,0
Solteiro,Enfermagem,Ensino Secundário,125.0,Português,115.6,0,0,1,Feminino,0,0,0,7,9,6,12.183333333333303,0,0,7,9,6,11.783333333333303,0,16.2,0.3,-0.92,Matriculado,Matriculado,0,
Solteiro,Gestão,Ensino Secundário,130.0,Português,117.8,0,0,1,Feminino,0,0,0,5,8,2,10.0,0,0,5,9,3,11.333333333333304,0,7.6,2.6,0.32,Matriculado,Matriculado,0,
Solteiro,Agronomia,Ensino Secundário,125.0,Português,125.0,0,0,1,Feminino,0,0,9,14,23,9,12.0,2,6,12,21,8,11.25,0,15.5,2.8,-4.06,Graduado,Graduado,0,0
Solteiro,Gestão,Ensino Secundário,127.0,Português,129.8,0,0,1,Feminino,0,0,0,5,8,3,10.333333333333304,0,0,5,11,2,10.0,0,7.6,2.6,0.32,Desistente,Desistente,1,1
Solteiro,Turismo,Ensino Secundário,121.0,Português,123.1,0,0,1,Masculino,0,0,0,6,11,6,11.166666666666602,0,0,6,14,3,14.6666666666666,0,7.6,2.6,0.32,Matriculado,Matriculado,0,
Solteiro,Design de Comunicação,Ensino Secundário,135.0,Português,122.8,0,0,1,Masculino,1,0,0,6,8,3,11.0,0,0,6,8,2,11.333333333333304,0,10.8,1.4,1.74,Matriculado,Matriculado,0,
Solteiro,Design de Animação e Multimédia,Ensino Secundário,125.0,Português,117.3,0,0,1,Masculino,1,0,0,0,0,0,0.0,0,0,0,0,0,0.0,0,10.8,1.4,1.74,Graduado,Graduado,0,0
Solteiro,Turismo,Ensino Secundário,138.0,Brasileiro,126.5,0,0,1,Feminino,1,1,0,6,7,6,12.857142857142804,0,0,6,8,5,11.8,0,8.9,1.4,3.51,Graduado,Graduado,0,0
Solteiro,Enfermagem,Ensino Secundário,136.0,Português,123.0,0,0,1,Feminino,0,0,0,8,8,7,14.328571428571399,0,0,8,8,7,14.328571428571399,0,10.8,1.4,1.74,Graduado,Graduado,0,0
Solteiro,Serviço Social,Ensino Secundário,142.0,Português,127.7,0,0,1,Feminino,1,0,0,6,7,6,15.0,0,0,6,6,6,16.333333333333304,0,13.9,-0.3,0.79,Graduado,Graduado,0,0
Solteiro,Enfermagem Veterinária,Ensino Secundário,129.0,Português,117.5,0,0,1,Feminino,0,0,0,5,9,5,13.6,1,0,5,5,5,12.4,0,12.7,3.7,-1.7,Graduado,Graduado,0,0
Solteiro,Enfermagem Veterinária,Ensino Secundário,134.0,Português,128.4,0,0,1,Feminino,1,0,0,5,12,5,12.857142857142804,2,0,5,8,4,13.25,0,9.4,-0.8,-3.12,Graduado,Graduado,0,0
Solteiro,Ensino Básico,Ensino Secundário,123.0,Português,124.1,0,0,1,Feminino,0,0,0,6,7,2,14.5,0,0,6,6,1,10.0,0,15.5,2.8,-4.06,Desistente,Desistente,1,1
Solteiro,Gestão (presencial noturno),Ensino Secundário,150.0,Português,140.9,1,0,1,Feminino,0,0,0,5,7,3,10.666666666666602,0,0,5,7,3,10.5,0,10.8,1.4,1.74,Desistente,Desistente,1,1
Solteiro,Turismo,Ensino Secundário,129.0,Português,126.2,0,1,0,Feminino,1,0,0,6,7,6,13.428571428571399,0,0,6,8,6,11.333333333333304,0,8.9,1.4,3.51,Desistente,Desistente,1,1
Solteiro,Enfermagem,Ensino Secundário,134.0,Português,120.5,0,0,1,Masculino,1,0,0,7,12,7,11.716666666666601,0,0,8,13,4,10.867999999999999,0,15.5,2.8,-4.06,Graduado,Graduado,0,0
Solteiro,Gestão,Ensino Secundário,127.0,Português,121.1,0,0,1,Masculino,1,0,0,5,11,4,12.0,0,0,5,5,5,12.8,0,11.1,0.6,2.02,Graduado,Graduado,0,0
Solteiro,Ensino Básico,Ensino Secundário,123.0,Português,123.7,0,1,0,Feminino,0,0,0,6,11,5,13.2,0,0,6,8,4,10.75,0,10.8,1.4,1.74,Desistente,Desistente,1,1
Solteiro,Turismo,Ensino Secundário,127.0,Português,116.9,0,1,1,Feminino,0,0,0,6,7,5,12.2,0,0,6,10,4,12.25,0,12.4,0.5,1.79,Desistente,Desistente,1,1
Solteiro,Higiene Oral,Ensino Secundário,133.1,Português,100.0,0,0,1,Feminino,1,0,0,7,11,5,12.58,0,0,7,9,6,12.157142857142803,0,8.9,1.4,3.51,Graduado,Graduado,0,0
Solteiro,Serviço Social,Ensino Secundário,131.0,Português,120.2,0,0,1,Feminino,1,0,0,6,9,5,11.333333333333304,0,0,6,6,6,10.833333333333304,0,13.9,-0.3,0.79,Matriculado,Matriculado,0,
Casado,Tecnologias de Produção de Biocombustíveis,Ensino Secundário,120.0,Português,153.8,0,1,1,Masculino,0,0,0,7,9,0,0.0,0,0,7,8,0,0.0,0,11.1,0.6,2.02,Desistente,Desistente,1,1
Solteiro,Enfermagem,Ensino Secundário,133.0,Português,120.1,0,0,1,Feminino,1,0,0,7,9,6,12.428571428571399,0,0,8,8,8,14.0,0,13.9,-0.3,0.79,Graduado,Graduado,0,0
Solteiro,Gestão de Publicidade e Marketing,Ensino Secundário,133.0,Português,128.1,0,0,1,Masculino,1,0,0,6,6,6,13.0,0,0,6,6,6,13.0,0,13.9,-0.3,0.79,Desistente,Desistente,1,1
Solteiro,Enfermagem,Ensino Secundário,143.0,Português,126.8,0,0,1,Masculino,0,0,0,8,8,7,14.535714285714198,0,0,8,8,7,14.535714285714198,0,10.8,1.4,1.74,Graduado,Graduado,0,0
Solteiro,Enfermagem,Ensino Secundário,140.0,Português,125.7,0,0,1,Masculino,1,0,0,7,8,5,11.2,0,0,7,8,5,11.2,0,7.6,2.6,0.32,Matriculado,Matriculado,0,
Solteiro,Design de Comunicação,Ensino Secundário,157.0,Português,146.2,0,0,1,Masculino,0,0,0,6,6,6,16.0,0,0,6,6,6,13.6666666666666,0,12.4,0.5,1.79,Graduado,Graduado,0,0
Solteiro,Equincultura,Ensino Básico (3º Ciclo),133.1,Português,140.0,0,1,1,Masculino,0,0,0,6,13,5,13.142857142857096,0,0,6,15,3,12.666666666666602,0,16.2,0.3,-0.92,Desistente,Desistente,1,1
Solteiro,Serviço Social (prestação nocturna),Ensino Secundário,145.0,Espanhol,134.5,0,0,1,Masculino,0,1,8,14,23,11,11.6875,0,6,10,20,8,11.142857142857096,0,9.4,-0.8,-3.12,Graduado,Graduado,0,0
Solteiro,Engenharia Informática,Ensino Secundário,130.0,Português,137.0,0,0,1,Masculino,0,0,0,5,11,4,10.5,0,0,5,12,4,11.0,4,7.6,2.6,0.32,Matriculado,Matriculado,0,
Solteiro,Enfermagem Veterinária,Ensino Secundário,111.0,Português,107.5,0,0,1,Masculino,1,0,0,6,9,6,13.833333333333304,0,0,6,12,5,13.6666666666666,0,11.1,0.6,2.02,Graduado,Graduado,0,0
Solteiro,Engenharia Informática,Ensino Secundário,116.0,Português,112.2,0,0,1,Masculino,0,0,0,5,0,0,0.0,0,0,5,0,0,0.0,0,16.2,0.3,-0.92,Desistente,Desistente,1,1
Solteiro,Equincultura,11º Ano de Escolaridade - Não Concluído,133.1,Português,128.2,0,0,0,Masculino,1,0,0,5,13,0,0.0,3,0,5,5,0,0.0,5,9.4,-0.8,-3.12,Desistente,Desistente,1,1
Solteiro,Enfermagem,Ensino Secundário,135.0,Português,126.8,0,0,1,Masculino,0,0,0,7,9,0,0.0,0,0,7,8,0,0.0,0,15.5,2.8,-4.06,Desistente,Desistente,1,1
Solteiro,Gestão,Ensino Secundário,145.0,Português,132.1,0,0,1,Masculino,0,0,0,5,10,1,10.0,0,0,5,5,0,0.0,0,11.1,0.6,2.02,Desistente,Desistente,1,1
Solteiro,Design de Animação e Multimédia,Ensino Secundário,118.0,Português,110.0,0,0,1,Masculino,0,0,0,0,0,0,0.0,0,0,0,0,0,0.0,0,13.9,-0.3,0.79,Desistente,Desistente,1,1
Solteiro,Agronomia,Ensino Secundário,130.0,Português,100.0,0,0,0,Masculino,0,0,0,6,9,0,0.0,0,0,6,6,0,0.0,0,13.9,-0.3,0.79,Desistente,Desistente,1,1
Solteiro,Gestão de Publicidade e Marketing,Ensino Secundário,115.0,Português,114.3,0,0,1,Masculino,0,0,0,6,7,4,12.6,0,0,6,6,4,13.0,0,12.4,0.5,1.79,Desistente,Desistente,1,1
Solteiro,Gestão,Ensino Secundário,122.0,Português,116.4,0,0,1,Masculino,0,0,0,5,10,3,11.25,0,0,5,9,3,11.0,0,15.5,2.8,-4.06,Matriculado,Matriculado,0,
Solteiro,Design de Comunicação,Ensino Secundário,120.0,Português,116.9,0,0,1,Masculino,0,0,6,7,13,7,12.375,0,4,7,8,4,11.25,0,13.9,-0.3,0.79,Desistente,Desistente,1,1
Solteiro,Gestão (presencial noturno),Ensino Secundário,120.0,Português,128.2,0,1,1,Masculino,0,0,3,10,15,7,10.7142857142857,0,3,10,11,9,12.5555555555555,0,12.4,0.5,1.79,Matriculado,Matriculado,0,
Solteiro,Jornalismo e Comunicação,Ensino Secundário,120.0,Português,127.0,0,0,0,Masculino,0,0,0,6,6,0,0.0,0,0,6,0,0,0.0,0,8.9,1.4,3.51,Desistente,Desistente,1,1
Solteiro,Agronomia,Ensino Secundário,140.0,Português,140.0,0,0,1,Masculino,0,0,0,6,14,5,12.0,0,0,6,12,5,12.142857142857096,0,15.5,2.8,-4.06,Matriculado,Matriculado,0,
Solteiro,Gestão,Ensino Secundário,127.0,Português,120.0,0,0,1,Masculino,0,0,0,5,6,5,12.6,0,0,5,8,3,12.666666666666602,0,8.9,1.4,3.51,Graduado,Graduado,0,0
Solteiro,Turismo,Ensino Superior - Licenciatura,110.0,Português,110.0,0,0,1,Masculino,0,0,0,6,7,0,0.0,0,0,6,6,0,0.0,0,16.2,0.3,-0.92,Desistente,Desistente,1,1
Solteiro,Enfermagem,Ensino Secundário,148.0,Português,127.0,0,0,1,Masculino,0,0,0,8,8,7,12.841428571428503,0,0,8,8,7,12.841428571428503,0,10.8,1.4,1.74,Graduado,Graduado,0,0
Casado,Serviço Social,Curso Técnico Superior Profissional,170.0,Português,159.5,0,0,1,Masculino,0,0,0,6,6,0,0.0,0,0,5,5,0,0.0,0,8.9,1.4,3.51,Desistente,Desistente,1,1
Solteiro,Jornalismo e Comunicação,Ensino Secundário,146.0,Português,135.2,0,0,1,Masculino,0,0,0,6,7,6,14.1666666666666,0,0,6,6,6,12.833333333333304,0,9.4,-0.8,-3.12,Graduado,Graduado,0,0
Solteiro,Jornalismo e Comunicação,Ensino Secundário,127.0,Português,122.8,0,0,1,Masculino,0,0,0,6,7,6,12.166666666666602,0,0,6,9,3,12.0,0,12.4,0.5,1.79,Matriculado,Matriculado,0,
Solteiro,Jornalismo e Comunicação,Ensino Secundário,125.0,Português,118.0,0,0,1,Masculino,0,0,0,6,12,4,10.8,0,0,6,14,3,11.0,0,13.9,-0.3,0.79,Desistente,Desistente,1,1
Solteiro,Jornalismo e Comunicação,Ensino Secundário,139.0,Português,123.6,0,0,1,Masculino,0,0,0,6,6,6,13.0,0,0,6,12,0,0.0,0,7.6,2.6,0.32,Desistente,Desistente,1,1
Solteiro,Gestão (presencial noturno),Ensino Secundário,133.1,Português,111.0,0,0,0,Masculino,0,0,0,5,0,0,0.0,0,0,5,0,0,0.0,0,8.9,1.4,3.51,Desistente,Desistente,1,1
Solteiro,Gestão,Ensino Secundário,146.0,Português,144.6,0,0,1,Masculino,0,0,0,5,5,5,13.0,0,0,5,6,5,13.333333333333304,0,16.2,0.3,-0.92,Graduado,Graduado,0,0
Solteiro,Jornalismo e Comunicação,Ensino Secundário,109.0,Português,111.8,0,1,1,Masculino,0,0,0,6,8,6,11.571428571428502,0,0,6,9,6,11.571428571428502,0,15.5,2.8,-4.06,Desistente,Desistente,1,1
Solteiro,Serviço Social,Ensino Secundário,135.0,Português,122.1,1,1,0,Masculino,0,0,0,6,6,4,11.5,0,0,6,6,5,11.0,0,8.9,1.4,3.51,Desistente,Desistente,1,1
Solteiro,Design de Comunicação,Ensino Secundário,122.0,Português,119.9,0,0,1,Masculino,0,0,0,6,8,5,11.0,0,0,6,6,4,10.75,0,9.4,-0.8,-3.12,Graduado,Graduado,0,0
Solteiro,Agronomia,Ensino Superior - Licenciatura,130.0,Português,130.0,0,0,1,Masculino,0,0,1,6,10,6,17.111111111111093,0,2,6,9,6,15.571428571428504,0,13.9,-0.3,0.79,Graduado,Graduado,0,0
Solteiro,Design de Animação e Multimédia,Ensino Secundário,124.0,Português,118.4,0,0,1,Masculino,0,0,0,0,0,0,0.0,0,0,0,0,0,0.0,0,7.6,2.6,0.32,Matriculado,Matriculado,0,
Solteiro,Turismo,Ensino Secundário,115.0,Português,112.6,0,0,1,Masculino,1,0,0,6,9,6,12.571428571428502,0,0,6,6,6,12.166666666666602,0,8.9,1.4,3.51,Graduado,Graduado,0,0
Solteiro,Agronomia,Curso de Especialização Tecnológica,150.0,Português,150.0,0,0,1,Masculino,0,0,0,6,6,0,0.0,0,0,6,8,0,0.0,0,15.5,2.8,-4.06,Desistente,Desistente,1,1
Solteiro,Design de Comunicação,Ensino Secundário,170.0,Português,165.8,0,0,1,Masculino,0,0,0,6,7,6,14.5,0,0,6,6,6,15.1666666666666,0,9.4,-0.8,-3.12,Graduado,Graduado,0,0
Solteiro,Turismo,Ensino Secundário,102.0,Português,101.7,0,0,1,Masculino,1,0,0,6,6,6,13.5,0,0,6,6,6,12.333333333333304,0,12.4,0.5,1.79,Graduado,Graduado,0,0
Solteiro,Turismo,Ensino Secundário,140.0,Português,124.3,0,0,0,Masculino,0,0,0,6,9,5,11.2,0,0,6,14,2,10.0,0,9.4,-0.8,-3.12,Desistente,Desistente,1,1
Solteiro,Engenharia Informática,Ensino Secundário,135.0,Português,122.1,0,0,1,Masculino,0,0,0,5,10,3,10.666666666666602,0,0,5,5,4,12.25,0,7.6,2.6,0.32,Graduado,Graduado,0,0
Solteiro,Serviço Social (prestação nocturna),Ensino Secundário,148.0,Português,134.7,0,0,1,Feminino,0,0,9,13,15,9,11.0,0,4,11,12,7,11.571428571428502,0,15.5,2.8,-4.06,Matriculado,Matriculado,0,
Solteiro,Gestão (presencial noturno),Ensino Secundário,140.0,Português,154.5,0,0,1,Feminino,0,0,0,1,2,0,0.0,0,0,5,8,0,0.0,0,16.2,0.3,-0.92,Desistente,Desistente,1,1
Solteiro,Gestão de Publicidade e Marketing,Ensino Secundário,147.0,Português,128.8,0,1,1,Feminino,0,0,0,5,5,1,10.0,0,0,5,5,0,0.0,0,9.4,-0.8,-3.12,Desistente,Desistente,1,1
Solteiro,Higiene Oral,Ensino Secundário,140.0,Português,106.0,0,1,0,Feminino,1,0,0,7,14,5,12.36,0,1,8,15,5,12.0,0,8.9,1.4,3.51,Desistente,Desistente,1,1
Solteiro,Gestão de Publicidade e Marketing,Ensino Secundário,157.0,Português,146.2,0,0,1,Feminino,1,0,0,6,8,6,15.25,0,0,6,7,6,14.714285714285703,0,11.1,0.6,2.02,Graduado,Graduado,0,0
Solteiro,Gestão (presencial noturno),Ensino Secundário,120.0,Português,116.9,0,1,0,Feminino,0,0,0,5,5,0,0.0,0,0,5,6,0,0.0,0,10.8,1.4,1.74,Desistente,Desistente,1,1
Solteiro,Gestão,Outro - 11º Ano de Escolaridade,133.1,Português,118.2,0,0,1,Feminino,0,0,0,5,8,1,13.0,2,0,5,9,4,12.25,0,10.8,1.4,1.74,Desistente,Desistente,1,1
Casado,Enfermagem,Ensino Secundário,140.0,Português,105.7,0,0,1,Feminino,0,0,0,8,8,8,13.813749999999999,0,0,8,8,8,13.813749999999999,0,9.4,-0.8,-3.12,Graduado,Graduado,0,0
Solteiro,Enfermagem Veterinária,Ensino Secundário,130.0,Português,126.9,0,1,1,Feminino,0,0,0,6,8,6,13.285714285714198,0,0,6,13,6,12.875,0,11.1,0.6,2.02,Graduado,Graduado,0,0
Solteiro,Enfermagem Veterinária,Curso de Especialização Tecnológica,150.0,Português,150.0,0,0,1,Feminino,0,0,0,6,11,4,11.5,0,0,6,12,4,12.2,0,8.9,1.4,3.51,Matriculado,Matriculado,0,
Solteiro,Enfermagem,Ensino Secundário,115.0,Português,108.4,0,0,1,Feminino,1,0,0,7,8,7,11.9625,0,0,8,9,8,13.0444444444444,0,13.9,-0.3,0.79,Graduado,Graduado,0,0
Solteiro,Enfermagem,Ensino Secundário,118.0,Português,114.2,0,0,1,Feminino,0,0,0,7,9,6,13.683333333333303,0,0,8,11,6,13.1166666666666,0,11.1,0.6,2.02,Graduado,Graduado,0,0
Solteiro,Enfermagem,Ensino Secundário,130.0,Português,140.0,0,0,1,Feminino,0,0,0,8,8,7,14.985714285714199,0,0,8,8,7,14.985714285714199,0,12.7,3.7,-1.7,Graduado,Graduado,0,0
Casado,Gestão,Ensino Secundário,130.0,Português,142.5,0,0,1,Feminino,0,0,0,5,8,4,11.25,0,0,5,8,4,11.5,0,11.1,0.6,2.02,Matriculado,Matriculado,0,
Solteiro,Jornalismo e Comunicação,Ensino Secundário,130.0,Português,126.5,0,0,1,Feminino,0,0,0,6,8,4,12.5,0,0,6,6,5,12.6,0,12.7,3.7,-1.7,Graduado,Graduado,0,0
Solteiro,Enfermagem Veterinária,Ensino Secundário,120.0,Português,111.3,0,0,1,Feminino,0,0,0,6,0,0,0.0,0,0,6,0,0,0.0,0,11.1,0.6,2.02,Desistente,Desistente,1,1
Solteiro,Enfermagem,Ensino Secundário,130.0,Português,125.1,0,0,1,Feminino,0,0,0,7,10,7,13.78,0,0,8,10,8,13.660999999999998,0,15.5,2.8,-4.06,Graduado,Graduado,0,0
Solteiro,Enfermagem,Ensino Secundário,141.0,Português,126.3,0,0,1,Feminino,0,0,0,7,10,7,13.805000000000001,0,0,8,8,8,14.272499999999999,0,15.5,2.8,-4.06,Graduado,Graduado,0,0
Solteiro,Enfermagem Veterinária,Ensino Secundário,138.0,Português,142.2,0,0,1,Feminino,0,0,0,5,7,5,13.8,0,0,5,5,5,12.6,0,10.8,1.4,1.74,Graduado,Graduado,0,0
Solteiro,Gestão de Publicidade e Marketing,Ensino Secundário,113.0,Português,110.2,0,0,1,Feminino,0,0,0,5,7,3,12.666666666666602,0,0,5,6,4,12.0,0,7.6,2.6,0.32,Matriculado,Matriculado,0,
Solteiro,Enfermagem,Ensino Secundário,135.0,Português,127.0,0,0,1,Feminino,0,0,0,7,7,7,14.424285714285702,0,0,8,8,8,13.9375,0,11.1,0.6,2.02,Graduado,Graduado,0,0
Solteiro,Serviço Social,Ensino Secundário,137.0,Português,128.6,0,0,1,Feminino,1,0,0,6,7,6,13.1666666666666,0,0,6,6,6,12.5,0,12.4,0.5,1.79,Graduado,Graduado,0,0
Divorciado,Gestão (presencial noturno),Ensino Secundário,133.1,Português,130.4,0,0,1,Feminino,0,0,0,5,10,3,10.666666666666602,0,0,5,8,5,10.4,0,12.7,3.7,-1.7,Matriculado,Matriculado,0,
Casado,Serviço Social,Outro - 11º Ano de Escolaridade,100.0,Português,134.4,0,0,1,Feminino,0,0,9,16,20,14,12.071428571428502,1,11,13,13,11,12.272727272727199,0,7.6,2.6,0.32,Graduado,Graduado,0,0
Solteiro,Serviço Social (prestação nocturna),Ensino Básico (3º Ciclo),133.1,Português,100.0,0,0,1,Feminino,0,0,0,6,10,3,10.25,0,0,6,7,1,12.0,0,13.9,-0.3,0.79,Desistente,Desistente,1,1
Solteiro,Enfermagem,Ensino Secundário,142.0,Português,133.0,0,0,1,Feminino,1,0,0,8,8,8,14.11,0,0,8,8,8,14.11,0,9.4,-0.8,-3.12,Graduado,Graduado,0,0
Solteiro,Ensino Básico,Ensino Secundário,140.0,Português,126.7,0,0,1,Feminino,0,0,0,6,9,5,12.4,0,0,6,10,3,10.666666666666602,0,10.8,1.4,1.74,Desistente,Desistente,1,1
Solteiro,Jornalismo e Comunicação,Ensino Secundário,129.0,Português,129.0,0,0,0,Feminino,0,0,0,6,7,6,12.0,0,0,6,6,6,12.0,0,10.8,1.4,1.74,Desistente,Desistente,1,1
Solteiro,Jornalismo e Comunicação,Ensino Secundário,141.0,Português,133.7,0,0,1,Feminino,1,0,0,6,6,6,14.833333333333304,0,0,6,6,6,13.5,0,11.1,0.6,2.02,Graduado,Graduado,0,0
Solteiro,Enfermagem Veterinária,Ensino Secundário,118.0,Português,122.2,0,0,1,Feminino,1,0,0,6,7,6,15.428571428571399,0,0,6,7,6,13.5,0,13.9,-0.3,0.79,Graduado,Graduado,0,0
Solteiro,Gestão,Ensino Secundário,131.0,Português,128.9,0,0,1,Feminino,1,0,0,5,7,5,11.6,0,0,5,11,5,11.4,4,16.2,0.3,-0.92,Graduado,Graduado,0,0
Solteiro,Design de Comunicação,Ensino Secundário,161.0,Português,154.4,0,0,1,Feminino,0,0,0,6,6,6,14.1666666666666,0,0,6,6,6,14.0,0,16.2,0.3,-0.92,Graduado,Graduado,0,0
Solteiro,Higiene Oral,Ensino Superior - Licenciatura,130.0,Português,130.0,0,0,1,Feminino,1,0,0,7,9,1,9.8,0,0,7,7,0,0.0,0,12.7,3.7,-1.7,Desistente,Desistente,1,1
Solteiro,Gestão,Ensino Secundário,121.0,Português,113.0,0,0,1,Feminino,1,0,0,5,12,4,10.7142857142857,0,0,5,9,4,11.0,0,13.9,-0.3,0.79,Graduado,Graduado,0,0
Solteiro,Equincultura,Frequência do Ensino Superior,133.1,Português,123.3,0,0,1,Feminino,1,0,0,5,7,0,0.0,0,0,5,5,0,0.0,0,7.6,2.6,0.32,Desistente,Desistente,1,1
Solteiro,Equincultura,Curso de Especialização Tecnológica,130.0,Português,130.0,0,1,1,Feminino,1,0,1,6,13,3,12.333333333333304,0,1,6,12,1,13.0,0,13.9,-0.3,0.79,Desistente,Desistente,1,1
Solteiro,Enfermagem Veterinária,Ensino Secundário,133.1,Brasileiro,101.3,0,0,1,Feminino,0,1,0,6,13,6,13.0,0,0,6,15,6,12.25,0,11.1,0.6,2.02,Graduado,Graduado,0,0
Solteiro,Gestão de Publicidade e Marketing,Ensino Secundário,120.0,Português,113.7,0,0,1,Feminino,0,0,0,5,7,4,11.4,0,0,5,5,4,11.25,0,9.4,-0.8,-3.12,Graduado,Graduado,0,0
Solteiro,Enfermagem,Ensino Secundário,140.0,Português,138.8,0,0,1,Feminino,0,0,0,7,7,6,12.766666666666602,0,0,7,7,6,12.766666666666602,0,7.6,2.6,0.32,Graduado,Graduado,0,0
Casado,Agronomia,Ensino Básico (3º Ciclo),133.1,Português,140.0,0,1,1,Feminino,0,0,0,6,11,5,12.6,0,0,6,6,6,12.666666666666602,0,11.1,0.6,2.02,Graduado,Graduado,0,0
Solteiro,Gestão,Curso de Especialização Tecnológica,130.0,Português,130.0,0,0,1,Feminino,1,0,4,7,8,7,13.0,0,2,5,5,5,13.4,0,11.1,0.6,2.02,Graduado,Graduado,0,0
Solteiro,Enfermagem,Ensino Secundário,140.0,Português,132.5,0,0,1,Feminino,0,0,0,7,7,6,14.3166666666666,0,0,7,7,6,14.3166666666666,0,7.6,2.6,0.32,Graduado,Graduado,0,0
Solteiro,Enfermagem Veterinária,Ensino Secundário,124.0,Português,117.4,0,0,1,Feminino,0,0,0,5,7,4,12.75,0,0,5,5,5,12.0,0,10.8,1.4,1.74,Graduado,Graduado,0,0
Solteiro,Gestão,Ensino Secundário,115.0,Português,109.8,0,0,1,Feminino,1,0,0,5,5,5,13.4,0,0,5,5,5,12.6,0,8.9,1.4,3.51,Graduado,Graduado,0,0
Solteiro,Serviço Social (prestação nocturna),Ensino Secundário,100.0,Português,116.5,0,1,0,Feminino,0,0,0,6,6,0,0.0,0,0,5,5,0,0.0,0,8.9,1.4,3.51,Desistente,Desistente,1,1
Solteiro,Enfermagem Veterinária,Ensino Secundário,162.0,Português,165.2,0,0,1,Feminino,1,0,0,5,6,4,15.75,0,0,5,5,5,13.8,0,10.8,1.4,1.74,Graduado,Graduado,0,0
Solteiro,Ensino Básico,Ensino Secundário,121.0,Português,113.0,0,0,1,Feminino,0,0,0,6,9,5,12.4,0,0,6,11,1,11.0,0,12.7,3.7,-1.7,Desistente,Desistente,1,1
Solteiro,Serviço Social,Ensino Secundário,125.0,Português,123.3,0,0,1,Feminino,1,0,0,6,8,6,11.5,0,0,6,7,6,12.333333333333304,0,12.4,0.5,1.79,Graduado,Graduado,0,0
Solteiro,Gestão de Publicidade e Marketing,Ensino Secundário,123.0,Português,116.7,0,0,1,Feminino,0,0,0,5,5,5,13.4,0,0,5,5,5,14.0,0,9.4,-0.8,-3.12,Graduado,Graduado,0,0
Casado,Gestão (presencial noturno),Curso de Especialização Tecnológica,140.0,Português,110.0,0,0,1,Feminino,1,0,0,5,9,3,11.666666666666602,0,0,5,7,5,11.8,0,12.7,3.7,-1.7,Matriculado,Matriculado,0,
Casado,Enfermagem,Ensino Secundário,133.1,Português,118.9,0,0,1,Feminino,0,0,0,7,0,0,0.0,0,0,8,0,0,0.0,0,13.9,-0.3,0.79,Desistente,Desistente,1,1
Solteiro,Jornalismo e Comunicação,Ensino Secundário,120.0,Português,103.6,0,0,1,Feminino,0,0,4,8,11,7,13.285714285714198,0,4,7,13,5,11.6,0,9.4,-0.8,-3.12,Desistente,Desistente,1,1
Casado,Turismo,Ensino Secundário,136.0,Português,122.7,0,0,1,Feminino,1,0,0,6,10,4,11.5,0,0,6,16,2,10.5,0,7.6,2.6,0.32,Desistente,Desistente,1,1
Casado,Serviço Social (prestação nocturna),Ensino Secundário,133.1,Português,113.5,0,0,1,Feminino,1,0,3,9,11,8,13.25,0,2,7,8,7,11.714285714285698,0,12.7,3.7,-1.7,Graduado,Graduado,0,0
Divorciado,Gestão,Ensino Secundário,110.0,Português,128.2,0,0,1,Feminino,0,0,8,14,24,11,12.25,3,5,10,12,10,13.4,0,9.4,-0.8,-3.12,Graduado,Graduado,0,0
Solteiro,Enfermagem,Ensino Secundário,120.0,Português,120.0,0,0,1,Feminino,0,0,0,7,8,6,12.0,0,0,7,8,6,12.0,0,7.6,2.6,0.32,Matriculado,Matriculado,0,
Solteiro,Agronomia,Ensino Básico (3º Ciclo),133.1,Português,130.0,0,0,1,Feminino,0,0,0,6,10,1,12.0,0,0,6,6,0,0.0,0,11.1,0.6,2.02,Desistente,Desistente,1,1
União de Fato,Gestão,Ensino Superior - Licenciatura (1º Ciclo),110.0,Português,110.0,0,0,1,Feminino,0,0,10,15,15,13,10.923076923076902,0,5,10,10,7,11.142857142857096,0,15.5,2.8,-4.06,Graduado,Graduado,0,0
Solteiro,Tecnologias de Produção de Biocombustíveis,Ensino Secundário,130.0,Português,117.7,0,0,1,Feminino,0,0,10,12,12,10,12.0,0,5,10,11,5,11.0,0,11.1,0.6,2.02,Desistente,Desistente,1,1
Solteiro,Gestão,Ensino Secundário,102.0,Português,99.6,0,0,1,Feminino,1,0,0,5,10,5,13.7142857142857,0,0,5,7,5,14.4,0,11.1,0.6,2.02,Graduado,Graduado,0,0
Solteiro,Gestão,Ensino Secundário,127.0,Angolano,117.9,0,0,1,Feminino,0,1,0,5,8,1,10.0,0,0,5,8,2,13.0,0,7.6,2.6,0.32,Desistente,Desistente,1,1
Divorciado,Serviço Social (prestação nocturna),Ensino Secundário,133.1,Português,113.0,0,0,1,Feminino,1,0,0,6,18,2,10.333333333333304,0,0,6,7,6,11.5,0,16.2,0.3,-0.92,Graduado,Graduado,0,0
Solteiro,Higiene Oral,Ensino Secundário,137.0,Brasileiro,124.4,0,0,1,Feminino,0,1,0,7,8,7,12.7285714285714,0,0,8,8,8,14.625,0,15.5,2.8,-4.06,Graduado,Graduado,0,0
Casado,Serviço Social (prestação nocturna),Ensino Superior - Licenciatura,130.0,Português,140.0,0,0,0,Feminino,0,0,10,15,22,12,13.333333333333304,0,8,8,8,8,12.875,0,10.8,1.4,1.74,Desistente,Desistente,1,1
Casado,Gestão,Curso Técnico Superior Profissional,130.0,Português,132.4,0,0,1,Feminino,0,0,6,11,20,9,12.222222222222198,0,3,9,16,9,11.6,0,8.9,1.4,3.51,Matriculado,Matriculado,0,
Solteiro,Turismo,Ensino Secundário,131.0,Português,124.0,0,0,1,Feminino,1,0,0,6,7,6,11.333333333333304,0,0,6,9,6,10.833333333333304,0,9.4,-0.8,-3.12,Graduado,Graduado,0,0
Casado,Gestão (presencial noturno),Ensino Secundário,162.0,Português,132.0,0,1,1,Masculino,0,0,0,5,8,4,11.0,0,0,5,7,4,12.0,0,7.6,2.6,0.32,Matriculado,Matriculado,0,
Divorciado,Gestão (presencial noturno),Ensino Secundário,140.0,Português,149.8,0,0,1,Masculino,0,0,0,5,5,5,13.8,0,0,5,6,5,13.8,0,12.7,3.7,-1.7,Graduado,Graduado,0,0
Solteiro,Higiene Oral,Ensino Superior - Mestrado (2º Ciclo),160.0,Português,160.0,0,0,1,Masculino,0,0,0,7,16,1,12.0,0,0,7,13,0,0.0,1,11.1,0.6,2.02,Desistente,Desistente,1,1
Solteiro,Gestão de Publicidade e Marketing,Ensino Secundário,117.0,Português,114.6,0,0,0,Masculino,0,0,0,6,9,4,11.25,0,0,6,11,3,10.166666666666604,0,10.8,1.4,1.74,Desistente,Desistente,1,1
Solteiro,Gestão (presencial noturno),Ensino Secundário,150.0,Português,120.0,0,0,1,Masculino,0,0,0,5,6,4,10.5,0,0,5,6,5,12.0,0,9.4,-0.8,-3.12,Graduado,Graduado,0,0
Solteiro,Agronomia,Ensino Básico (3º Ciclo),133.1,Português,100.0,0,0,1,Masculino,0,0,17,18,20,18,11.5555555555555,0,11,13,13,13,11.615384615384599,0,15.5,2.8,-4.06,Graduado,Graduado,0,0
Solteiro,Serviço Social,Ensino Secundário,125.0,Português,128.5,0,0,1,Masculino,0,0,0,6,13,1,14.0,0,0,6,7,0,0.0,0,16.2,0.3,-0.92,Desistente,Desistente,1,1
Solteiro,Agronomia,Ensino Secundário,130.0,Português,113.0,0,0,0,Masculino,0,0,0,6,17,1,13.0,0,0,6,8,0,0.0,0,15.5,2.8,-4.06,Desistente,Desistente,1,1
Solteiro,Serviço Social,Ensino Secundário,170.0,Português,150.8,0,0,1,Feminino,0,0,0,6,13,2,11.0,0,0,6,14,1,11.0,0,7.6,2.6,0.32,Desistente,Desistente,1,1
Solteiro,Enfermagem,Ensino Secundário,132.0,Português,130.8,0,0,1,Feminino,0,0,0,8,8,7,13.681428571428503,0,0,8,8,7,13.681428571428503,0,10.8,1.4,1.74,Matriculado,Matriculado,0,
Solteiro,Enfermagem,Ensino Secundário,133.1,Português,114.5,0,0,1,Feminino,0,0,0,7,11,6,12.1,0,0,7,7,6,12.616666666666601,0,16.2,0.3,-0.92,Matriculado,Matriculado,0,
Solteiro,Serviço Social (prestação nocturna),Ensino Secundário,120.0,Português,114.8,0,0,1,Feminino,0,0,0,6,8,4,10.5,0,0,6,8,4,11.25,0,10.8,1.4,1.74,Graduado,Graduado,0,0
Solteiro,Enfermagem,Ensino Secundário,126.0,Português,126.2,0,0,1,Feminino,1,0,0,7,10,5,11.94,0,0,7,8,6,12.8,0,11.1,0.6,2.02,Matriculado,Matriculado,0,
Solteiro,Enfermagem,Ensino Secundário,130.0,Português,129.0,0,1,0,Feminino,0,0,0,7,11,4,12.86,0,0,7,10,5,11.566666666666602,0,12.4,0.5,1.79,Desistente,Desistente,1,1
Solteiro,Serviço Social,Ensino Secundário,133.1,Português,110.5,0,0,1,Feminino,0,0,0,6,10,6,14.25,0,0,6,7,6,14.0,0,16.2,0.3,-0.92,Graduado,Graduado,0,0
Solteiro,Enfermagem,Ensino Secundário,141.0,Português,132.5,0,0,0,Feminino,0,0,0,7,0,0,0.0,0,0,8,0,0,0.0,0,12.7,3.7,-1.7,Desistente,Desistente,1,1
Solteiro,Design de Animação e Multimédia,Ensino Secundário,138.0,Português,130.7,0,0,1,Feminino,0,0,0,0,0,0,0.0,0,0,0,0,0,0.0,0,13.9,-0.3,0.79,Desistente,Desistente,1,1
Solteiro,Enfermagem,Ensino Secundário,130.0,Português,130.4,0,0,1,Feminino,1,0,0,7,7,7,13.8942857142857,0,0,8,8,8,14.3625,0,11.1,0.6,2.02,Graduado,Graduado,0,0
Solteiro,Enfermagem,Ensino Secundário,128.0,Português,124.3,0,0,1,Feminino,1,0,0,7,8,7,13.46875,0,0,8,8,8,13.313749999999999,0,15.5,2.8,-4.06,Graduado,Graduado,0,0
Solteiro,Enfermagem Veterinária,Ensino Secundário,135.0,Português,132.6,0,0,1,Feminino,1,0,0,5,5,5,13.6,0,0,5,5,5,14.6,0,10.8,1.4,1.74,Graduado,Graduado,0,0
Solteiro,Serviço Social (prestação nocturna),Curso de Especialização Tecnológica,150.0,Português,146.7,0,0,1,Feminino,1,0,3,6,6,6,14.6666666666666,0,2,6,6,6,13.833333333333304,0,12.4,0.5,1.79,Graduado,Graduado,0,0
Solteiro,Jornalismo e Comunicação,Ensino Secundário,135.0,Português,130.1,0,0,1,Feminino,0,0,0,6,6,6,13.6666666666666,0,0,6,7,6,13.0,0,15.5,2.8,-4.06,Graduado,Graduado,0,0
Casado,Turismo,Ensino Superior - Licenciatura,120.0,Português,120.0,0,0,1,Feminino,0,0,9,12,22,10,13.3,0,9,11,11,11,13.7272727272727,0,9.4,-0.8,-3.12,Graduado,Graduado,0,0
Solteiro,Serviço Social (prestação nocturna),Ensino Superior - Licenciatura,120.0,Português,121.3,0,0,1,Feminino,0,0,7,11,13,11,13.4545454545454,0,5,11,13,7,12.428571428571399,0,12.7,3.7,-1.7,Graduado,Graduado,0,0
Solteiro,Enfermagem,Ensino Secundário,140.0,Português,133.3,0,0,1,Feminino,1,0,0,8,8,8,13.41625,0,0,8,8,8,13.41625,0,9.4,-0.8,-3.12,Graduado,Graduado,0,0
Casado,Enfermagem,Ensino Secundário,140.0,Português,110.5,0,0,1,Feminino,0,0,0,7,0,0,0.0,0,0,8,0,0,0.0,0,12.7,3.7,-1.7,Desistente,Desistente,1,1
Casado,Serviço Social (prestação nocturna),Ensino Secundário,140.0,Português,102.5,0,0,1,Feminino,1,0,0,6,6,6,11.333333333333304,0,0,6,8,5,13.0,0,15.5,2.8,-4.06,Graduado,Graduado,0,0
Solteiro,Enfermagem Veterinária,Ensino Secundário,156.0,Português,150.9,0,0,1,Feminino,0,0,0,6,8,6,16.0,0,0,6,10,6,14.625,0,11.1,0.6,2.02,Desistente,Desistente,1,1
Solteiro,Design de Comunicação,Outro - 11º Ano de Escolaridade,133.1,Português,106.6,0,1,1,Feminino,0,0,2,6,8,5,11.0,0,4,6,12,6,10.166666666666604,0,8.9,1.4,3.51,Matriculado,Matriculado,0,
Solteiro,Turismo,Ensino Secundário,120.0,Português,118.3,0,0,1,Masculino,0,0,0,6,8,6,12.857142857142804,0,0,6,9,5,12.4,0,8.9,1.4,3.51,Matriculado,Matriculado,0,
Solteiro,Gestão (presencial noturno),Ensino Secundário,100.0,Português,117.9,0,0,0,Masculino,0,0,0,5,5,0,0.0,0,0,5,6,0,0.0,0,10.8,1.4,1.74,Desistente,Desistente,1,1
Casado,Gestão (presencial noturno),Ensino Secundário,120.0,Português,135.0,0,0,1,Masculino,0,0,0,5,5,5,14.8,0,0,5,5,5,14.2,0,7.6,2.6,0.32,Graduado,Graduado,0,0
Solteiro,Engenharia Informática,Ensino Superior - Licenciatura,120.0,Português,120.0,0,0,0,Masculino,0,0,1,5,7,1,13.0,0,2,5,5,2,14.0,0,12.7,3.7,-1.7,Desistente,Desistente,1,1
Solteiro,Design de Animação e Multimédia,Ensino Secundário,172.0,Português,167.1,0,0,1,Masculino,1,0,0,0,0,0,0.0,0,0,0,0,0,0.0,0,16.2,0.3,-0.92,Graduado,Graduado,0,0
Solteiro,Gestão (presencial noturno),Ensino Secundário,120.0,Português,115.8,0,1,0,Masculino,0,0,4,9,14,4,10.0,0,1,6,6,1,10.0,0,12.7,3.7,-1.7,Desistente,Desistente,1,1
Solteiro,Design de Comunicação,Ensino Secundário,137.0,Português,141.2,0,1,1,Masculino,0,0,0,6,11,5,11.2,0,0,6,7,6,12.0,0,9.4,-0.8,-3.12,Graduado,Graduado,0,0
Solteiro,Jornalismo e Comunicação,Ensino Secundário,117.0,Português,118.4,0,0,1,Masculino,1,0,0,6,8,6,11.833333333333304,0,0,6,11,3,13.0,0,15.5,2.8,-4.06,Graduado,Graduado,0,0
Solteiro,Gestão,Ensino Secundário,142.0,Português,134.3,1,0,1,Masculino,0,0,0,5,0,0,0.0,0,0,5,0,0,0.0,0,10.8,1.4,1.74,Desistente,Desistente,1,1
Solteiro,Gestão,Ensino Secundário,135.0,Português,128.7,0,0,1,Masculino,0,0,0,5,8,2,10.5,0,0,5,10,0,0.0,0,7.6,2.6,0.32,Desistente,Desistente,1,1
Solteiro,Engenharia Informática,Ensino Secundário,115.0,Português,116.1,0,0,0,Masculino,0,0,0,5,8,5,12.5,0,0,5,7,5,13.571428571428504,0,12.4,0.5,1.79,Desistente,Desistente,1,1
Solteiro,Design de Animação e Multimédia,Ensino Secundário,110.0,Português,100.0,0,0,1,Masculino,0,0,0,0,0,0,0.0,0,0,0,0,0,0.0,0,9.4,-0.8,-3.12,Desistente,Desistente,1,1
Solteiro,Design de Animação e Multimédia,Ensino Secundário,123.0,Português,118.8,0,0,1,Masculino,0,0,4,10,10,5,11.0,0,2,7,8,2,10.0,0,8.9,1.4,3.51,Matriculado,Matriculado,0,
Casado,Gestão (presencial noturno),Ensino Secundário,140.0,Português,130.0,0,0,1,Masculino,0,0,6,10,14,9,12.333333333333304,0,7,10,12,8,12.0,0,9.4,-0.8,-3.12,Graduado,Graduado,0,0
Solteiro,Equincultura,Curso de Especialização Tecnológica,150.0,Português,150.0,0,0,1,Masculino,0,0,0,6,9,0,0.0,0,0,6,8,1,10.0,1,16.2,0.3,-0.92,Desistente,Desistente,1,1
União de Fato,Engenharia Informática,Ensino Secundário,120.0,Português,116.0,0,1,1,Masculino,1,0,0,5,14,1,17.0,0,0,5,10,2,11.0,0,9.4,-0.8,-3.12,Matriculado,Matriculado,0,
Solteiro,Gestão,Ensino Secundário,110.0,Português,99.0,0,0,1,Masculino,0,0,0,5,5,5,11.0,0,0,5,11,3,11.428571428571399,0,10.8,1.4,1.74,Matriculado,Matriculado,0,
Solteiro,Serviço Social,Ensino Secundário,133.0,Português,132.0,0,0,1,Masculino,1,0,0,6,11,5,11.142857142857096,0,0,6,9,6,11.571428571428502,0,16.2,0.3,-0.92,Graduado,Graduado,0,0
Solteiro,Turismo,Ensino Secundário,110.0,Português,125.0,0,0,0,Masculino,0,0,3,8,19,5,12.166666666666602,0,3,7,12,5,12.0,0,7.6,2.6,0.32,Desistente,Desistente,1,1
Solteiro,Engenharia Informática,Ensino Secundário,126.0,Português,116.2,0,1,0,Masculino,0,0,0,5,9,2,11.0,0,0,5,8,2,11.5,2,7.6,2.6,0.32,Desistente,Desistente,1,1
Solteiro,Gestão de Publicidade e Marketing,Ensino Básico (3º Ciclo),133.1,Português,100.0,0,0,0,Masculino,0,0,0,5,8,1,11.0,0,0,5,6,3,10.666666666666602,1,7.6,2.6,0.32,Desistente,Desistente,1,1
Solteiro,Jornalismo e Comunicação,Ensino Secundário,136.0,Português,132.9,0,0,1,Masculino,0,0,0,6,10,4,13.25,0,0,6,13,5,11.8,0,7.6,2.6,0.32,Graduado,Graduado,0,0
Solteiro,Jornalismo e Comunicação,Ensino Secundário,129.0,Português,132.5,0,0,1,Masculino,0,0,0,6,7,0,0.0,0,0,6,11,1,10.0,0,10.8,1.4,1.74,Matriculado,Matriculado,0,
Solteiro,Agronomia,Curso de Especialização Tecnológica,140.0,Português,140.0,0,0,0,Masculino,0,0,0,6,17,2,12.5,0,0,6,10,0,0.0,0,16.2,0.3,-0.92,Desistente,Desistente,1,1
Solteiro,Gestão de Publicidade e Marketing,Ensino Secundário,160.0,Português,100.1,0,0,0,Masculino,0,0,6,10,10,7,12.142857142857096,0,4,9,9,4,12.25,0,7.6,2.6,0.32,Desistente,Desistente,1,1
Solteiro,Enfermagem Veterinária,Ensino Secundário,133.1,Português,128.2,0,0,1,Masculino,0,0,0,5,8,3,12.0,0,0,5,10,3,11.333333333333304,0,7.6,2.6,0.32,Desistente,Desistente,1,1
Solteiro,Gestão de Publicidade e Marketing,Ensino Secundário,140.0,Português,133.4,0,0,1,Masculino,0,0,0,6,6,4,11.25,0,0,6,9,4,10.428571428571399,0,10.8,1.4,1.74,Matriculado,Matriculado,0,
Solteiro,Jornalismo e Comunicação,Ensino Secundário,142.0,Português,136.1,0,0,0,Masculino,0,0,0,4,8,0,0.0,1,0,6,0,0,0.0,0,9.4,-0.8,-3.12,Desistente,Desistente,1,1
Solteiro,Gestão de Publicidade e Marketing,Ensino Secundário,138.0,Português,123.0,0,1,0,Masculino,0,0,0,6,7,5,12.4,0,0,6,8,4,13.0,0,13.9,-0.3,0.79,Matriculado,Matriculado,0,
Solteiro,Design de Comunicação,Ensino Secundário,131.0,Português,130.3,0,0,1,Masculino,1,0,0,6,6,6,12.833333333333304,0,0,6,8,6,12.666666666666602,2,16.2,0.3,-0.92,Graduado,Graduado,0,0
Solteiro,Engenharia Informática,Ensino Secundário,160.0,Português,153.7,0,0,1,Masculino,0,0,0,5,7,1,13.0,0,0,5,7,2,10.0,0,9.4,-0.8,-3.12,Matriculado,Matriculado,0,
Solteiro,Enfermagem Veterinária,Ensino Secundário,110.0,Português,142.5,0,1,0,Masculino,0,0,5,7,7,5,12.0,0,3,7,7,3,11.666666666666602,0,8.9,1.4,3.51,Desistente,Desistente,1,1
Solteiro,Turismo,Ensino Secundário,124.0,Português,114.6,0,0,1,Masculino,0,0,0,6,13,2,12.0,0,0,6,12,1,13.0,0,7.6,2.6,0.32,Desistente,Desistente,1,1
Solteiro,Enfermagem,Ensino Secundário,120.0,Português,108.5,0,0,1,Masculino,0,0,0,7,18,0,0.0,0,0,7,7,0,0.0,0,13.9,-0.3,0.79,Desistente,Desistente,1,1
Solteiro,Gestão,Outro - 11º Ano de Escolaridade,133.1,Português,140.0,0,0,1,Masculino,0,0,0,5,0,0,0.0,0,0,5,0,0,0.0,0,9.4,-0.8,-3.12,Desistente,Desistente,1,1
Solteiro,Agronomia,Ensino Secundário,133.1,Português,120.0,0,0,1,Masculino,0,0,0,6,10,6,11.375,0,0,6,10,5,11.6,0,13.9,-0.3,0.79,Graduado,Graduado,0,0
Solteiro,Gestão de Publicidade e Marketing,Ensino Básico (3º Ciclo),133.1,Português,120.0,0,1,1,Masculino,0,0,1,6,15,2,12.0,0,0,6,7,0,0.0,0,11.1,0.6,2.02,Desistente,Desistente,1,1
Solteiro,Serviço Social (prestação nocturna),Ensino Secundário,123.0,Português,127.6,0,0,1,Masculino,0,0,0,6,6,6,11.833333333333304,0,0,6,6,6,11.666666666666602,0,10.8,1.4,1.74,Matriculado,Matriculado,0,
Casado,Agronomia,Curso de Especialização Tecnológica,140.0,Português,140.0,0,0,1,Masculino,0,0,0,6,17,1,12.0,0,0,6,23,2,10.5,1,16.2,0.3,-0.92,Desistente,Desistente,1,1
Solteiro,Engenharia Informática,Ensino Secundário,138.7,Português,111.3,0,0,1,Masculino,0,0,1,6,7,3,12.0,0,2,6,7,2,11.0,0,13.9,-0.3,0.79,Desistente,Desistente,1,1
Solteiro,Jornalismo e Comunicação,Ensino Secundário,131.0,Português,131.0,0,0,1,Masculino,1,0,0,6,7,6,12.714285714285698,0,0,6,8,5,11.833333333333304,0,13.9,-0.3,0.79,Graduado,Graduado,0,0
Solteiro,Enfermagem,Ensino Secundário,149.0,Português,139.5,0,0,1,Masculino,1,0,0,8,8,8,15.3,0,0,8,8,8,15.3,0,9.4,-0.8,-3.12,Graduado,Graduado,0,0
Casado,Agronomia,Ensino Básico (3º Ciclo),133.1,Português,110.0,0,0,0,Masculino,0,0,2,8,12,2,11.5,2,0,7,9,0,0.0,0,15.5,2.8,-4.06,Desistente,Desistente,1,1
Solteiro,Engenharia Informática,Curso de Especialização Tecnológica,130.0,Português,130.0,0,0,1,Masculino,0,0,0,5,12,1,13.0,0,0,5,8,3,12.6,0,12.4,0.5,1.79,Matriculado,Matriculado,0,
Solteiro,Agronomia,Ensino Secundário,120.0,Português,115.0,0,0,1,Masculino,0,0,0,6,12,0,0.0,0,0,6,10,0,0.0,0,16.2,0.3,-0.92,Desistente,Desistente,1,1
Divorciado,Enfermagem,Ensino Secundário,133.1,Português,154.3,0,0,1,Feminino,0,0,0,7,0,0,0.0,0,0,8,0,0,0.0,0,12.4,0.5,1.79,Desistente,Desistente,1,1
Solteiro,Gestão,Ensino Secundário,143.0,Português,135.0,0,0,1,Feminino,0,0,0,5,8,4,11.0,0,0,5,8,5,12.0,0,7.6,2.6,0.32,Matriculado,Matriculado,0,
Solteiro,Gestão de Publicidade e Marketing,Ensino Secundário,126.0,Português,115.2,0,0,0,Feminino,0,0,0,6,7,3,12.666666666666602,0,0,6,10,5,13.125,0,10.8,1.4,1.74,Desistente,Desistente,1,1
Solteiro,Jornalismo e Comunicação,Ensino Secundário,125.0,Português,130.6,0,0,1,Feminino,1,0,0,6,6,6,13.5,0,0,6,6,6,14.0,0,8.9,1.4,3.51,Graduado,Graduado,0,0
Solteiro,Gestão,Ensino Secundário,123.0,Português,117.4,0,0,1,Feminino,1,0,0,5,7,5,12.0,0,0,5,10,5,11.4,0,8.9,1.4,3.51,Graduado,Graduado,0,0
Solteiro,Gestão,Ensino Superior - Licenciatura,150.0,Português,150.0,0,1,0,Feminino,0,0,0,5,6,0,0.0,0,0,5,5,0,0.0,0,15.5,2.8,-4.06,Desistente,Desistente,1,1
Solteiro,Ensino Básico,Ensino Secundário,132.0,Português,131.3,0,0,1,Feminino,0,0,0,6,8,5,11.8,0,0,6,8,4,10.5,0,7.6,2.6,0.32,Desistente,Desistente,1,1
Solteiro,Serviço Social,Ensino Secundário,133.0,Português,120.4,0,0,0,Feminino,0,0,0,6,12,2,11.5,0,0,6,13,1,13.0,0,9.4,-0.8,-3.12,Desistente,Desistente,1,1
Solteiro,Gestão (presencial noturno),Ensino Secundário,122.0,Português,113.6,0,0,1,Masculino,0,0,0,5,11,2,11.5,0,0,5,10,3,12.0,0,7.6,2.6,0.32,Matriculado,Matriculado,0,
Solteiro,Enfermagem,Ensino Secundário,137.0,Português,125.0,0,0,1,Feminino,0,0,0,7,7,6,14.6166666666666,0,0,7,7,6,14.6166666666666,0,7.6,2.6,0.32,Graduado,Graduado,0,0
Solteiro,Enfermagem,Ensino Secundário,145.0,Português,132.3,0,0,1,Feminino,1,0,0,8,8,7,14.06,0,0,8,8,7,14.06,0,10.8,1.4,1.74,Matriculado,Matriculado,0,
Solteiro,Turismo,Ensino Secundário,150.0,Português,142.7,0,1,1,Feminino,0,0,0,6,9,4,11.0,0,0,6,12,3,11.333333333333304,0,7.6,2.6,0.32,Desistente,Desistente,1,1
Solteiro,Gestão,Ensino Superior - Licenciatura,130.0,Português,130.0,0,0,1,Feminino,0,0,0,5,0,0,0.0,0,0,5,0,0,0.0,0,12.7,3.7,-1.7,Desistente,Desistente,1,1
Solteiro,Enfermagem,Ensino Secundário,136.0,Português,120.8,0,0,1,Feminino,0,0,6,14,22,7,12.192307692307603,5,6,14,22,7,12.192307692307603,5,7.6,2.6,0.32,Graduado,Graduado,0,0
Solteiro,Turismo,Ensino Secundário,131.0,Português,130.3,0,0,1,Feminino,1,0,0,6,6,6,12.833333333333304,0,0,6,7,6,12.333333333333304,0,13.9,-0.3,0.79,Graduado,Graduado,0,0
Solteiro,Gestão,Ensino Secundário,130.0,Português,119.9,0,0,1,Feminino,1,0,0,5,8,5,12.875,0,0,5,6,5,11.833333333333304,0,13.9,-0.3,0.79,Graduado,Graduado,0,0
Solteiro,Serviço Social,Ensino Secundário,108.0,Português,110.5,0,0,1,Feminino,1,0,0,6,6,6,12.166666666666602,0,0,6,6,6,12.5,0,12.4,0.5,1.79,Graduado,Graduado,0,0
Solteiro,Agronomia,Curso de Especialização Tecnológica,160.0,Português,160.0,0,0,1,Feminino,0,0,0,6,11,6,13.428571428571399,0,0,6,12,6,12.857142857142804,0,15.5,2.8,-4.06,Graduado,Graduado,0,0
Solteiro,Enfermagem Veterinária,Ensino Secundário,113.0,Português,118.6,0,0,1,Feminino,1,0,0,6,6,6,14.5,0,0,6,8,6,14.6666666666666,0,8.9,1.4,3.51,Graduado,Graduado,0,0
Solteiro,Ensino Básico,Ensino Secundário,113.0,Português,112.3,0,0,1,Feminino,1,0,0,7,7,7,12.142857142857096,0,0,7,7,7,12.857142857142804,0,11.1,0.6,2.02,Graduado,Graduado,0,0
Casado,Gestão,Ensino Secundário,137.0,Português,124.4,0,0,1,Feminino,0,0,0,5,6,4,11.25,0,0,5,10,3,11.714285714285698,0,10.8,1.4,1.74,Matriculado,Matriculado,0,
Solteiro,Enfermagem,Ensino Secundário,148.0,Português,125.0,0,0,1,Feminino,0,0,0,7,7,6,13.9,0,0,7,7,6,13.9,0,7.6,2.6,0.32,Graduado,Graduado,0,0
Solteiro,Enfermagem,Ensino Secundário,130.0,Português,105.8,0,0,1,Feminino,0,0,0,7,12,3,13.7666666666666,0,0,7,11,3,12.066666666666602,0,13.9,-0.3,0.79,Desistente,Desistente,1,1
Solteiro,Gestão,Ensino Superior - Licenciatura,133.1,Português,121.5,0,0,1,Feminino,0,0,13,15,17,13,11.615384615384599,0,11,14,14,11,12.5454545454545,0,7.6,2.6,0.32,Desistente,Desistente,1,1
Solteiro,Serviço Social,Ensino Secundário,138.0,Português,134.2,0,0,1,Feminino,1,0,0,6,6,6,15.1666666666666,0,0,6,7,6,14.142857142857096,0,11.1,0.6,2.02,Graduado,Graduado,0,0
Divorciado,Gestão,Ensino Superior - Licenciatura,130.0,Português,130.0,0,0,1,Feminino,0,0,0,5,5,0,0.0,0,0,5,5,0,0.0,0,11.1,0.6,2.02,Desistente,Desistente,1,1
Solteiro,Enfermagem Veterinária,Ensino Secundário,127.0,Português,122.8,0,0,1,Feminino,0,0,0,5,10,2,14.5,1,0,5,9,3,11.333333333333304,0,12.7,3.7,-1.7,Matriculado,Matriculado,0,
Solteiro,Serviço Social,Ensino Secundário,115.0,Português,108.7,0,0,1,Feminino,1,0,0,6,9,5,10.8,0,0,6,8,6,10.7142857142857,0,15.5,2.8,-4.06,Graduado,Graduado,0,0
Solteiro,Enfermagem,Ensino Secundário,147.0,Português,136.7,0,0,1,Feminino,0,0,0,7,7,7,13.995714285714197,0,0,8,9,8,14.9555555555555,0,11.1,0.6,2.02,Graduado,Graduado,0,0
Solteiro,Enfermagem Veterinária,Ensino Secundário,132.0,Português,119.1,0,0,1,Feminino,0,0,0,6,8,6,13.285714285714198,0,0,6,16,6,11.8,0,12.4,0.5,1.79,Graduado,Graduado,0,0
Solteiro,Design de Animação e Multimédia,Ensino Secundário,146.0,Português,151.3,0,0,1,Feminino,1,0,6,12,12,12,12.75,0,4,11,16,11,13.25,0,8.9,1.4,3.51,Graduado,Graduado,0,0
Solteiro,Serviço Social,Ensino Secundário,109.0,Português,108.3,0,0,1,Feminino,1,0,0,6,15,2,10.5,0,0,6,8,5,12.4,0,10.8,1.4,1.74,Matriculado,Matriculado,0,
Solteiro,Ensino Básico,Ensino Secundário,133.0,Português,127.4,0,1,1,Feminino,1,0,0,7,7,7,12.714285714285698,0,0,7,7,7,12.285714285714198,0,16.2,0.3,-0.92,Graduado,Graduado,0,0
Solteiro,Enfermagem,Ensino Secundário,124.0,Português,124.0,0,0,1,Feminino,0,0,0,8,8,8,12.88625,0,0,8,8,8,12.88625,0,9.4,-0.8,-3.12,Graduado,Graduado,0,0
Solteiro,Design de Comunicação,Ensino Secundário,133.1,Português,155.0,0,0,1,Feminino,1,0,0,6,7,5,13.0,0,0,6,6,6,12.666666666666602,0,16.2,0.3,-0.92,Graduado,Graduado,0,0
Solteiro,Gestão,Ensino Secundário,121.0,Português,114.0,0,0,1,Feminino,1,0,0,5,7,5,12.2,0,0,5,6,5,11.2,0,11.1,0.6,2.02,Graduado,Graduado,0,0
Solteiro,Gestão,Ensino Secundário,129.0,Português,118.9,0,0,1,Feminino,0,0,0,5,8,4,12.8,0,0,5,10,3,14.5,0,10.8,1.4,1.74,Matriculado,Matriculado,0,
Solteiro,Enfermagem Veterinária,Curso Técnico Superior Profissional,160.0,Português,160.0,0,0,1,Feminino,0,0,7,11,15,11,13.785714285714198,0,4,9,9,9,13.8888888888888,0,8.9,1.4,3.51,Graduado,Graduado,0,0
Solteiro,Gestão,Ensino Secundário,131.0,Português,126.1,0,0,1,Feminino,0,0,0,5,5,0,0.0,0,0,5,9,4,13.25,2,16.2,0.3,-0.92,Matriculado,Matriculado,0,
Solteiro,Enfermagem,Ensino Secundário,150.0,Português,136.5,0,0,1,Feminino,1,0,0,8,8,8,14.501249999999999,0,0,8,8,8,14.501249999999999,0,9.4,-0.8,-3.12,Graduado,Graduado,0,0
Casado,Enfermagem,Ensino Secundário,130.0,Português,122.3,0,0,1,Feminino,0,0,0,7,7,6,14.35,0,0,7,7,6,14.35,0,7.6,2.6,0.32,Graduado,Graduado,0,0
Solteiro,Design de Comunicação,Ensino Secundário,133.1,Português,128.0,0,0,1,Feminino,1,0,0,6,6,6,11.5,0,0,6,6,6,12.333333333333304,0,9.4,-0.8,-3.12,Graduado,Graduado,0,0
Solteiro,Serviço Social,Ensino Secundário,154.0,Português,156.5,1,0,1,Feminino,1,0,0,6,8,6,11.714285714285698,0,0,6,6,6,14.6666666666666,0,12.7,3.7,-1.7,Graduado,Graduado,0,0
Solteiro,Gestão de Publicidade e Marketing,Ensino Secundário,126.0,Português,125.7,0,0,1,Feminino,0,0,0,6,9,6,13.571428571428504,0,0,6,10,5,13.6,0,15.5,2.8,-4.06,Matriculado,Matriculado,0,
Solteiro,Jornalismo e Comunicação,Ensino Secundário,150.0,Português,143.0,0,0,1,Feminino,0,0,0,6,6,5,13.0,0,0,6,6,6,13.6666666666666,0,12.7,3.7,-1.7,Graduado,Graduado,0,0
Solteiro,Enfermagem,Ensino Secundário,141.0,Português,131.9,0,0,1,Feminino,1,0,0,7,8,7,13.56875,0,0,8,8,8,14.02625,0,15.5,2.8,-4.06,Graduado,Graduado,0,0
Casado,Gestão (presencial noturno),Ensino Secundário,134.0,Português,113.7,0,0,1,Feminino,0,0,1,5,5,5,10.2,0,0,5,9,4,11.25,0,9.4,-0.8,-3.12,Matriculado,Matriculado,0,
Solteiro,Design de Animação e Multimédia,Ensino Secundário,146.0,Português,155.1,0,0,1,Feminino,0,0,0,0,0,0,0.0,0,0,0,0,0,0.0,0,13.9,-0.3,0.79,Graduado,Graduado,0,0
Solteiro,Ensino Básico,Ensino Secundário,134.0,Português,121.1,0,0,1,Feminino,0,0,0,6,8,5,12.2,0,0,6,8,5,11.8,0,10.8,1.4,1.74,Matriculado,Matriculado,0,
Solteiro,Enfermagem,Ensino Secundário,139.0,Português,130.3,0,0,1,Feminino,1,0,0,8,8,8,14.153749999999999,0,0,8,8,8,14.153749999999999,0,9.4,-0.8,-3.12,Graduado,Graduado,0,0
Solteiro,Enfermagem,Ensino Secundário,136.0,Português,123.3,0,0,0,Feminino,0,0,0,8,8,0,0.0,8,0,8,8,0,0.0,8,9.4,-0.8,-3.12,Desistente,Desistente,1,1
Solteiro,Jornalismo e Comunicação,Ensino Secundário,110.0,Português,117.4,0,0,1,Feminino,0,0,0,6,7,6,13.833333333333304,0,0,6,6,6,12.833333333333304,0,11.1,0.6,2.02,Graduado,Graduado,0,0
Solteiro,Gestão de Publicidade e Marketing,Ensino Secundário,135.0,Português,140.3,0,0,1,Feminino,0,0,0,6,7,6,13.428571428571399,0,0,6,6,4,14.0,0,12.4,0.5,1.79,Matriculado,Matriculado,0,
Solteiro,Enfermagem,Ensino Secundário,129.0,Português,120.0,0,0,1,Feminino,0,0,0,8,8,7,12.454285714285698,0,0,8,8,7,12.454285714285698,0,10.8,1.4,1.74,Graduado,Graduado,0,0
Solteiro,Gestão,Ensino Secundário,139.0,Português,133.4,0,0,1,Feminino,0,0,0,5,9,1,11.0,1,0,5,10,0,0.0,0,9.4,-0.8,-3.12,Matriculado,Matriculado,0,
Solteiro,Enfermagem,Ensino Secundário,137.0,Português,126.7,0,0,1,Feminino,0,0,0,7,0,0,0.0,0,0,8,0,0,0.0,0,15.5,2.8,-4.06,Desistente,Desistente,1,1
Solteiro,Enfermagem,Ensino Secundário,138.0,Português,129.3,0,0,1,Feminino,1,0,0,7,8,6,13.271666666666599,0,0,8,11,7,12.94375,0,12.4,0.5,1.79,Graduado,Graduado,0,0
Solteiro,Enfermagem,Ensino Secundário,136.0,Português,125.7,0,0,1,Feminino,0,0,0,7,8,6,13.548333333333304,0,0,8,11,6,14.775,0,11.1,0.6,2.02,Matriculado,Matriculado,0,
Solteiro,Jornalismo e Comunicação,Ensino Secundário,143.0,Português,144.8,0,0,1,Feminino,0,0,0,6,6,6,12.166666666666602,0,0,6,6,6,12.5,0,16.2,0.3,-0.92,Matriculado,Matriculado,0,
Solteiro,Turismo,Ensino Secundário,133.1,Português,98.6,0,0,1,Feminino,0,0,0,6,16,2,11.0,0,0,6,12,0,0.0,0,12.7,3.7,-1.7,Desistente,Desistente,1,1
Solteiro,Ensino Básico,Ensino Secundário,136.0,Português,126.9,0,0,1,Feminino,1,0,0,7,7,7,13.285714285714198,0,0,7,7,7,14.428571428571399,0,11.1,0.6,2.02,Graduado,Graduado,0,0
Solteiro,Serviço Social,Ensino Secundário,139.0,Português,146.7,0,0,1,Feminino,1,0,0,6,6,6,13.333333333333304,0,0,6,7,6,14.0,0,15.5,2.8,-4.06,Graduado,Graduado,0,0
Solteiro,Enfermagem,Ensino Secundário,125.0,Português,117.0,0,0,1,Feminino,1,0,0,8,8,8,13.257499999999999,0,0,8,8,8,13.257499999999999,0,9.4,-0.8,-3.12,Graduado,Graduado,0,0
Solteiro,Enfermagem Veterinária,Curso de Especialização Tecnológica,130.0,Português,130.0,0,0,1,Feminino,0,0,0,6,7,0,0.0,0,0,6,7,0,0.0,0,11.1,0.6,2.02,Desistente,Desistente,1,1
Solteiro,Serviço Social,Ensino Secundário,137.0,Português,125.8,0,0,0,Feminino,1,0,0,6,10,6,12.666666666666602,0,0,6,6,2,11.5,0,12.7,3.7,-1.7,Desistente,Desistente,1,1
Casado,Gestão (presencial noturno),Ensino Superior - Licenciatura,130.0,Português,160.0,0,0,1,Feminino,0,0,0,5,5,5,14.6,0,0,5,5,5,15.4,0,12.7,3.7,-1.7,Desistente,Desistente,1,1
Solteiro,Enfermagem Veterinária,Ensino Secundário,130.0,Português,134.2,0,0,1,Feminino,0,0,0,5,13,0,0.0,5,0,5,5,0,0.0,5,9.4,-0.8,-3.12,Desistente,Desistente,1,1
Casado,Gestão,Ensino Secundário,160.0,Português,96.0,0,0,0,Feminino,0,0,3,5,7,3,12.333333333333304,0,0,5,8,0,0.0,0,10.8,1.4,1.74,Desistente,Desistente,1,1
Solteiro,Gestão,Ensino Secundário,100.0,Português,101.8,0,0,1,Feminino,0,0,0,5,5,5,10.8,0,0,5,11,2,11.0,0,10.8,1.4,1.74,Matriculado,Matriculado,0,
Solteiro,Serviço Social,Ensino Secundário,136.0,Português,125.2,0,0,1,Feminino,0,0,0,6,7,6,11.666666666666602,0,0,6,10,6,11.333333333333304,0,7.6,2.6,0.32,Graduado,Graduado,0,0
Solteiro,Serviço Social (prestação nocturna),Ensino Secundário,117.0,Português,100.0,0,0,1,Feminino,0,0,0,6,6,4,12.5,0,0,6,6,6,14.333333333333304,0,13.9,-0.3,0.79,Desistente,Desistente,1,1
Casado,Gestão,Ensino Superior - Licenciatura,140.0,Português,140.0,0,0,1,Feminino,0,0,0,5,0,0,0.0,0,0,5,0,0,0.0,0,7.6,2.6,0.32,Desistente,Desistente,1,1
Solteiro,Design de Comunicação,Ensino Secundário,132.0,Português,120.0,0,0,1,Feminino,1,0,0,6,6,6,15.333333333333304,0,0,6,6,6,14.1666666666666,0,11.1,0.6,2.02,Graduado,Graduado,0,0
Solteiro,Enfermagem,Ensino Secundário,147.0,Português,134.3,0,0,1,Feminino,0,0,0,8,8,7,14.2,0,0,8,8,7,14.2,0,12.7,3.7,-1.7,Graduado,Graduado,0,0
Solteiro,Jornalismo e Comunicação,Ensino Secundário,158.0,Português,144.7,0,0,1,Feminino,1,0,0,6,6,6,14.833333333333304,0,0,6,6,6,14.6666666666666,0,12.7,3.7,-1.7,Graduado,Graduado,0,0
Solteiro,Enfermagem,Ensino Secundário,142.0,Português,131.9,0,0,1,Feminino,0,0,0,7,7,7,13.642857142857096,0,0,8,8,8,14.3875,0,13.9,-0.3,0.79,Desistente,Desistente,1,1
Solteiro,Jornalismo e Comunicação,Ensino Secundário,143.0,Português,136.7,0,0,1,Feminino,1,0,0,6,6,6,13.833333333333304,0,0,6,6,6,14.0,0,11.1,0.6,2.02,Desistente,Desistente,1,1
Solteiro,Design de Comunicação,Ensino Secundário,135.0,Português,129.8,0,0,1,Feminino,0,0,0,6,6,6,11.833333333333304,0,0,6,7,6,13.0,0,9.4,-0.8,-3.12,Graduado,Graduado,0,0
Solteiro,Jornalismo e Comunicação,Ensino Secundário,160.0,Português,146.5,0,0,1,Feminino,1,0,0,6,7,6,13.428571428571399,0,0,6,10,6,13.5,0,13.9,-0.3,0.79,Graduado,Graduado,0,0
Solteiro,Gestão (presencial noturno),Ensino Secundário,120.0,Português,122.5,0,0,1,Feminino,0,0,8,13,16,8,10.5,0,8,12,19,9,10.333333333333304,0,9.4,-0.8,-3.12,Matriculado,Matriculado,0,
Solteiro,Higiene Oral,Ensino Básico (3º Ciclo),133.1,Português,117.8,0,0,1,Feminino,0,0,0,7,10,6,11.416666666666602,0,0,8,9,8,11.9625,0,13.9,-0.3,0.79,Graduado,Graduado,0,0
Solteiro,Higiene Oral,Ensino Secundário,133.1,Português,106.0,0,0,1,Feminino,0,0,0,7,16,2,12.75,0,0,7,12,2,11.0,0,8.9,1.4,3.51,Desistente,Desistente,1,1
Solteiro,Higiene Oral,Ensino Secundário,133.0,Português,119.0,0,0,1,Feminino,0,0,0,7,10,6,11.15,0,0,7,7,7,12.814285714285697,0,12.7,3.7,-1.7,Matriculado,Matriculado,0,
Solteiro,Gestão de Publicidade e Marketing,Ensino Secundário,120.0,Português,115.1,0,0,1,Feminino,0,0,0,6,8,3,11.666666666666602,0,0,6,11,5,13.625,0,10.8,1.4,1.74,Matriculado,Matriculado,0,
Solteiro,Turismo,Ensino Secundário,106.0,Português,116.9,0,0,1,Feminino,0,0,0,6,7,6,11.5,0,0,6,8,5,12.4,0,11.1,0.6,2.02,Graduado,Graduado,0,0
Solteiro,Jornalismo e Comunicação,Ensino Secundário,148.0,Português,141.7,0,0,1,Feminino,0,0,0,6,6,6,13.833333333333304,0,0,6,6,6,12.666666666666602,0,10.8,1.4,1.74,Graduado,Graduado,0,0
Solteiro,Design de Comunicação,Ensino Secundário,134.0,Português,127.7,0,0,0,Feminino,0,0,1,6,8,6,11.714285714285698,1,0,6,11,4,11.333333333333304,0,13.9,-0.3,0.79,Desistente,Desistente,1,1
Solteiro,Enfermagem,Ensino Secundário,130.0,Português,122.1,0,0,1,Feminino,1,0,0,7,8,7,11.678571428571399,0,0,8,10,7,13.0375,0,12.4,0.5,1.79,Graduado,Graduado,0,0
Solteiro,Enfermagem Veterinária,Ensino Secundário,150.0,Português,153.5,0,0,1,Feminino,0,0,0,6,7,6,15.714285714285703,0,0,6,6,6,14.6666666666666,0,13.9,-0.3,0.79,Desistente,Desistente,1,1
Solteiro,Design de Animação e Multimédia,Ensino Secundário,141.0,Português,141.4,0,0,1,Feminino,1,0,0,0,0,0,0.0,0,0,0,0,0,0.0,0,13.9,-0.3,0.79,Graduado,Graduado,0,0
Solteiro,Jornalismo e Comunicação,Ensino Secundário,140.0,Português,135.8,0,0,1,Feminino,1,0,0,6,6,6,13.0,0,0,6,7,6,13.0,0,10.8,1.4,1.74,Graduado,Graduado,0,0
Solteiro,Enfermagem,Ensino Secundário,138.0,Português,127.5,0,0,1,Feminino,1,0,0,7,7,7,14.485714285714199,0,0,8,9,8,14.5888888888888,0,16.2,0.3,-0.92,Graduado,Graduado,0,0
Solteiro,Gestão (presencial noturno),Ensino Secundário,130.0,Português,151.6,0,0,1,Feminino,0,0,0,5,9,5,12.285714285714198,0,0,5,8,5,12.125,0,16.2,0.3,-0.92,Matriculado,Matriculado,0,
Solteiro,Enfermagem,Ensino Secundário,133.1,Português,121.4,0,1,1,Feminino,0,0,0,7,12,4,13.375,0,0,7,7,5,13.5,0,13.9,-0.3,0.79,Matriculado,Matriculado,0,
Solteiro,Enfermagem,Ensino Secundário,133.0,Português,100.0,0,0,1,Feminino,0,0,1,8,8,7,11.571428571428502,0,1,8,8,7,11.571428571428502,0,12.7,3.7,-1.7,Graduado,Graduado,0,0
Solteiro,Enfermagem,Ensino Secundário,150.0,Português,131.5,0,0,1,Feminino,1,0,0,8,8,7,12.657142857142803,0,0,8,8,7,12.657142857142803,0,12.7,3.7,-1.7,Graduado,Graduado,0,0
Solteiro,Gestão,Ensino Secundário,117.0,Português,109.3,0,0,0,Feminino,0,0,0,5,9,2,10.0,1,0,5,11,1,10.0,0,9.4,-0.8,-3.12,Desistente,Desistente,1,1
Solteiro,Serviço Social,Ensino Secundário,145.0,Português,127.9,0,0,1,Feminino,0,0,0,6,7,6,13.7142857142857,0,0,6,6,6,13.1666666666666,0,12.7,3.7,-1.7,Graduado,Graduado,0,0
Solteiro,Serviço Social,Ensino Superior - Licenciatura,140.0,Português,140.0,0,0,1,Feminino,0,0,10,14,21,13,13.071428571428504,0,4,11,16,11,13.0,0,16.2,0.3,-0.92,Graduado,Graduado,0,0
Solteiro,Agronomia,Curso de Especialização Tecnológica,160.0,Português,160.0,0,0,1,Feminino,1,0,0,6,7,6,15.333333333333304,0,0,6,9,6,14.0,0,15.5,2.8,-4.06,Graduado,Graduado,0,0
Solteiro,Serviço Social,Ensino Secundário,125.0,Português,119.8,0,0,1,Feminino,0,0,0,6,9,5,11.571428571428502,0,0,6,8,6,12.142857142857096,0,16.2,0.3,-0.92,Graduado,Graduado,0,0
Divorciado,Gestão (presencial noturno),Outro - 11º Ano de Escolaridade,133.1,Português,153.0,0,0,0,Feminino,0,0,0,5,10,0,0.0,0,0,5,5,0,0.0,0,7.6,2.6,0.32,Desistente,Desistente,1,1
Solteiro,Enfermagem,Ensino Secundário,139.0,Português,125.0,0,0,1,Feminino,1,0,0,7,7,6,12.9,0,0,7,7,6,12.9,0,7.6,2.6,0.32,Graduado,Graduado,0,0
Divorciado,Enfermagem,Ensino Secundário,130.0,Português,103.7,0,0,1,Feminino,0,0,1,8,12,5,13.126,1,1,8,12,5,13.126,1,10.8,1.4,1.74,Matriculado,Matriculado,0,
Solteiro,Enfermagem Veterinária,Ensino Superior - Licenciatura,120.0,Português,120.0,0,0,1,Feminino,0,0,4,10,20,4,11.5,2,3,9,13,3,11.666666666666602,2,15.5,2.8,-4.06,Desistente,Desistente,1,1
Solteiro,Ensino Básico,Ensino Secundário,160.0,Português,146.0,0,0,1,Feminino,0,0,0,6,11,3,10.333333333333304,0,0,6,10,5,11.8,0,9.4,-0.8,-3.12,Matriculado,Matriculado,0,
Solteiro,Design de Comunicação,Ensino Secundário,120.0,Português,116.9,0,0,1,Feminino,0,0,0,6,6,6,13.5,0,0,6,7,6,13.428571428571399,0,8.9,1.4,3.51,Graduado,Graduado,0,0
Casado,Gestão,Ensino Secundário,130.0,Português,117.9,0,0,1,Feminino,0,0,0,1,1,0,0.0,1,0,5,0,0,0.0,0,10.8,1.4,1.74,Desistente,Desistente,1,1
Solteiro,Gestão,Ensino Secundário,124.0,Português,128.6,0,0,1,Feminino,0,0,0,5,5,4,12.0,0,0,4,4,2,11.5,0,7.6,2.6,0.32,Matriculado,Matriculado,0,
Solteiro,Ensino Básico,Ensino Secundário,150.0,Português,135.0,0,0,1,Feminino,0,0,2,8,10,7,11.142857142857096,0,2,8,11,8,11.375,0,12.7,3.7,-1.7,Graduado,Graduado,0,0
Solteiro,Gestão (presencial noturno),Ensino Secundário,140.0,Português,124.6,0,0,1,Feminino,0,0,0,5,11,5,11.4,0,0,5,10,4,10.25,0,15.5,2.8,-4.06,Matriculado,Matriculado,0,
Solteiro,Enfermagem,Ensino Secundário,135.0,Português,124.0,0,0,1,Feminino,1,0,0,8,8,7,12.771428571428503,1,0,8,8,7,12.771428571428503,1,9.4,-0.8,-3.12,Matriculado,Matriculado,0,
Solteiro,Enfermagem,Ensino Secundário,143.0,Português,129.5,0,0,1,Feminino,1,0,0,8,8,7,13.798571428571398,0,0,8,8,7,13.798571428571398,0,10.8,1.4,1.74,Graduado,Graduado,0,0
Casado,Serviço Social (prestação nocturna),Ensino Básico (3º Ciclo),100.0,Português,111.3,0,1,0,Feminino,0,0,0,6,7,6,13.333333333333304,0,0,6,6,6,13.5,0,7.6,2.6,0.32,Graduado,Graduado,0,0
Divorciado,Serviço Social (prestação nocturna),Ensino Básico (3º Ciclo),133.1,Português,95.0,0,1,0,Feminino,0,0,0,6,11,0,0.0,0,0,5,6,0,0.0,0,8.9,1.4,3.51,Desistente,Desistente,1,1
Casado,Gestão,Ensino Secundário,133.1,Português,131.8,0,0,1,Feminino,0,0,14,15,17,14,11.357142857142803,0,13,14,15,13,12.846153846153797,0,7.6,2.6,0.32,Desistente,Desistente,1,1
Solteiro,Engenharia Informática,Ensino Secundário,132.0,Português,119.1,0,0,1,Feminino,0,0,0,5,11,0,0.0,0,0,5,8,0,0.0,0,9.4,-0.8,-3.12,Desistente,Desistente,1,1
Solteiro,Enfermagem Veterinária,Ensino Secundário,131.0,Português,125.4,0,0,1,Feminino,0,0,0,6,13,6,15.692307692307597,0,0,6,13,5,14.428571428571399,0,15.5,2.8,-4.06,Graduado,Graduado,0,0
Solteiro,Agronomia,Ensino Secundário,147.0,Português,140.7,0,1,1,Feminino,1,0,13,18,19,18,15.052631578947302,0,11,13,13,13,14.5384615384615,0,15.5,2.8,-4.06,Graduado,Graduado,0,0
Solteiro,Gestão (presencial noturno),Ensino Secundário,141.0,Português,131.9,0,0,1,Feminino,0,0,6,10,20,6,11.5,0,5,10,17,5,12.4,0,9.4,-0.8,-3.12,Desistente,Desistente,1,1
Solteiro,Serviço Social,Ensino Secundário,160.0,Português,124.0,0,1,1,Masculino,0,0,2,8,15,7,11.0,0,0,6,17,1,10.0,0,10.8,1.4,1.74,Matriculado,Matriculado,0,
Solteiro,Turismo,Ensino Secundário,135.0,Português,139.2,0,0,1,Masculino,1,0,0,6,6,6,13.0,0,0,6,6,6,13.1666666666666,0,12.4,0.5,1.79,Graduado,Graduado,0,0
Solteiro,Enfermagem,Ensino Secundário,133.0,Português,121.8,0,0,1,Masculino,1,0,0,8,8,8,12.938749999999999,0,0,8,8,8,12.938749999999999,0,9.4,-0.8,-3.12,Graduado,Graduado,0,0
Solteiro,Design de Animação e Multimédia,Ensino Secundário,142.0,Português,132.9,0,0,1,Masculino,0,0,0,0,0,0,0.0,0,0,0,0,0,0.0,0,12.7,3.7,-1.7,Graduado,Graduado,0,0
Solteiro,Agronomia,Curso de Especialização Tecnológica,130.0,Português,130.0,0,0,1,Masculino,0,0,0,6,6,0,0.0,0,0,6,8,0,0.0,0,15.5,2.8,-4.06,Desistente,Desistente,1,1
Casado,Enfermagem,Ensino Secundário,133.1,Português,130.1,0,0,0,Masculino,0,0,0,7,10,5,13.0,0,0,7,9,5,12.88,0,11.1,0.6,2.02,Desistente,Desistente,1,1
Solteiro,Enfermagem,Ensino Secundário,133.1,Português,124.5,0,0,0,Masculino,0,0,0,7,11,5,12.18,0,0,7,11,4,11.8125,0,11.1,0.6,2.02,Desistente,Desistente,1,1
Casado,Gestão de Publicidade e Marketing,Ensino Secundário,130.0,Português,162.3,0,0,1,Masculino,0,0,0,6,13,3,11.333333333333304,0,0,6,12,5,11.4,0,13.9,-0.3,0.79,Desistente,Desistente,1,1
Solteiro,Enfermagem,Ensino Secundário,149.0,Português,137.8,0,0,1,Masculino,0,0,0,8,8,7,13.0,0,0,8,8,7,13.0,0,12.7,3.7,-1.7,Graduado,Graduado,0,0
Solteiro,Gestão de Publicidade e Marketing,Ensino Secundário,130.0,Português,119.5,0,0,0,Masculino,0,0,0,5,5,0,0.0,0,0,6,0,0,0.0,0,9.4,-0.8,-3.12,Desistente,Desistente,1,1
Solteiro,Equincultura,Ensino Secundário,150.0,Português,110.0,0,1,1,Masculino,0,0,0,5,13,2,12.5,2,0,5,8,3,12.333333333333304,0,9.4,-0.8,-3.12,Desistente,Desistente,1,1
Solteiro,Serviço Social,Ensino Secundário,106.0,Português,105.0,0,0,1,Masculino,0,0,0,6,9,5,11.0,0,0,6,9,5,12.166666666666602,0,11.1,0.6,2.02,Graduado,Graduado,0,0
Solteiro,Design de Animação e Multimédia,Ensino Secundário,162.0,Português,142.8,0,0,1,Masculino,0,0,0,0,0,0,0.0,0,0,0,0,0,0.0,0,12.7,3.7,-1.7,Desistente,Desistente,1,1
Casado,Gestão (presencial noturno),Ensino Secundário,120.0,Português,128.2,0,0,1,Masculino,0,0,0,5,5,0,0.0,0,0,5,5,0,0.0,0,7.6,2.6,0.32,Desistente,Desistente,1,1
Casado,Gestão (presencial noturno),Ensino Básico (3º Ciclo),133.1,Português,120.0,0,0,1,Masculino,0,0,0,5,9,0,0.0,0,0,5,5,1,10.0,0,12.7,3.7,-1.7,Desistente,Desistente,1,1
Solteiro,Engenharia Informática,Ensino Superior - Licenciatura,130.0,Português,130.0,0,0,0,Masculino,0,0,0,5,6,0,0.0,0,0,5,5,0,0.0,0,12.7,3.7,-1.7,Desistente,Desistente,1,1
Solteiro,Gestão de Publicidade e Marketing,Ensino Secundário,128.0,Português,121.7,0,0,1,Masculino,1,0,0,5,5,5,12.4,0,0,5,5,4,10.75,0,9.4,-0.8,-3.12,Graduado,Graduado,0,0
Solteiro,Agronomia,Ensino Secundário,124.0,Português,116.0,0,0,1,Masculino,0,0,0,6,8,6,15.5,0,0,6,10,6,14.1,0,16.2,0.3,-0.92,Graduado,Graduado,0,0
Casado,Gestão (presencial noturno),Ensino Secundário,133.1,Português,133.2,0,0,0,Masculino,0,0,0,5,13,2,11.5,0,0,5,12,3,10.8,0,13.9,-0.3,0.79,Desistente,Desistente,1,1
Casado,Gestão (presencial noturno),Ensino Secundário,114.0,Português,116.7,0,0,1,Masculino,0,0,0,5,7,4,13.333333333333304,0,0,5,9,4,11.6,1,16.2,0.3,-0.92,Desistente,Desistente,1,1
Solteiro,Jornalismo e Comunicação,Ensino Secundário,140.0,Português,126.4,0,0,1,Masculino,1,0,0,6,8,6,12.666666666666602,0,0,6,6,6,13.5,0,12.7,3.7,-1.7,Graduado,Graduado,0,0
Solteiro,Agronomia,Ensino Secundário,160.0,Português,140.0,0,0,1,Masculino,0,0,0,6,6,0,0.0,0,0,6,6,0,0.0,0,11.1,0.6,2.02,Matriculado,Matriculado,0,
Solteiro,Gestão,Ensino Secundário,122.0,Português,120.3,0,0,1,Masculino,1,0,0,5,8,5,12.6,0,0,5,9,5,13.6,0,8.9,1.4,3.51,Desistente,Desistente,1,1
Solteiro,Design de Comunicação,Ensino Secundário,140.0,Português,118.0,0,1,1,Masculino,1,0,0,6,6,6,13.5,0,0,6,6,0,0.0,0,16.2,0.3,-0.92,Desistente,Desistente,1,1
Solteiro,Gestão de Publicidade e Marketing,Ensino Secundário,160.0,Português,149.5,0,0,0,Masculino,0,0,0,6,6,6,13.0,0,0,6,8,6,13.0,0,13.9,-0.3,0.79,Graduado,Graduado,0,0
Solteiro,Agronomia,Curso de Especialização Tecnológica,130.0,Português,130.0,0,0,1,Masculino,1,0,0,6,15,6,11.714285714285698,0,0,6,8,4,11.75,0,13.9,-0.3,0.79,Graduado,Graduado,0,0
Solteiro,Gestão de Publicidade e Marketing,Ensino Secundário,141.0,Português,126.3,0,0,1,Masculino,1,0,0,6,8,6,12.166666666666602,0,0,6,7,5,13.0,0,13.9,-0.3,0.79,Graduado,Graduado,0,0
Solteiro,Gestão,Ensino Secundário,127.0,Português,116.2,0,0,1,Masculino,0,0,0,5,10,0,0.0,1,0,5,13,0,0.0,0,9.4,-0.8,-3.12,Desistente,Desistente,1,1
Solteiro,Turismo,Ensino Secundário,126.0,Português,126.0,0,0,0,Masculino,0,0,0,6,12,0,0.0,0,0,6,6,0,0.0,6,9.4,-0.8,-3.12,Desistente,Desistente,1,1
Solteiro,Gestão de Publicidade e Marketing,Ensino Secundário,131.0,Português,122.3,0,0,1,Masculino,0,0,0,5,6,5,11.5,0,0,5,5,5,11.6,0,9.4,-0.8,-3.12,Graduado,Graduado,0,0
Solteiro,Gestão,Ensino Secundário,130.0,Português,119.5,0,0,1,Masculino,1,0,0,5,7,4,11.25,0,0,5,6,4,12.25,0,12.4,0.5,1.79,Matriculado,Matriculado,0,
Solteiro,Design de Comunicação,Curso de Especialização Tecnológica,130.0,Português,131.8,0,0,1,Masculino,1,0,2,7,7,7,12.285714285714198,0,5,9,10,8,12.375,0,12.4,0.5,1.79,Graduado,Graduado,0,0
Solteiro,Enfermagem,Ensino Secundário,140.0,Português,130.7,0,0,1,Masculino,1,0,0,7,7,7,12.7185714285714,0,0,8,11,8,12.8055555555555,0,11.1,0.6,2.02,Desistente,Desistente,1,1
Solteiro,Equincultura,Curso de Especialização Tecnológica,140.0,Português,140.0,0,0,1,Masculino,0,0,2,6,12,5,12.4,0,1,6,11,2,15.0,0,13.9,-0.3,0.79,Matriculado,Matriculado,0,
Solteiro,Design de Animação e Multimédia,Ensino Secundário,140.0,Português,129.5,0,0,1,Masculino,0,0,0,0,0,0,0.0,0,0,0,0,0,0.0,0,10.8,1.4,1.74,Desistente,Desistente,1,1
Divorciado,Gestão de Publicidade e Marketing,Ensino Básico (3º Ciclo),133.1,Português,130.0,0,1,1,Masculino,1,0,0,6,16,1,14.0,0,0,6,7,0,0.0,0,11.1,0.6,2.02,Desistente,Desistente,1,1
Solteiro,Gestão de Publicidade e Marketing,Ensino Secundário,120.0,Português,114.0,0,0,1,Masculino,0,0,0,5,10,3,11.666666666666602,0,0,5,8,4,11.25,0,7.6,2.6,0.32,Desistente,Desistente,1,1
Solteiro,Jornalismo e Comunicação,Ensino Secundário,121.0,Português,121.0,0,0,1,Masculino,0,0,0,6,15,1,13.0,0,0,6,8,4,11.25,0,9.4,-0.8,-3.12,Matriculado,Matriculado,0,
Solteiro,Design de Animação e Multimédia,Ensino Secundário,123.0,Português,116.4,0,1,1,Masculino,0,0,0,0,0,0,0.0,0,0,0,0,0,0.0,0,10.8,1.4,1.74,Desistente,Desistente,1,1
Solteiro,Engenharia Informática,Ensino Secundário,136.0,Português,121.7,0,0,1,Masculino,0,0,0,5,10,0,0.0,0,0,5,11,1,12.0,3,7.6,2.6,0.32,Desistente,Desistente,1,1
Casado,Turismo,Ensino Secundário,136.0,Português,130.0,0,0,1,Masculino,0,0,2,6,13,4,11.5,0,2,6,12,2,12.5,0,7.6,2.6,0.32,Desistente,Desistente,1,1
Solteiro,Gestão (presencial noturno),Ensino Secundário,120.0,Português,120.0,0,1,1,Masculino,0,0,6,10,10,7,11.714285714285698,0,4,10,10,6,11.5,0,10.8,1.4,1.74,Desistente,Desistente,1,1
Solteiro,Gestão (presencial noturno),Ensino Superior - Mestrado,160.0,Português,125.0,0,0,1,Masculino,0,0,0,5,7,5,12.6,0,0,5,7,5,13.7142857142857,0,13.9,-0.3,0.79,Graduado,Graduado,0,0
Solteiro,Design de Animação e Multimédia,Ensino Secundário,125.0,Português,134.1,0,0,1,Masculino,0,0,12,17,19,13,11.642857142857096,0,12,17,25,12,11.25,0,11.1,0.6,2.02,Desistente,Desistente,1,1
Solteiro,Gestão de Publicidade e Marketing,Ensino Secundário,146.0,Português,149.5,0,0,1,Masculino,1,0,0,6,8,6,14.875,0,0,6,8,6,13.428571428571399,0,11.1,0.6,2.02,Graduado,Graduado,0,0
Solteiro,Gestão de Publicidade e Marketing,Ensino Secundário,117.0,Português,113.2,0,0,1,Masculino,0,0,0,5,11,2,10.0,0,0,5,10,3,10.333333333333304,0,9.4,-0.8,-3.12,Matriculado,Matriculado,0,
Casado,Gestão (presencial noturno),Ensino Secundário,150.0,Português,146.0,0,0,1,Masculino,0,0,0,5,5,5,14.2,0,0,5,5,5,14.6,0,12.7,3.7,-1.7,Matriculado,Matriculado,0,
Solteiro,Agronomia,Curso de Especialização Tecnológica,140.0,Português,140.0,0,0,1,Masculino,0,0,0,6,8,6,12.714285714285698,0,0,6,9,6,13.5,0,12.4,0.5,1.79,Graduado,Graduado,0,0
Casado,Agronomia,Ensino Secundário,111.0,Português,162.4,0,1,0,Masculino,0,0,4,12,16,5,11.6,0,2,7,7,5,11.2,0,8.9,1.4,3.51,Desistente,Desistente,1,1
Solteiro,Enfermagem,Ensino Secundário,120.0,Português,136.6,0,0,1,Masculino,0,0,0,7,14,5,11.94,0,0,7,14,6,12.2,0,13.9,-0.3,0.79,Desistente,Desistente,1,1
Solteiro,Engenharia Informática,Ensino Secundário,111.0,Português,111.0,0,0,1,Masculino,0,0,0,5,10,4,11.6,0,0,5,9,3,14.2,0,12.4,0.5,1.79,Desistente,Desistente,1,1
Solteiro,Enfermagem,Ensino Secundário,118.0,Português,115.7,0,0,1,Masculino,0,0,0,7,9,5,12.7,0,0,8,9,7,13.475,0,13.9,-0.3,0.79,Matriculado,Matriculado,0,
Solteiro,Gestão de Publicidade e Marketing,Ensino Secundário,106.0,Português,105.7,0,0,1,Masculino,0,0,0,6,6,6,13.333333333333304,0,0,6,9,5,13.8,0,8.9,1.4,3.51,Graduado,Graduado,0,0
Solteiro,Agronomia,Curso de Especialização Tecnológica,120.0,Português,128.2,0,0,1,Masculino,0,0,4,9,13,8,13.333333333333304,0,5,10,12,9,13.1111111111111,0,16.2,0.3,-0.92,Matriculado,Matriculado,0,
Solteiro,Gestão,Ensino Secundário,151.0,Português,137.0,0,0,1,Masculino,0,0,0,5,5,5,13.4,0,0,5,5,5,15.0,0,8.9,1.4,3.51,Graduado,Graduado,0,0
Casado,Turismo,Ensino Básico (3º Ciclo),133.1,Português,120.0,0,1,0,Masculino,0,0,0,6,12,0,0.0,0,0,6,12,0,0.0,0,9.4,-0.8,-3.12,Desistente,Desistente,1,1
Solteiro,Gestão (presencial noturno),Ensino Secundário,120.0,Português,120.5,0,0,1,Masculino,0,0,0,5,5,2,11.0,0,0,5,5,0,0.0,0,7.6,2.6,0.32,Desistente,Desistente,1,1
Solteiro,Gestão (presencial noturno),Curso de Especialização Tecnológica,120.0,Português,118.1,0,0,1,Masculino,0,0,13,15,17,13,12.0,0,9,13,13,9,11.333333333333304,0,8.9,1.4,3.51,Desistente,Desistente,1,1
Solteiro,Gestão (presencial noturno),Ensino Secundário,110.0,Português,139.0,0,0,1,Masculino,0,0,0,5,0,0,0.0,0,0,5,0,0,0.0,0,12.7,3.7,-1.7,Desistente,Desistente,1,1
Solteiro,Gestão,Ensino Básico (3º Ciclo),133.1,Português,116.3,0,0,0,Masculino,0,0,0,5,5,0,0.0,0,0,5,9,0,0.0,0,10.8,1.4,1.74,Desistente,Desistente,1,1
Solteiro,Turismo,Ensino Secundário,118.0,Português,120.5,0,0,1,Masculino,0,0,0,6,12,4,12.5,0,0,6,12,4,10.25,0,7.6,2.6,0.32,Desistente,Desistente,1,1
Solteiro,Design de Comunicação,Ensino Secundário,139.0,Português,134.9,0,0,1,Masculino,0,0,0,6,7,6,13.6666666666666,0,0,6,7,6,12.166666666666602,1,16.2,0.3,-0.92,Graduado,Graduado,0,0
Solteiro,Engenharia Informática,Ensino Secundário,130.0,Português,123.0,0,0,1,Masculino,0,0,0,5,10,1,10.0,0,0,5,7,0,0.0,0,9.4,-0.8,-3.12,Desistente,Desistente,1,1
Solteiro,Gestão de Publicidade e Marketing,Ensino Secundário,132.0,Português,122.9,0,0,0,Masculino,0,0,0,6,6,6,11.5,0,0,6,9,2,13.0,0,10.8,1.4,1.74,Desistente,Desistente,1,1
Solteiro,Gestão (presencial noturno),Ensino Secundário,100.0,Português,140.0,0,0,1,Masculino,0,0,0,5,7,4,12.25,0,0,5,7,4,12.75,0,15.5,2.8,-4.06,Matriculado,Matriculado,0,
Solteiro,Enfermagem Veterinária,Ensino Secundário,120.0,Português,122.5,0,0,0,Masculino,0,0,0,6,11,5,13.6,0,0,6,11,5,13.6666666666666,0,11.1,0.6,2.02,Matriculado,Matriculado,0,
Solteiro,Gestão (presencial noturno),Outro - 11º Ano de Escolaridade,133.1,Português,121.5,0,0,1,Masculino,0,0,0,5,11,2,10.5,0,0,5,9,3,11.333333333333304,1,7.6,2.6,0.32,Matriculado,Matriculado,0,
Solteiro,Enfermagem,Ensino Secundário,156.0,Português,132.3,0,0,1,Masculino,1,0,0,7,7,6,13.2666666666666,0,0,7,7,6,13.2666666666666,0,7.6,2.6,0.32,Graduado,Graduado,0,0
Solteiro,Enfermagem,Ensino Secundário,143.0,Português,131.5,0,0,1,Masculino,1,0,0,7,8,7,12.5125,0,0,8,8,8,14.1875,0,13.9,-0.3,0.79,Graduado,Graduado,0,0
Casado,Equincultura,12º Ano de Escolaridade - Não Concluído,133.1,Português,128.2,0,0,1,Masculino,0,0,0,5,9,0,0.0,0,0,5,5,0,0.0,0,7.6,2.6,0.32,Desistente,Desistente,1,1
Solteiro,Gestão de Publicidade e Marketing,Ensino Secundário,140.0,Português,148.0,0,0,0,Masculino,0,0,0,6,14,0,0.0,0,0,6,6,0,0.0,0,12.7,3.7,-1.7,Desistente,Desistente,1,1
Solteiro,Enfermagem,Ensino Secundário,127.0,Português,121.5,0,0,1,Masculino,0,0,0,7,7,6,13.483333333333302,0,0,7,7,6,13.483333333333302,0,7.6,2.6,0.32,Graduado,Graduado,0,0
Solteiro,Enfermagem,Ensino Secundário,135.0,Português,135.4,0,0,1,Masculino,0,0,0,7,9,6,12.565000000000001,0,0,8,12,5,12.16,0,11.1,0.6,2.02,Matriculado,Matriculado,0,
Solteiro,Serviço Social,Ensino Básico (3º Ciclo),133.1,Português,139.0,0,1,0,Masculino,0,0,0,6,8,0,0.0,0,0,5,6,0,0.0,0,16.2,0.3,-0.92,Desistente,Desistente,1,1
Solteiro,Gestão,Ensino Secundário,120.0,Português,113.4,0,0,1,Masculino,0,0,0,5,9,3,13.0,0,0,5,9,3,11.666666666666602,0,12.7,3.7,-1.7,Desistente,Desistente,1,1
Solteiro,Engenharia Informática,Curso de Especialização Tecnológica,150.0,Português,150.0,0,1,1,Masculino,0,0,0,5,6,5,16.5,0,0,5,7,5,17.7142857142857,0,12.4,0.5,1.79,Desistente,Desistente,1,1
Solteiro,Gestão de Publicidade e Marketing,Ensino Secundário,123.0,Português,122.0,0,1,1,Masculino,0,0,0,6,7,6,13.1666666666666,0,0,6,9,5,13.2,0,8.9,1.4,3.51,Matriculado,Matriculado,0,
Solteiro,Enfermagem Veterinária,Curso de Especialização Tecnológica,150.0,Português,150.0,0,0,1,Masculino,0,0,1,6,11,6,13.8,0,1,6,7,6,13.142857142857096,0,16.2,0.3,-0.92,Graduado,Graduado,0,0
Solteiro,Turismo,Outro - 11º Ano de Escolaridade,133.1,Português,119.3,0,0,1,Masculino,0,0,0,6,7,6,11.166666666666602,0,0,6,11,4,11.8,0,9.4,-0.8,-3.12,Matriculado,Matriculado,0,
Solteiro,Agronomia,Ensino Secundário,130.0,Português,140.0,0,0,0,Masculino,0,0,0,6,0,0,0.0,0,0,6,0,0,0.0,0,13.9,-0.3,0.79,Desistente,Desistente,1,1
Solteiro,Design de Comunicação,Ensino Secundário,140.0,Português,125.0,0,0,1,Masculino,0,0,0,6,7,6,12.666666666666602,0,0,6,8,6,12.142857142857096,0,9.4,-0.8,-3.12,Matriculado,Matriculado,0,
Solteiro,Gestão de Publicidade e Marketing,Ensino Secundário,141.0,Português,140.7,0,0,1,Masculino,0,0,0,5,5,5,12.6,0,0,5,6,4,14.5,1,7.6,2.6,0.32,Graduado,Graduado,0,0
Casado,Enfermagem,Ensino Básico (3º Ciclo),133.1,Português,100.0,0,0,1,Masculino,0,0,0,7,7,5,13.06,0,0,7,9,0,0.0,0,16.2,0.3,-0.92,Matriculado,Matriculado,0,
Solteiro,Jornalismo e Comunicação,Ensino Secundário,146.0,Português,146.7,0,0,1,Masculino,0,0,0,6,7,6,13.833333333333304,0,0,6,8,6,13.625,0,7.6,2.6,0.32,Graduado,Graduado,0,0
Solteiro,Equincultura,Ensino Básico (3º Ciclo),133.1,Português,96.0,0,0,1,Masculino,0,0,0,5,5,0,0.0,0,0,5,5,0,0.0,0,7.6,2.6,0.32,Desistente,Desistente,1,1
Solteiro,Engenharia Informática,Curso de Especialização Tecnológica,160.0,Português,160.0,0,1,0,Masculino,0,0,2,6,6,2,16.0,0,2,7,7,2,16.0,0,8.9,1.4,3.51,Desistente,Desistente,1,1
Solteiro,Engenharia Informática,Curso de Especialização Tecnológica,130.0,Português,130.0,0,1,0,Masculino,0,0,0,5,5,0,0.0,0,0,5,5,0,0.0,0,15.5,2.8,-4.06,Desistente,Desistente,1,1
Casado,Gestão (presencial noturno),Ensino Secundário,160.0,Português,130.0,0,0,0,Masculino,1,0,0,5,12,3,10.666666666666602,0,0,5,11,3,10.666666666666602,0,9.4,-0.8,-3.12,Desistente,Desistente,1,1
Casado,Design de Comunicação,Ensino Superior - Licenciatura,140.0,Português,140.0,0,0,1,Masculino,0,0,14,18,18,18,14.5,0,13,18,18,18,14.5,0,16.2,0.3,-0.92,Graduado,Graduado,0,0
Solteiro,Engenharia Informática,Ensino Secundário,126.0,Português,116.6,0,0,1,Masculino,1,0,0,5,6,5,14.0,0,0,5,7,5,13.8,0,8.9,1.4,3.51,Graduado,Graduado,0,0
Solteiro,Engenharia Informática,Ensino Secundário,118.0,Português,120.5,0,0,1,Masculino,0,0,0,5,10,3,13.333333333333304,0,0,5,11,5,13.571428571428504,0,12.4,0.5,1.79,Graduado,Graduado,0,0
Solteiro,Enfermagem Veterinária,Ensino Básico (3º Ciclo),133.1,Português,103.0,0,0,1,Masculino,0,0,0,6,0,0,0.0,0,0,6,0,0,0.0,0,10.8,1.4,1.74,Desistente,Desistente,1,1
Solteiro,Design de Comunicação,Ensino Secundário,121.0,Português,111.9,0,0,1,Masculino,0,0,0,6,9,5,12.0,0,0,6,10,4,11.2,0,8.9,1.4,3.51,Graduado,Graduado,0,0
Solteiro,Engenharia Informática,Ensino Secundário,148.0,Português,148.7,0,0,1,Masculino,0,0,0,5,6,5,16.2,0,0,5,8,5,16.0,0,8.9,1.4,3.51,Graduado,Graduado,0,0
Solteiro,Gestão (presencial noturno),Outro - 11º Ano de Escolaridade,133.1,Português,120.0,0,0,1,Masculino,0,0,7,13,13,7,10.285714285714198,0,5,11,13,5,10.6,0,10.8,1.4,1.74,Desistente,Desistente,1,1
Solteiro,Engenharia Informática,Ensino Secundário,140.0,Português,125.7,0,0,1,Masculino,0,0,0,5,5,0,0.0,0,0,5,5,0,0.0,0,9.4,-0.8,-3.12,Matriculado,Matriculado,0,
Solteiro,Turismo,Ensino Secundário,132.0,Português,120.1,0,0,1,Masculino,1,0,0,6,7,6,13.571428571428504,0,0,6,8,6,13.1666666666666,0,8.9,1.4,3.51,Graduado,Graduado,0,0
Solteiro,Equincultura,Ensino Secundário,140.0,Português,127.8,0,0,1,Masculino,0,0,0,6,7,6,14.285714285714198,0,0,6,9,6,14.8571428571428,0,11.1,0.6,2.02,Graduado,Graduado,0,0
Solteiro,Gestão,Ensino Secundário,112.0,Português,106.4,0,0,1,Masculino,0,0,0,5,7,5,10.2,0,0,5,6,4,10.5,0,12.4,0.5,1.79,Graduado,Graduado,0,0
Solteiro,Enfermagem,Ensino Secundário,100.0,Português,100.0,0,1,1,Masculino,0,0,0,8,16,2,10.25,1,0,8,16,2,10.25,1,12.7,3.7,-1.7,Desistente,Desistente,1,1
Solteiro,Enfermagem Veterinária,Ensino Secundário,126.0,Português,123.9,0,0,1,Masculino,0,0,0,6,0,0,0.0,0,0,6,0,0,0.0,0,10.8,1.4,1.74,Desistente,Desistente,1,1
Solteiro,Gestão de Publicidade e Marketing,Ensino Secundário,150.0,Português,139.5,0,0,1,Masculino,1,0,0,6,7,6,14.833333333333304,0,0,6,6,6,14.833333333333304,0,12.7,3.7,-1.7,Graduado,Graduado,0,0
Solteiro,Agronomia,Curso de Especialização Tecnológica,150.0,Português,150.0,0,0,1,Masculino,0,0,0,6,12,5,13.625,0,0,6,6,5,12.6,0,13.9,-0.3,0.79,Graduado,Graduado,0,0
Casado,Higiene Oral,Ensino Secundário,144.0,Português,139.8,0,1,1,Masculino,0,0,0,7,7,7,12.271428571428503,0,0,8,10,7,13.657142857142802,0,10.8,1.4,1.74,Graduado,Graduado,0,0
Solteiro,Gestão (presencial noturno),Ensino Secundário,133.1,Português,154.4,0,0,1,Masculino,0,0,0,5,0,0,0.0,0,0,5,0,0,0.0,0,10.8,1.4,1.74,Desistente,Desistente,1,1
Solteiro,Gestão,Ensino Secundário,120.0,Português,115.5,0,1,0,Masculino,0,0,0,5,8,4,12.5,0,0,5,9,5,10.5,0,8.9,1.4,3.51,Matriculado,Matriculado,0,
Solteiro,Serviço Social (prestação nocturna),Ensino Secundário,133.1,Português,119.0,0,0,1,Masculino,0,0,3,9,10,9,13.2222222222222,0,2,7,8,7,13.142857142857096,0,8.9,1.4,3.51,Graduado,Graduado,0,0
Solteiro,Tecnologias de Produção de Biocombustíveis,Ensino Secundário,133.1,Português,96.1,0,0,1,Masculino,0,0,0,7,13,2,15.0,0,0,7,12,2,11.5,0,12.4,0.5,1.79,Desistente,Desistente,1,1
Solteiro,Design de Animação e Multimédia,Ensino Superior - Licenciatura,130.0,Português,130.0,0,0,0,Masculino,0,0,0,0,0,0,0.0,0,0,0,0,0,0.0,0,9.4,-0.8,-3.12,Desistente,Desistente,1,1
Solteiro,Design de Comunicação,Ensino Secundário,133.0,Português,128.8,0,0,1,Masculino,0,0,6,12,12,12,13.1666666666666,0,6,12,12,12,13.0,0,10.8,1.4,1.74,Graduado,Graduado,0,0
Solteiro,Jornalismo e Comunicação,Ensino Secundário,124.0,Português,126.8,0,0,1,Masculino,1,0,0,6,8,5,13.833333333333304,0,0,6,6,4,14.0,0,13.9,-0.3,0.79,Graduado,Graduado,0,0
Solteiro,Gestão (presencial noturno),Ensino Superior - Licenciatura (1º Ciclo),130.0,Português,130.0,0,0,1,Masculino,0,0,0,5,0,0,0.0,0,0,5,0,0,0.0,0,8.9,1.4,3.51,Desistente,Desistente,1,1
Solteiro,Gestão,Ensino Secundário,124.0,Português,116.7,0,0,1,Masculino,0,0,0,5,6,0,0.0,0,0,5,6,0,0.0,0,7.6,2.6,0.32,Matriculado,Matriculado,0,
Solteiro,Enfermagem,Ensino Secundário,132.0,Português,125.5,0,0,1,Masculino,0,0,0,8,8,7,13.1542857142857,0,0,8,8,7,13.1542857142857,0,10.8,1.4,1.74,Matriculado,Matriculado,0,
Solteiro,Gestão de Publicidade e Marketing,Ensino Superior - Licenciatura,110.0,Português,110.0,0,0,1,Masculino,0,0,7,12,12,9,12.333333333333304,0,6,11,11,6,13.1666666666666,0,9.4,-0.8,-3.12,Desistente,Desistente,1,1
Solteiro,Jornalismo e Comunicação,Ensino Secundário,127.0,Português,133.7,0,1,1,Masculino,0,0,0,6,6,6,13.0,0,0,6,7,5,11.8,0,12.7,3.7,-1.7,Desistente,Desistente,1,1
Solteiro,Equincultura,Ensino Secundário,130.0,Português,117.6,0,0,1,Masculino,0,0,0,5,14,2,11.5,2,0,5,8,5,11.4,3,9.4,-0.8,-3.12,Matriculado,Matriculado,0,
Solteiro,Agronomia,Curso de Especialização Tecnológica,140.0,Português,140.0,0,0,1,Masculino,0,0,0,6,15,3,13.25,0,0,6,9,1,12.0,0,13.9,-0.3,0.79,Desistente,Desistente,1,1
Solteiro,Agronomia,Curso de Especialização Tecnológica,150.0,Português,150.0,0,0,1,Masculino,0,0,0,6,12,3,13.333333333333304,0,0,6,12,3,12.75,0,15.5,2.8,-4.06,Matriculado,Matriculado,0,
Solteiro,Serviço Social,Ensino Secundário,133.0,Português,133.7,0,0,1,Feminino,0,0,0,6,6,6,13.5,0,0,6,6,6,12.166666666666602,0,10.8,1.4,1.74,Graduado,Graduado,0,0
Solteiro,Jornalismo e Comunicação,Ensino Secundário,109.0,Português,137.0,0,0,1,Feminino,1,0,0,6,7,6,12.666666666666602,0,0,6,8,5,12.8,0,10.8,1.4,1.74,Graduado,Graduado,0,0
Solteiro,Gestão,Ensino Secundário,133.1,Português,128.2,0,0,1,Feminino,0,0,7,11,18,11,15.090909090908998,1,2,6,7,6,14.5,0,9.4,-0.8,-3.12,Desistente,Desistente,1,1
Solteiro,Design de Animação e Multimédia,Ensino Secundário,133.0,Português,129.2,0,1,0,Masculino,0,0,0,0,0,0,0.0,0,0,0,0,0,0.0,0,9.4,-0.8,-3.12,Desistente,Desistente,1,1
Solteiro,Jornalismo e Comunicação,Ensino Secundário,134.0,Português,129.5,0,0,1,Masculino,0,0,0,6,7,6,13.1666666666666,0,0,6,7,6,12.666666666666602,0,16.2,0.3,-0.92,Graduado,Graduado,0,0
Solteiro,Jornalismo e Comunicação,Ensino Secundário,125.0,Português,129.6,0,0,1,Masculino,0,0,0,6,6,6,12.833333333333304,0,0,6,8,6,12.833333333333304,0,12.4,0.5,1.79,Graduado,Graduado,0,0
Solteiro,Engenharia Informática,Ensino Secundário,135.0,Português,121.7,0,0,1,Masculino,0,0,0,5,7,5,11.8,0,0,5,9,3,12.0,0,8.9,1.4,3.51,Matriculado,Matriculado,0,
Solteiro,Jornalismo e Comunicação,Ensino Secundário,132.0,Português,141.8,0,0,1,Masculino,0,0,0,6,6,6,11.833333333333304,0,0,6,6,6,12.166666666666602,0,12.7,3.7,-1.7,Graduado,Graduado,0,0
Solteiro,Jornalismo e Comunicação,Ensino Secundário,135.0,Português,129.8,0,0,1,Masculino,0,0,0,6,6,5,12.8,0,0,6,11,3,12.75,0,15.5,2.8,-4.06,Graduado,Graduado,0,0
Solteiro,Design de Comunicação,Curso de Especialização Tecnológica,100.0,Português,106.0,0,0,1,Masculino,0,0,2,7,7,5,11.8,0,5,9,9,5,11.0,0,12.4,0.5,1.79,Desistente,Desistente,1,1
Solteiro,Design de Animação e Multimédia,Ensino Secundário,144.0,Português,121.6,0,0,1,Masculino,0,0,0,0,0,0,0.0,0,0,0,0,0,0.0,0,13.9,-0.3,0.79,Matriculado,Matriculado,0,
Solteiro,Engenharia Informática,Ensino Secundário,125.0,Português,121.5,0,0,1,Masculino,0,0,0,5,7,5,15.8,0,0,5,7,5,14.571428571428504,0,11.1,0.6,2.02,Desistente,Desistente,1,1
Solteiro,Design de Animação e Multimédia,Ensino Secundário,133.1,Português,117.0,0,1,1,Masculino,0,0,0,0,0,0,0.0,0,0,0,0,0,0.0,0,15.5,2.8,-4.06,Matriculado,Matriculado,0,
Solteiro,Engenharia Informática,Curso de Especialização Tecnológica,130.0,Português,130.0,0,0,1,Masculino,0,0,0,5,9,2,12.5,0,0,5,10,3,11.6,0,12.4,0.5,1.79,Matriculado,Matriculado,0,
Solteiro,Gestão de Publicidade e Marketing,Ensino Secundário,117.0,Português,117.7,0,0,1,Masculino,0,0,0,6,9,6,14.6666666666666,0,0,6,7,6,13.8571428571428,0,8.9,1.4,3.51,Graduado,Graduado,0,0
Solteiro,Enfermagem Veterinária,Curso de Especialização Tecnológica,140.0,Português,140.0,0,0,1,Masculino,0,0,2,6,10,4,12.5,0,1,6,16,2,12.0,0,12.4,0.5,1.79,Desistente,Desistente,1,1
Solteiro,Engenharia Informática,Ensino Secundário,132.0,Português,133.1,0,0,1,Masculino,0,0,0,5,7,3,12.0,0,0,6,10,2,10.5,0,11.1,0.6,2.02,Desistente,Desistente,1,1
Solteiro,Engenharia Informática,Ensino Secundário,133.1,Brasileiro,100.0,0,1,1,Masculino,0,1,2,8,8,7,13.142857142857096,0,1,6,8,6,11.833333333333304,0,8.9,1.4,3.51,Matriculado,Matriculado,0,
Solteiro,Gestão de Publicidade e Marketing,Ensino Secundário,132.0,Português,119.1,0,1,1,Masculino,0,0,0,6,6,3,12.666666666666602,0,0,6,11,4,11.142857142857096,0,10.8,1.4,1.74,Desistente,Desistente,1,1
Solteiro,Engenharia Informática,Ensino Secundário,148.0,Português,129.8,0,0,0,Masculino,1,0,0,5,6,5,15.0,0,0,5,6,5,14.2,0,8.9,1.4,3.51,Matriculado,Matriculado,0,
Solteiro,Serviço Social,Ensino Secundário,133.0,Português,131.3,0,1,1,Feminino,0,0,0,6,7,5,13.6,0,0,6,7,5,11.8,0,8.9,1.4,3.51,Desistente,Desistente,1,1
Solteiro,Jornalismo e Comunicação,Ensino Secundário,143.0,Português,136.7,0,0,1,Feminino,0,0,0,6,6,6,12.5,0,0,6,6,6,13.833333333333304,0,8.9,1.4,3.51,Graduado,Graduado,0,0
Solteiro,Serviço Social,Ensino Secundário,143.0,Português,126.2,0,0,1,Feminino,1,0,0,6,7,6,13.333333333333304,0,0,6,7,6,13.5,0,12.4,0.5,1.79,Graduado,Graduado,0,0
Solteiro,Enfermagem Veterinária,Ensino Secundário,133.1,Brasileiro,109.6,0,0,1,Feminino,0,1,0,6,13,4,12.25,0,0,6,15,5,11.0,0,11.1,0.6,2.02,Desistente,Desistente,1,1
Solteiro,Enfermagem,Ensino Secundário,141.0,Português,131.9,0,0,1,Feminino,1,0,0,7,7,7,15.101428571428503,0,0,8,8,8,16.09375,0,11.1,0.6,2.02,Graduado,Graduado,0,0
Solteiro,Serviço Social,Ensino Secundário,140.0,Português,140.7,0,0,1,Feminino,1,0,0,6,6,6,13.1666666666666,0,0,6,6,6,16.0,0,10.8,1.4,1.74,Graduado,Graduado,0,0
Solteiro,Serviço Social (prestação nocturna),Ensino Secundário,134.0,Português,120.7,0,0,1,Feminino,0,0,0,6,8,4,11.0,0,0,6,6,0,0.0,0,13.9,-0.3,0.79,Desistente,Desistente,1,1
Solteiro,Gestão,Ensino Secundário,118.0,Português,113.8,0,0,1,Feminino,0,0,0,5,9,3,11.666666666666602,0,0,5,9,4,11.75,0,8.9,1.4,3.51,Graduado,Graduado,0,0
Solteiro,Serviço Social,Ensino Secundário,135.0,Português,121.0,0,0,1,Feminino,0,0,0,6,13,1,10.0,0,0,6,13,1,13.0,0,9.4,-0.8,-3.12,Matriculado,Matriculado,0,
Solteiro,Serviço Social (prestação nocturna),Ensino Secundário,119.0,Português,112.4,0,0,1,Feminino,0,0,4,7,15,7,11.571428571428502,0,2,6,14,2,11.0,0,7.6,2.6,0.32,Desistente,Desistente,1,1
Solteiro,Jornalismo e Comunicação,Ensino Secundário,145.0,Português,131.0,0,0,1,Feminino,1,0,0,6,6,6,12.166666666666602,0,0,6,10,5,11.2,0,7.6,2.6,0.32,Matriculado,Matriculado,0,
Solteiro,Design de Animação e Multimédia,Ensino Secundário,143.0,Português,142.7,0,0,1,Feminino,0,0,0,0,0,0,0.0,0,0,0,0,0,0.0,0,16.2,0.3,-0.92,Desistente,Desistente,1,1
Solteiro,Gestão de Publicidade e Marketing,Ensino Secundário,123.0,Português,125.5,0,0,0,Feminino,1,0,0,6,6,6,13.833333333333304,0,0,6,7,6,14.285714285714198,0,8.9,1.4,3.51,Graduado,Graduado,0,0
Solteiro,Enfermagem,Ensino Secundário,108.0,Português,107.8,0,0,1,Feminino,1,0,0,7,10,6,12.357142857142803,0,0,8,9,7,13.0,0,13.9,-0.3,0.79,Graduado,Graduado,0,0
Solteiro,Jornalismo e Comunicação,Ensino Secundário,117.0,Português,110.4,0,1,0,Feminino,0,0,0,6,7,6,12.166666666666602,0,0,6,10,2,10.333333333333304,0,16.2,0.3,-0.92,Desistente,Desistente,1,1
Solteiro,Serviço Social,Curso de Especialização Tecnológica,140.0,Português,136.1,0,1,1,Feminino,0,0,3,6,8,3,12.0,0,2,6,6,2,12.5,0,12.4,0.5,1.79,Matriculado,Matriculado,0,
Solteiro,Turismo,Ensino Secundário,170.0,Português,138.3,0,0,1,Feminino,0,0,5,10,14,9,12.416666666666602,0,5,9,14,7,13.0,0,10.8,1.4,1.74,Graduado,Graduado,0,0
Solteiro,Enfermagem Veterinária,Ensino Secundário,157.0,Português,142.3,0,0,1,Feminino,0,0,0,5,7,4,12.75,0,0,5,6,4,12.75,0,7.6,2.6,0.32,Graduado,Graduado,0,0
Solteiro,Enfermagem,Frequência do Ensino Superior,141.0,Português,145.0,0,0,1,Feminino,0,0,12,21,33,18,14.933333333333303,12,12,21,33,18,14.933333333333303,12,7.6,2.6,0.32,Graduado,Graduado,0,0
Solteiro,Jornalismo e Comunicação,Ensino Secundário,125.0,Português,125.7,0,0,1,Feminino,0,0,0,6,6,6,13.0,0,0,6,7,6,11.666666666666602,0,8.9,1.4,3.51,Graduado,Graduado,0,0
Divorciado,Ensino Básico,Ensino Básico (3º Ciclo),133.1,Português,108.0,0,1,0,Feminino,0,0,0,7,7,7,12.857142857142804,0,0,7,8,6,12.666666666666602,0,8.9,1.4,3.51,Matriculado,Matriculado,0,
Casado,Enfermagem,Ensino Secundário,143.0,Português,128.7,0,0,1,Feminino,0,0,0,7,10,7,14.455000000000002,0,0,8,8,8,13.91,0,15.5,2.8,-4.06,Graduado,Graduado,0,0
Solteiro,Gestão de Publicidade e Marketing,Ensino Secundário,142.0,Português,128.0,0,0,1,Feminino,1,0,0,6,8,6,14.0,0,0,6,7,6,13.285714285714198,0,11.1,0.6,2.02,Graduado,Graduado,0,0
Solteiro,Jornalismo e Comunicação,Ensino Secundário,150.0,Português,146.5,0,0,1,Feminino,1,0,0,6,6,6,13.5,0,0,6,7,6,12.666666666666602,0,11.1,0.6,2.02,Graduado,Graduado,0,0
Solteiro,Turismo,Ensino Secundário,112.0,Português,106.1,0,0,0,Feminino,0,0,0,6,0,0,0.0,0,0,6,0,0,0.0,0,11.1,0.6,2.02,Desistente,Desistente,1,1
Solteiro,Serviço Social (prestação nocturna),Ensino Secundário,133.1,Português,118.0,0,0,1,Feminino,1,0,0,6,6,6,11.666666666666602,0,0,6,12,5,14.0,0,10.8,1.4,1.74,Graduado,Graduado,0,0
Solteiro,Enfermagem Veterinária,Ensino Secundário,125.0,Português,117.0,0,0,1,Feminino,1,0,0,5,6,4,12.0,0,0,5,8,5,13.333333333333304,1,10.8,1.4,1.74,Graduado,Graduado,0,0
Solteiro,Serviço Social,Ensino Secundário,121.0,Português,115.4,0,0,1,Feminino,1,0,0,6,7,6,11.714285714285698,0,0,6,6,6,11.833333333333304,0,13.9,-0.3,0.79,Graduado,Graduado,0,0
Solteiro,Serviço Social,Ensino Secundário,133.1,Português,117.0,0,0,1,Feminino,0,0,0,6,8,6,12.666666666666602,0,0,6,7,6,12.428571428571399,0,11.1,0.6,2.02,Graduado,Graduado,0,0
Solteiro,Enfermagem Veterinária,Ensino Secundário,133.1,Português,144.9,0,0,1,Feminino,0,0,0,6,11,3,11.75,0,0,6,19,4,12.8,0,12.4,0.5,1.79,Matriculado,Matriculado,0,
Solteiro,Serviço Social,Ensino Secundário,135.0,Português,127.0,0,0,1,Feminino,0,0,0,6,0,0,0.0,0,0,6,0,0,0.0,0,16.2,0.3,-0.92,Desistente,Desistente,1,1
Solteiro,Enfermagem,Ensino Secundário,132.0,Português,118.0,0,0,1,Feminino,0,0,0,8,8,7,12.328571428571399,0,0,8,8,7,12.328571428571399,0,12.7,3.7,-1.7,Graduado,Graduado,0,0
União de Fato,Ensino Básico,Ensino Básico (3º Ciclo),133.1,Português,118.0,0,0,1,Feminino,0,0,0,7,14,6,11.666666666666602,0,0,7,10,1,10.0,0,12.4,0.5,1.79,Desistente,Desistente,1,1
Solteiro,Design de Comunicação,Ensino Secundário,135.0,Português,126.4,0,0,1,Feminino,1,0,5,12,12,12,13.25,0,5,12,12,11,12.727272727272702,0,15.5,2.8,-4.06,Graduado,Graduado,0,0
Solteiro,Gestão de Publicidade e Marketing,Curso de Especialização Tecnológica,110.0,Português,110.0,0,0,1,Feminino,0,0,0,6,8,5,11.833333333333304,0,0,6,8,4,13.25,2,16.2,0.3,-0.92,Matriculado,Matriculado,0,
Solteiro,Higiene Oral,Ensino Secundário,133.0,Português,124.4,0,0,1,Feminino,1,0,0,7,7,7,13.3,0,0,8,8,8,15.125,0,15.5,2.8,-4.06,Graduado,Graduado,0,0
Solteiro,Enfermagem Veterinária,Curso de Especialização Tecnológica,140.0,Português,140.0,0,0,1,Feminino,0,0,1,6,13,6,12.5555555555555,0,1,6,11,5,11.8,0,16.2,0.3,-0.92,Matriculado,Matriculado,0,
Solteiro,Jornalismo e Comunicação,Ensino Secundário,135.0,Português,129.4,0,0,1,Feminino,0,0,0,6,6,6,12.833333333333304,0,0,6,7,6,12.166666666666602,0,11.1,0.6,2.02,Graduado,Graduado,0,0
Solteiro,Serviço Social,Curso de Especialização Tecnológica,140.0,Português,141.7,0,0,1,Feminino,1,0,3,6,6,6,12.833333333333304,0,2,6,6,6,12.833333333333304,0,13.9,-0.3,0.79,Graduado,Graduado,0,0
Solteiro,Enfermagem Veterinária,Ensino Secundário,144.0,Português,132.1,0,0,1,Feminino,1,0,0,5,10,3,12.666666666666602,1,0,5,7,3,13.0,0,12.7,3.7,-1.7,Graduado,Graduado,0,0
Solteiro,Enfermagem,Ensino Secundário,122.0,Português,116.8,0,0,1,Feminino,0,0,0,7,8,6,13.271428571428505,0,0,8,8,7,14.471428571428504,0,13.9,-0.3,0.79,Graduado,Graduado,0,0
Solteiro,Gestão (presencial noturno),Ensino Secundário,143.0,Português,135.0,0,0,1,Feminino,1,0,0,5,5,5,12.4,0,0,5,6,5,12.833333333333304,0,10.8,1.4,1.74,Graduado,Graduado,0,0
Solteiro,Enfermagem Veterinária,Curso de Especialização Tecnológica,150.0,Português,150.0,0,0,1,Feminino,0,0,0,5,10,2,14.5,1,0,5,7,4,11.25,0,12.7,3.7,-1.7,Matriculado,Matriculado,0,
Solteiro,Serviço Social,Ensino Secundário,124.0,Português,116.0,0,1,1,Feminino,0,0,0,6,7,0,0.0,0,0,5,5,0,0.0,0,13.9,-0.3,0.79,Desistente,Desistente,1,1
Solteiro,Jornalismo e Comunicação,Ensino Secundário,156.0,Português,155.0,0,0,1,Feminino,0,0,0,6,7,6,14.285714285714198,0,0,6,8,6,13.25,0,8.9,1.4,3.51,Graduado,Graduado,0,0
Solteiro,Enfermagem Veterinária,Ensino Secundário,142.0,Português,127.0,0,0,1,Feminino,0,0,0,5,7,3,12.333333333333304,0,0,5,9,5,12.6,0,10.8,1.4,1.74,Graduado,Graduado,0,0
Solteiro,Enfermagem,Ensino Secundário,142.0,Português,130.8,0,0,1,Feminino,1,0,0,7,10,6,12.583333333333304,0,0,8,8,7,12.671428571428503,0,13.9,-0.3,0.79,Graduado,Graduado,0,0
Solteiro,Enfermagem,Ensino Secundário,126.0,Português,121.8,0,0,1,Feminino,0,0,0,7,8,6,13.731666666666598,0,0,8,10,7,13.771428571428505,0,12.4,0.5,1.79,Desistente,Desistente,1,1
Solteiro,Agronomia,Ensino Básico (3º Ciclo),133.1,Português,140.0,0,0,1,Masculino,0,0,0,6,8,6,12.875,0,0,6,14,5,12.142857142857096,0,16.2,0.3,-0.92,Matriculado,Matriculado,0,
Casado,Design de Comunicação,Ensino Secundário,170.0,Português,148.5,0,0,1,Masculino,0,0,8,10,14,8,14.625,0,5,7,7,5,13.4,0,9.4,-0.8,-3.12,Desistente,Desistente,1,1
Solteiro,Gestão,Ensino Secundário,130.0,Português,109.8,0,0,0,Masculino,0,0,0,3,3,0,0.0,0,0,2,2,0,0.0,0,7.6,2.6,0.32,Desistente,Desistente,1,1
Solteiro,Serviço Social,Ensino Secundário,133.0,Brasileiro,119.7,0,1,1,Feminino,1,1,0,6,8,6,12.666666666666602,0,0,6,7,6,12.666666666666602,0,8.9,1.4,3.51,Graduado,Graduado,0,0
Solteiro,Enfermagem,Ensino Secundário,122.0,Português,122.0,0,0,1,Feminino,0,0,0,8,11,6,12.491666666666601,0,0,8,11,6,12.491666666666601,0,12.7,3.7,-1.7,Graduado,Graduado,0,0
Solteiro,Design de Animação e Multimédia,Ensino Secundário,138.0,Português,147.5,0,0,1,Feminino,1,0,6,12,12,12,13.6666666666666,0,4,11,12,11,14.1666666666666,0,8.9,1.4,3.51,Graduado,Graduado,0,0
Solteiro,Enfermagem Veterinária,Ensino Secundário,163.0,Inglês,150.8,0,0,1,Feminino,0,1,0,6,13,6,16.0,0,0,6,8,6,14.5,0,15.5,2.8,-4.06,Graduado,Graduado,0,0
Solteiro,Enfermagem Veterinária,Curso de Especialização Tecnológica,150.0,Português,150.0,0,0,1,Feminino,0,0,2,6,8,6,14.142857142857096,0,1,6,7,6,13.0,0,13.9,-0.3,0.79,Graduado,Graduado,0,0
Solteiro,Serviço Social (prestação nocturna),Ensino Básico (3º Ciclo),133.1,Português,131.5,0,1,1,Feminino,1,0,0,6,9,6,11.833333333333304,0,0,6,9,4,13.75,0,11.1,0.6,2.02,Graduado,Graduado,0,0
Solteiro,Design de Comunicação,Ensino Secundário,144.0,Português,127.2,0,0,1,Feminino,1,0,0,6,6,6,12.666666666666602,0,0,6,8,6,13.0,0,10.8,1.4,1.74,Graduado,Graduado,0,0
Solteiro,Design de Comunicação,Ensino Secundário,118.0,Português,111.0,0,0,1,Feminino,0,0,0,6,6,6,12.5,0,0,6,6,6,12.666666666666602,0,7.6,2.6,0.32,Graduado,Graduado,0,0
Solteiro,Serviço Social,Ensino Secundário,101.0,Guineense,119.9,0,1,0,Feminino,0,1,5,11,16,9,10.8888888888888,0,2,10,20,4,11.25,1,9.4,-0.8,-3.12,Graduado,Graduado,0,0
Solteiro,Jornalismo e Comunicação,Ensino Secundário,133.0,Português,133.7,0,0,1,Feminino,0,0,0,6,11,1,13.0,0,0,5,10,0,0.0,0,7.6,2.6,0.32,Desistente,Desistente,1,1
Solteiro,Gestão de Publicidade e Marketing,Ensino Secundário,133.1,Português,140.0,0,0,1,Feminino,0,0,0,6,6,6,15.1666666666666,0,0,6,6,6,16.0,0,13.9,-0.3,0.79,Graduado,Graduado,0,0
Solteiro,Ensino Básico,Ensino Secundário,124.0,Português,113.9,0,0,1,Feminino,1,0,0,6,8,6,12.666666666666602,0,0,6,7,6,12.0,0,12.7,3.7,-1.7,Graduado,Graduado,0,0
Solteiro,Design de Animação e Multimédia,Ensino Secundário,127.0,Português,120.7,0,1,1,Masculino,0,0,0,0,0,0,0.0,0,0,0,0,0,0.0,0,7.6,2.6,0.32,Desistente,Desistente,1,1
União de Fato,Gestão,Ensino Secundário,133.1,Português,119.8,0,0,1,Masculino,0,0,0,5,9,5,12.0,0,0,5,5,5,10.2,0,11.1,0.6,2.02,Matriculado,Matriculado,0,
Solteiro,Gestão (presencial noturno),Ensino Secundário,110.0,Português,121.8,0,0,0,Masculino,0,0,0,5,5,0,0.0,0,0,5,5,0,0.0,0,12.7,3.7,-1.7,Desistente,Desistente,1,1
Solteiro,Design de Animação e Multimédia,Ensino Secundário,110.0,Português,117.7,0,1,1,Masculino,1,0,0,0,0,0,0.0,0,0,0,0,0,0.0,0,12.4,0.5,1.79,Graduado,Graduado,0,0
Casado,Gestão,Ensino Secundário,160.0,Português,110.0,0,0,1,Masculino,0,0,0,5,8,2,11.0,0,0,5,6,4,11.5,0,15.5,2.8,-4.06,Desistente,Desistente,1,1
Solteiro,Agronomia,Ensino Secundário,120.0,Português,134.4,0,0,1,Masculino,0,0,0,6,7,6,15.714285714285703,0,0,6,10,6,15.9,0,15.5,2.8,-4.06,Desistente,Desistente,1,1
Solteiro,Gestão,Ensino Secundário,133.1,Português,125.3,0,0,1,Masculino,0,0,11,15,15,11,10.818181818181804,0,12,14,15,11,11.6363636363636,1,7.6,2.6,0.32,Desistente,Desistente,1,1
Solteiro,Gestão,Ensino Secundário,132.0,Português,119.1,0,0,0,Masculino,0,0,0,5,16,1,12.0,0,0,5,6,0,0.0,0,13.9,-0.3,0.79,Desistente,Desistente,1,1
União de Fato,Serviço Social,Ensino Secundário,130.0,Português,146.0,0,0,1,Masculino,0,0,0,6,8,5,12.6,0,0,6,11,4,11.25,0,12.4,0.5,1.79,Graduado,Graduado,0,0
Solteiro,Equincultura,Ensino Secundário,130.0,Português,130.0,0,0,1,Masculino,0,0,0,5,12,1,13.0,2,0,5,7,3,14.0,0,9.4,-0.8,-3.12,Matriculado,Matriculado,0,
Solteiro,Gestão,Ensino Secundário,129.0,Português,122.0,0,0,1,Masculino,0,0,0,5,8,5,11.6,1,0,5,10,4,10.75,0,9.4,-0.8,-3.12,Graduado,Graduado,0,0
Solteiro,Engenharia Informática,Ensino Secundário,130.0,Português,118.1,0,1,0,Masculino,0,0,0,5,11,1,10.0,0,0,5,14,1,11.0,0,8.9,1.4,3.51,Desistente,Desistente,1,1
Solteiro,Gestão de Publicidade e Marketing,Ensino Secundário,140.0,Português,105.2,0,0,1,Masculino,0,0,0,6,7,1,14.0,0,0,6,6,0,0.0,0,16.2,0.3,-0.92,Desistente,Desistente,1,1
Solteiro,Engenharia Informática,Ensino Secundário,131.0,Português,123.3,0,0,1,Masculino,1,0,0,5,9,5,12.6,0,0,5,8,2,12.5,0,8.9,1.4,3.51,Desistente,Desistente,1,1
Solteiro,Design de Animação e Multimédia,Ensino Secundário,129.0,Português,124.8,0,0,1,Masculino,0,0,0,0,0,0,0.0,0,0,0,0,0,0.0,0,12.7,3.7,-1.7,Desistente,Desistente,1,1
Solteiro,Gestão (presencial noturno),Ensino Básico (3º Ciclo),133.1,Português,149.4,0,0,0,Masculino,0,0,0,5,11,2,11.333333333333304,0,0,5,9,1,12.0,0,11.1,0.6,2.02,Desistente,Desistente,1,1
Solteiro,Turismo,Ensino Secundário,112.0,Português,108.5,0,0,1,Masculino,0,0,0,6,6,6,12.666666666666602,0,0,6,7,5,11.4,0,9.4,-0.8,-3.12,Graduado,Graduado,0,0
Solteiro,Turismo,Ensino Secundário,119.0,Português,125.0,0,0,1,Masculino,0,0,0,6,7,5,10.8,0,0,6,10,2,10.5,0,10.8,1.4,1.74,Matriculado,Matriculado,0,
Solteiro,Enfermagem,Ensino Secundário,133.1,Português,101.0,0,0,1,Masculino,0,0,0,7,14,5,12.8785714285714,0,0,8,15,7,11.85625,0,15.5,2.8,-4.06,Graduado,Graduado,0,0
Solteiro,Enfermagem Veterinária,Ensino Secundário,123.0,Português,112.9,0,0,1,Masculino,0,0,0,5,5,0,0.0,0,0,5,5,0,0.0,0,7.6,2.6,0.32,Desistente,Desistente,1,1
Solteiro,Design de Comunicação,Ensino Secundário,131.0,Português,120.2,0,0,1,Masculino,0,0,0,6,6,6,12.833333333333304,0,0,6,8,5,11.4,0,15.5,2.8,-4.06,Matriculado,Matriculado,0,
Solteiro,Gestão,Ensino Secundário,120.0,Português,111.6,0,1,1,Masculino,1,0,0,5,5,5,12.6,0,0,5,9,3,12.833333333333304,0,10.8,1.4,1.74,Matriculado,Matriculado,0,
Solteiro,Gestão,Ensino Secundário,125.0,Português,134.1,0,0,1,Masculino,0,0,0,5,0,0,0.0,0,0,5,0,0,0.0,0,8.9,1.4,3.51,Desistente,Desistente,1,1
Solteiro,Engenharia Informática,Ensino Secundário,133.1,Português,101.6,0,0,1,Masculino,1,0,0,5,11,0,0.0,0,0,5,5,0,0.0,0,12.7,3.7,-1.7,Desistente,Desistente,1,1
Solteiro,Gestão de Publicidade e Marketing,Ensino Secundário,121.0,Português,111.9,0,0,1,Masculino,0,0,0,6,6,6,14.1666666666666,0,0,6,6,6,14.0,0,13.9,-0.3,0.79,Graduado,Graduado,0,0
Solteiro,Gestão,Ensino Secundário,148.0,Português,118.4,0,0,1,Masculino,0,0,0,5,7,5,13.4,0,0,5,7,4,13.25,0,8.9,1.4,3.51,Desistente,Desistente,1,1
Solteiro,Gestão,Ensino Secundário,139.0,Português,127.1,0,0,1,Masculino,1,0,0,5,8,5,11.2,0,0,5,13,4,11.25,0,12.7,3.7,-1.7,Graduado,Graduado,0,0
Solteiro,Design de Animação e Multimédia,Ensino Secundário,125.0,Português,120.5,0,0,1,Masculino,0,0,0,0,0,0,0.0,0,0,0,0,0,0.0,0,12.4,0.5,1.79,Graduado,Graduado,0,0
Solteiro,Design de Comunicação,Ensino Secundário,128.0,Português,136.1,0,1,0,Masculino,0,0,0,6,6,6,12.666666666666602,0,0,6,8,5,11.8,0,11.1,0.6,2.02,Desistente,Desistente,1,1
Solteiro,Gestão de Publicidade e Marketing,Ensino Secundário,132.0,Português,124.0,0,0,1,Masculino,0,0,0,5,7,3,12.333333333333304,0,0,5,5,4,11.25,0,7.6,2.6,0.32,Desistente,Desistente,1,1
Solteiro,Enfermagem Veterinária,Ensino Secundário,137.0,Português,141.6,0,0,1,Masculino,0,0,0,5,7,4,12.25,0,0,5,7,5,12.0,0,7.6,2.6,0.32,Graduado,Graduado,0,0
Solteiro,Design de Animação e Multimédia,Curso de Especialização Tecnológica,160.0,Português,160.0,0,1,1,Masculino,1,0,0,0,0,0,0.0,0,0,0,0,0,0.0,0,15.5,2.8,-4.06,Desistente,Desistente,1,1
Solteiro,Gestão,Ensino Secundário,120.0,Português,110.0,0,0,1,Masculino,0,0,0,5,13,3,10.75,0,0,5,9,3,10.333333333333304,0,15.5,2.8,-4.06,Desistente,Desistente,1,1
Solteiro,Tecnologias de Produção de Biocombustíveis,Ensino Secundário,134.0,Português,100.0,0,0,1,Masculino,0,0,0,7,7,0,0.0,0,0,7,8,0,0.0,0,13.9,-0.3,0.79,Desistente,Desistente,1,1
Solteiro,Gestão de Publicidade e Marketing,Outro - 11º Ano de Escolaridade,133.1,Português,120.0,0,1,0,Masculino,0,0,0,6,13,0,0.0,0,0,6,6,0,0.0,0,15.5,2.8,-4.06,Desistente,Desistente,1,1
Solteiro,Gestão,Ensino Secundário,116.0,Português,124.8,0,0,1,Masculino,0,0,0,5,9,2,14.333333333333304,0,0,5,10,2,12.5,0,7.6,2.6,0.32,Matriculado,Matriculado,0,
Solteiro,Equincultura,Curso de Especialização Tecnológica,140.0,Português,140.0,0,0,1,Masculino,0,0,1,5,8,2,11.5,0,1,5,13,2,11.5,0,12.7,3.7,-1.7,Desistente,Desistente,1,1
Solteiro,Design de Animação e Multimédia,Ensino Secundário,140.0,Português,124.3,0,0,1,Masculino,0,0,0,0,0,0,0.0,0,0,0,0,0,0.0,0,7.6,2.6,0.32,Graduado,Graduado,0,0
Solteiro,Gestão,Ensino Secundário,122.0,Português,118.9,0,0,1,Masculino,0,0,0,5,11,2,10.5,0,0,5,13,0,0.0,0,12.7,3.7,-1.7,Desistente,Desistente,1,1
Solteiro,Gestão de Publicidade e Marketing,Ensino Secundário,141.0,Português,130.2,0,0,1,Masculino,0,0,0,6,6,6,13.5,0,0,6,0,0,0.0,0,12.7,3.7,-1.7,Desistente,Desistente,1,1
Solteiro,Agronomia,Ensino Secundário,120.0,Português,120.0,0,0,1,Masculino,0,0,0,6,17,1,11.0,0,0,6,19,0,0.0,0,16.2,0.3,-0.92,Matriculado,Matriculado,0,
União de Fato,Design de Comunicação,Ensino Superior - Licenciatura,140.0,Português,140.0,0,0,0,Masculino,0,0,0,6,6,1,10.0,0,0,6,6,0,0.0,0,15.5,2.8,-4.06,Desistente,Desistente,1,1
Solteiro,Agronomia,Outro - 11º Ano de Escolaridade,133.1,Português,130.0,0,0,1,Masculino,0,0,0,6,17,0,0.0,2,0,6,8,0,0.0,0,15.5,2.8,-4.06,Desistente,Desistente,1,1
Solteiro,Engenharia Informática,Ensino Secundário,137.0,Português,130.4,0,1,1,Masculino,0,0,0,5,10,1,12.0,0,0,5,7,3,10.666666666666602,2,7.6,2.6,0.32,Desistente,Desistente,1,1
Solteiro,Gestão de Publicidade e Marketing,Ensino Secundário,122.0,Português,116.1,0,0,1,Masculino,1,0,0,5,6,4,12.25,0,0,5,5,5,12.2,0,9.4,-0.8,-3.12,Desistente,Desistente,1,1
Solteiro,Agronomia,Curso de Especialização Tecnológica,130.0,Português,130.0,0,0,1,Masculino,0,0,4,10,21,5,11.4,1,2,7,13,6,11.666666666666602,0,15.5,2.8,-4.06,Desistente,Desistente,1,1
Solteiro,Gestão (presencial noturno),Ensino Secundário,140.0,Português,124.3,0,0,0,Masculino,0,0,0,5,5,0,0.0,0,0,5,5,0,0.0,0,12.7,3.7,-1.7,Desistente,Desistente,1,1
Solteiro,Gestão de Publicidade e Marketing,Ensino Secundário,125.0,Português,125.0,0,0,1,Masculino,0,0,0,6,8,4,14.25,0,0,6,10,5,14.0,0,10.8,1.4,1.74,Graduado,Graduado,0,0
Solteiro,Serviço Social (prestação nocturna),Ensino Superior - Licenciatura,110.0,Português,110.0,0,0,1,Masculino,0,0,8,12,12,11,14.4545454545454,0,7,11,11,10,14.2,0,11.1,0.6,2.02,Graduado,Graduado,0,0
Solteiro,Agronomia,Ensino Secundário,133.1,Português,115.0,0,1,1,Masculino,0,0,8,12,13,12,14.5384615384615,0,4,12,14,12,14.4615384615384,0,15.5,2.8,-4.06,Graduado,Graduado,0,0
Solteiro,Enfermagem,Ensino Secundário,132.0,Português,129.6,1,0,1,Masculino,0,0,0,7,10,6,12.733333333333302,0,0,8,10,7,11.95,0,16.2,0.3,-0.92,Graduado,Graduado,0,0
Solteiro,Design de Comunicação,Ensino Secundário,122.0,Português,128.8,0,0,1,Masculino,0,0,4,12,13,5,13.2,0,4,12,12,4,13.5,0,8.9,1.4,3.51,Desistente,Desistente,1,1
Solteiro,Design de Animação e Multimédia,Ensino Secundário,155.0,Português,144.2,0,0,1,Masculino,0,0,0,0,0,0,0.0,0,0,0,0,0,0.0,0,12.7,3.7,-1.7,Graduado,Graduado,0,0
Casado,Serviço Social,Ensino Secundário,120.0,Português,134.0,0,0,1,Masculino,1,0,0,6,7,6,12.333333333333304,0,0,6,10,4,12.75,0,8.9,1.4,3.51,Desistente,Desistente,1,1
Solteiro,Gestão,Ensino Secundário,129.0,Português,112.0,0,0,1,Masculino,0,0,5,9,9,5,11.2,0,5,9,14,7,11.25,2,12.7,3.7,-1.7,Desistente,Desistente,1,1
Solteiro,Enfermagem,Ensino Secundário,144.0,Português,128.8,0,0,1,Masculino,0,0,0,7,7,6,13.2,0,0,7,7,6,13.2,0,7.6,2.6,0.32,Graduado,Graduado,0,0
Solteiro,Engenharia Informática,Ensino Secundário,130.0,Português,134.0,0,0,1,Masculino,1,0,0,5,8,5,11.833333333333304,0,0,5,8,4,14.0,0,12.7,3.7,-1.7,Matriculado,Matriculado,0,
Solteiro,Turismo,Ensino Secundário,133.1,Português,125.0,0,0,1,Masculino,0,0,0,6,10,5,11.333333333333304,0,0,6,14,2,11.5,0,12.7,3.7,-1.7,Matriculado,Matriculado,0,
Solteiro,Engenharia Informática,Ensino Secundário,133.0,Português,123.2,0,0,1,Masculino,0,0,0,5,5,5,13.6,0,0,5,6,5,14.6,0,8.9,1.4,3.51,Graduado,Graduado,0,0
Solteiro,Engenharia Informática,Ensino Secundário,131.0,Português,118.4,0,0,1,Masculino,0,0,0,5,10,0,0.0,0,0,5,10,2,11.5,4,7.6,2.6,0.32,Desistente,Desistente,1,1
Solteiro,Gestão de Publicidade e Marketing,Ensino Secundário,133.1,Português,116.2,0,0,1,Masculino,0,0,0,6,11,5,12.857142857142804,0,0,6,12,5,13.6666666666666,0,11.1,0.6,2.02,Desistente,Desistente,1,1
Solteiro,Engenharia Informática,Ensino Secundário,133.1,Português,123.0,0,0,1,Masculino,1,0,0,5,16,3,14.333333333333304,0,0,5,9,5,12.428571428571399,0,9.4,-0.8,-3.12,Matriculado,Matriculado,0,
Solteiro,Gestão de Publicidade e Marketing,Ensino Secundário,118.0,Português,113.5,0,0,1,Feminino,1,0,0,6,9,5,13.5,0,0,6,6,6,14.0,0,12.4,0.5,1.79,Graduado,Graduado,0,0
Solteiro,Enfermagem Veterinária,Ensino Superior - Licenciatura (1º Ciclo),120.0,Português,125.0,0,0,1,Feminino,0,0,0,6,8,6,14.428571428571399,0,0,6,12,4,15.6,0,11.1,0.6,2.02,Matriculado,Matriculado,0,
Solteiro,Ensino Básico,Ensino Secundário,133.1,Português,134.8,0,0,1,Feminino,0,0,0,6,12,0,0.0,0,0,6,12,0,0.0,0,7.6,2.6,0.32,Desistente,Desistente,1,1
Solteiro,Design de Animação e Multimédia,Ensino Secundário,145.0,Português,149.9,0,0,0,Feminino,0,0,0,0,0,0,0.0,0,0,0,0,0,0.0,0,16.2,0.3,-0.92,Graduado,Graduado,0,0
Solteiro,Enfermagem,Ensino Secundário,125.0,Português,119.8,0,0,1,Feminino,1,0,0,8,8,8,12.82875,0,0,8,8,8,12.82875,0,9.4,-0.8,-3.12,Graduado,Graduado,0,0
Solteiro,Equincultura,Ensino Secundário,125.0,Português,125.0,0,0,1,Feminino,0,0,0,5,6,0,0.0,5,0,5,6,4,13.75,1,10.8,1.4,1.74,Graduado,Graduado,0,0
Solteiro,Enfermagem,Ensino Secundário,148.0,Português,135.1,0,1,1,Feminino,0,0,0,7,0,0,0.0,0,0,8,0,0,0.0,0,13.9,-0.3,0.79,Desistente,Desistente,1,1
Solteiro,Design de Comunicação,Ensino Secundário,139.0,Português,138.3,0,0,1,Feminino,0,0,0,6,6,6,14.6666666666666,0,0,6,6,6,13.1666666666666,0,9.4,-0.8,-3.12,Graduado,Graduado,0,0
Solteiro,Enfermagem,Ensino Secundário,130.0,Português,122.5,0,0,1,Feminino,0,0,0,8,8,7,13.937142857142799,0,0,8,8,7,13.937142857142799,0,10.8,1.4,1.74,Graduado,Graduado,0,0
Solteiro,Design de Comunicação,Ensino Secundário,148.0,Português,148.0,0,0,1,Feminino,0,0,7,12,12,10,14.7,0,8,12,12,12,14.583333333333304,0,15.5,2.8,-4.06,Graduado,Graduado,0,0
Solteiro,Jornalismo e Comunicação,Ensino Secundário,130.0,Português,126.2,0,0,1,Feminino,0,0,0,6,6,6,11.666666666666602,0,0,6,6,5,12.2,0,12.7,3.7,-1.7,Graduado,Graduado,0,0
Solteiro,Enfermagem,Frequência do Ensino Superior,134.0,Português,129.8,0,0,1,Feminino,0,0,0,7,7,6,14.85,0,0,7,7,6,14.85,0,7.6,2.6,0.32,Graduado,Graduado,0,0
Solteiro,Enfermagem Veterinária,Ensino Básico (3º Ciclo),133.1,Português,104.0,0,0,1,Feminino,0,0,0,5,11,1,12.0,1,0,5,12,0,0.0,4,10.8,1.4,1.74,Desistente,Desistente,1,1
Solteiro,Enfermagem,Ensino Secundário,137.0,Português,126.7,0,0,1,Feminino,0,0,0,7,8,7,13.6875,0,0,8,9,8,15.6222222222222,0,13.9,-0.3,0.79,Desistente,Desistente,1,1
Solteiro,Serviço Social (prestação nocturna),Ensino Secundário,130.0,Português,120.0,0,0,1,Feminino,0,0,0,6,14,5,12.4,0,0,6,10,5,11.6,0,9.4,-0.8,-3.12,Graduado,Graduado,0,0
Solteiro,Enfermagem,Ensino Secundário,137.0,Português,124.6,0,0,1,Feminino,0,0,0,7,10,7,13.398,0,0,8,8,8,13.5425,0,15.5,2.8,-4.06,Graduado,Graduado,0,0
Solteiro,Enfermagem Veterinária,Ensino Secundário,130.0,Português,130.0,0,0,1,Feminino,0,0,0,6,13,5,11.8,0,0,6,19,4,12.0,0,12.4,0.5,1.79,Matriculado,Matriculado,0,
Solteiro,Gestão (presencial noturno),Ensino Secundário,140.0,Português,127.3,0,0,1,Feminino,0,0,0,5,0,0,0.0,0,0,5,0,0,0.0,0,11.1,0.6,2.02,Desistente,Desistente,1,1
Solteiro,Gestão,Ensino Secundário,150.0,Português,122.0,0,0,1,Feminino,0,0,13,15,19,13,11.769230769230697,0,12,14,17,14,11.928571428571399,0,9.4,-0.8,-3.12,Graduado,Graduado,0,0
Solteiro,Serviço Social,Ensino Superior - Licenciatura,130.0,Português,125.1,0,1,0,Feminino,0,0,0,6,8,0,0.0,0,0,5,6,0,0.0,0,16.2,0.3,-0.92,Desistente,Desistente,1,1
Solteiro,Enfermagem Veterinária,Ensino Secundário,133.1,Português,110.0,0,0,1,Feminino,1,0,0,6,8,6,13.285714285714198,0,0,6,11,6,13.0,0,11.1,0.6,2.02,Graduado,Graduado,0,0
Solteiro,Serviço Social,Ensino Secundário,134.0,Português,129.8,0,0,1,Feminino,1,0,0,6,6,6,11.666666666666602,0,0,6,8,6,11.166666666666602,0,15.5,2.8,-4.06,Graduado,Graduado,0,0
Solteiro,Serviço Social,Ensino Secundário,125.0,Português,114.9,0,0,1,Feminino,1,0,0,6,13,6,11.5,0,0,6,9,5,12.2,0,11.1,0.6,2.02,Graduado,Graduado,0,0
Solteiro,Enfermagem,Ensino Secundário,141.0,Português,125.6,0,0,1,Feminino,1,0,0,7,9,6,13.081666666666601,0,0,8,12,6,13.15,0,11.1,0.6,2.02,Graduado,Graduado,0,0
Solteiro,Design de Comunicação,Ensino Secundário,138.0,Português,125.1,0,0,1,Feminino,1,0,0,6,6,6,12.666666666666602,0,0,6,6,6,13.0,0,15.5,2.8,-4.06,Graduado,Graduado,0,0
Solteiro,Jornalismo e Comunicação,Ensino Secundário,116.0,Português,115.7,0,1,0,Feminino,0,0,0,6,6,3,11.333333333333304,0,0,6,6,0,0.0,0,12.4,0.5,1.79,Desistente,Desistente,1,1
Solteiro,Ensino Básico,Ensino Secundário,122.0,Português,112.6,0,0,1,Feminino,0,0,0,6,8,5,13.6,0,0,6,8,5,11.6,0,7.6,2.6,0.32,Matriculado,Matriculado,0,
Solteiro,Jornalismo e Comunicação,Ensino Secundário,131.0,Português,127.2,0,0,1,Feminino,1,0,0,6,6,6,13.1666666666666,0,0,6,7,5,13.2,0,12.4,0.5,1.79,Desistente,Desistente,1,1
Solteiro,Equincultura,Curso de Especialização Tecnológica,140.0,Português,140.0,0,0,1,Feminino,0,0,0,6,0,0,0.0,0,0,6,0,0,0.0,0,12.7,3.7,-1.7,Desistente,Desistente,1,1
Solteiro,Agronomia,Curso de Especialização Tecnológica,140.0,Português,140.0,0,0,1,Feminino,0,0,0,6,10,5,11.666666666666602,0,0,6,7,5,12.6,0,12.4,0.5,1.79,Graduado,Graduado,0,0
Solteiro,Serviço Social,Ensino Secundário,127.0,Português,120.4,0,0,1,Feminino,1,0,0,6,6,6,13.5,0,0,6,7,6,13.428571428571399,0,11.1,0.6,2.02,Graduado,Graduado,0,0
Solteiro,Enfermagem Veterinária,Ensino Básico (3º Ciclo),133.1,Português,100.0,0,1,0,Feminino,1,0,0,6,7,0,0.0,0,0,6,6,0,0.0,0,13.9,-0.3,0.79,Desistente,Desistente,1,1
Solteiro,Serviço Social,Ensino Secundário,117.0,Português,113.5,0,0,1,Feminino,1,0,0,6,6,6,13.1666666666666,0,0,6,7,6,14.142857142857096,0,11.1,0.6,2.02,Graduado,Graduado,0,0
Solteiro,Enfermagem Veterinária,Ensino Secundário,150.0,Português,132.1,0,1,1,Feminino,0,0,4,5,11,4,12.5,2,1,5,11,2,12.5,0,12.7,3.7,-1.7,Desistente,Desistente,1,1
Solteiro,Agronomia,Curso de Especialização Tecnológica,160.0,Português,160.0,0,0,0,Feminino,0,0,0,6,10,6,13.375,0,0,6,10,6,13.0,0,16.2,0.3,-0.92,Graduado,Graduado,0,0
Solteiro,Design de Comunicação,Ensino Secundário,128.0,Português,126.3,0,0,1,Feminino,0,0,0,6,6,6,13.1666666666666,0,0,6,6,6,12.666666666666602,0,15.5,2.8,-4.06,Graduado,Graduado,0,0
Solteiro,Enfermagem Veterinária,Curso de Especialização Tecnológica,160.0,Português,160.0,0,0,1,Feminino,0,0,1,6,12,4,13.4,0,1,6,17,2,13.5,0,12.4,0.5,1.79,Matriculado,Matriculado,0,
Solteiro,Higiene Oral,Ensino Secundário,126.0,Português,100.0,0,0,1,Feminino,0,0,2,7,10,3,13.0,0,1,8,10,3,11.666666666666602,4,10.8,1.4,1.74,Matriculado,Matriculado,0,
Solteiro,Enfermagem,Ensino Secundário,135.0,Português,125.8,0,0,1,Feminino,0,0,0,8,8,7,13.1542857142857,0,0,8,8,7,13.1542857142857,0,10.8,1.4,1.74,Graduado,Graduado,0,0
Solteiro,Design de Comunicação,Ensino Secundário,139.0,Português,142.2,0,0,1,Feminino,1,0,0,6,6,6,12.833333333333304,0,0,6,6,6,12.833333333333304,0,9.4,-0.8,-3.12,Graduado,Graduado,0,0
Solteiro,Ensino Básico,Ensino Secundário,125.0,Português,119.4,0,0,1,Feminino,0,0,0,7,10,7,12.142857142857096,0,0,7,7,7,13.142857142857096,0,12.4,0.5,1.79,Graduado,Graduado,0,0
Solteiro,Enfermagem,Ensino Secundário,106.0,Português,106.4,0,0,1,Feminino,1,0,0,7,9,5,13.34,0,0,7,9,6,12.385714285714197,0,12.4,0.5,1.79,Matriculado,Matriculado,0,
Solteiro,Serviço Social (prestação nocturna),Ensino Superior - Licenciatura (1º Ciclo),120.0,Português,120.0,0,0,1,Feminino,0,0,6,10,15,4,13.0,0,5,9,10,4,13.75,0,8.9,1.4,3.51,Desistente,Desistente,1,1
Solteiro,Agronomia,Curso de Especialização Tecnológica,150.0,Português,150.0,0,0,1,Masculino,1,0,0,6,18,3,12.0,0,0,6,17,3,11.666666666666602,0,15.5,2.8,-4.06,Matriculado,Matriculado,0,
Solteiro,Design de Animação e Multimédia,Ensino Secundário,130.0,Brasileiro,148.6,0,0,1,Masculino,0,1,0,0,0,0,0.0,0,0,0,0,0,0.0,0,11.1,0.6,2.02,Desistente,Desistente,1,1
Solteiro,Serviço Social,Ensino Secundário,116.0,Português,108.7,0,0,1,Masculino,0,0,0,6,9,5,11.0,0,0,6,12,0,0.0,0,11.1,0.6,2.02,Desistente,Desistente,1,1
Solteiro,Agronomia,Curso de Especialização Tecnológica,130.0,Português,130.0,0,0,1,Masculino,0,0,0,6,8,5,11.5,0,0,6,11,6,11.333333333333304,0,12.4,0.5,1.79,Matriculado,Matriculado,0,
Solteiro,Serviço Social,Ensino Secundário,140.0,Português,124.6,0,1,0,Masculino,0,0,3,9,9,3,13.333333333333304,0,2,6,6,2,12.5,0,8.9,1.4,3.51,Desistente,Desistente,1,1
Solteiro,Enfermagem,Ensino Secundário,134.0,Português,131.0,0,0,1,Masculino,0,0,0,7,9,7,14.594444444444397,0,0,8,10,8,13.472,0,15.5,2.8,-4.06,Graduado,Graduado,0,0
Solteiro,Equincultura,Curso de Especialização Tecnológica,130.0,Português,130.0,0,1,1,Masculino,0,0,2,6,9,4,11.0,0,1,6,13,3,10.666666666666602,0,12.4,0.5,1.79,Desistente,Desistente,1,1
Solteiro,Engenharia Informática,Ensino Secundário,122.0,Português,116.1,0,1,0,Masculino,0,0,0,5,8,0,0.0,0,0,5,5,0,0.0,0,9.4,-0.8,-3.12,Desistente,Desistente,1,1
Solteiro,Jornalismo e Comunicação,Ensino Secundário,128.0,Português,125.6,0,0,1,Masculino,0,0,0,6,6,0,0.0,0,0,6,0,0,0.0,0,8.9,1.4,3.51,Desistente,Desistente,1,1
Solteiro,Engenharia Informática,Ensino Secundário,130.0,Português,121.3,0,0,1,Masculino,0,0,0,5,9,1,12.0,0,0,5,10,2,12.0,3,7.6,2.6,0.32,Desistente,Desistente,1,1
Solteiro,Engenharia Informática,Ensino Secundário,113.0,Português,107.4,0,0,1,Masculino,0,0,0,5,8,5,14.0,0,0,5,6,5,13.2,0,8.9,1.4,3.51,Graduado,Graduado,0,0
Solteiro,Turismo,Ensino Secundário,126.0,Português,116.9,0,0,1,Masculino,0,0,0,6,8,6,13.571428571428504,0,0,6,7,5,11.8,0,8.9,1.4,3.51,Graduado,Graduado,0,0
Solteiro,Gestão de Publicidade e Marketing,Ensino Secundário,135.0,Português,123.5,0,0,1,Masculino,0,0,0,6,12,0,0.0,0,0,6,6,0,0.0,0,16.2,0.3,-0.92,Desistente,Desistente,1,1
Solteiro,Gestão de Publicidade e Marketing,Ensino Secundário,141.0,Português,130.5,0,0,1,Masculino,0,0,0,6,8,6,14.25,0,0,6,7,6,13.8571428571428,0,11.1,0.6,2.02,Graduado,Graduado,0,0
Casado,Enfermagem Veterinária,Outro - 11º Ano de Escolaridade,133.1,Português,140.0,0,1,0,Feminino,0,0,0,6,7,0,0.0,0,0,6,6,0,0.0,0,13.9,-0.3,0.79,Desistente,Desistente,1,1
Solteiro,Ensino Básico,Ensino Secundário,133.1,Português,117.1,0,0,1,Feminino,1,0,0,6,12,0,0.0,0,0,6,12,0,0.0,0,7.6,2.6,0.32,Desistente,Desistente,1,1
Solteiro,Enfermagem,Ensino Secundário,144.0,Português,127.5,0,0,1,Feminino,1,0,0,8,8,7,13.542857142857097,0,0,8,8,7,13.542857142857097,0,12.7,3.7,-1.7,Graduado,Graduado,0,0
Divorciado,Serviço Social (prestação nocturna),Ensino Secundário,140.0,Português,126.0,0,0,1,Feminino,1,0,3,9,9,9,13.1111111111111,0,2,7,10,7,11.714285714285698,0,12.7,3.7,-1.7,Graduado,Graduado,0,0
Solteiro,Serviço Social (prestação nocturna),11º Ano de Escolaridade - Não Concluído,100.0,Português,113.0,0,0,1,Feminino,0,0,3,9,11,9,12.666666666666602,0,2,7,7,7,12.142857142857096,0,7.6,2.6,0.32,Graduado,Graduado,0,0
Solteiro,Gestão,Ensino Secundário,135.0,Português,130.1,0,0,1,Feminino,0,0,0,5,10,4,10.75,1,0,5,13,2,10.0,0,9.4,-0.8,-3.12,Desistente,Desistente,1,1
Casado,Gestão (presencial noturno),Ensino Secundário,130.0,Português,110.0,0,0,1,Feminino,0,0,4,10,14,4,10.75,0,2,10,10,2,10.0,0,7.6,2.6,0.32,Desistente,Desistente,1,1
Solteiro,Design de Comunicação,Ensino Secundário,147.0,Português,135.8,0,0,1,Feminino,0,0,0,6,6,6,13.6666666666666,0,0,6,6,6,13.333333333333304,0,9.4,-0.8,-3.12,Graduado,Graduado,0,0
Solteiro,Serviço Social (prestação nocturna),Ensino Básico (3º Ciclo),149.0,Português,126.3,0,0,1,Feminino,0,0,0,6,6,6,13.833333333333304,0,1,6,6,6,12.833333333333304,0,7.6,2.6,0.32,Graduado,Graduado,0,0
Divorciado,Design de Comunicação,Ensino Superior - Licenciatura,130.0,Português,130.0,0,0,1,Feminino,0,0,15,18,18,17,13.176470588235201,0,13,18,18,16,13.0,0,7.6,2.6,0.32,Desistente,Desistente,1,1
Casado,Serviço Social (prestação nocturna),Ensino Secundário,120.0,Português,104.0,0,0,1,Feminino,0,0,0,6,8,4,12.75,0,0,6,12,5,12.6,0,7.6,2.6,0.32,Desistente,Desistente,1,1
Solteiro,Enfermagem,Ensino Secundário,125.0,Português,123.6,0,0,1,Feminino,1,0,0,7,8,5,12.86,0,0,7,8,5,12.86,0,7.6,2.6,0.32,Matriculado,Matriculado,0,
Solteiro,Serviço Social (prestação nocturna),Ensino Secundário,133.1,Português,121.0,0,1,0,Feminino,0,0,2,8,12,4,12.0,2,2,7,9,4,12.0,2,8.9,1.4,3.51,Desistente,Desistente,1,1
Solteiro,Serviço Social,Ensino Secundário,149.0,Português,130.5,0,0,1,Feminino,0,0,8,11,11,9,11.666666666666602,0,8,11,13,9,12.5555555555555,0,10.8,1.4,1.74,Graduado,Graduado,0,0
Solteiro,Serviço Social (prestação nocturna),Ensino Superior - Mestrado (2º Ciclo),180.0,Português,180.0,0,0,1,Feminino,0,0,12,14,14,14,16.5,0,8,11,11,11,16.9090909090909,0,8.9,1.4,3.51,Graduado,Graduado,0,0
Solteiro,Serviço Social,Ensino Secundário,110.0,Português,112.5,0,0,1,Feminino,0,0,8,10,14,9,12.333333333333304,0,3,7,10,7,11.7777777777777,0,7.6,2.6,0.32,Graduado,Graduado,0,0
Solteiro,Enfermagem,Ensino Secundário,131.0,Português,126.1,0,0,1,Feminino,0,0,0,7,8,7,12.591249999999999,0,0,8,11,7,12.819999999999999,0,15.5,2.8,-4.06,Matriculado,Matriculado,0,
Solteiro,Serviço Social,Ensino Secundário,117.0,Português,111.8,0,0,1,Masculino,0,0,0,6,9,4,11.5,0,0,6,12,3,11.0,0,8.9,1.4,3.51,Desistente,Desistente,1,1
Solteiro,Agronomia,Ensino Secundário,120.0,Português,131.4,0,0,1,Masculino,1,0,17,18,19,18,11.8947368421052,0,12,13,13,13,12.9230769230769,0,15.5,2.8,-4.06,Graduado,Graduado,0,0
Solteiro,Serviço Social,Ensino Secundário,160.0,Português,144.3,0,0,1,Masculino,0,0,0,6,0,0,0.0,0,0,6,0,0,0.0,0,13.9,-0.3,0.79,Desistente,Desistente,1,1
Solteiro,Turismo,Ensino Secundário,100.0,Português,115.0,0,0,0,Masculino,0,0,0,6,0,0,0.0,0,0,6,0,0,0.0,0,11.1,0.6,2.02,Desistente,Desistente,1,1
Solteiro,Agronomia,Curso de Especialização Tecnológica,140.0,Português,120.0,0,0,1,Masculino,0,0,0,6,13,5,13.0,0,0,6,13,2,11.5,0,12.4,0.5,1.79,Matriculado,Matriculado,0,
Solteiro,Agronomia,Ensino Secundário,160.0,Português,168.6,0,0,1,Masculino,0,0,0,6,9,0,0.0,0,0,6,6,0,0.0,0,13.9,-0.3,0.79,Desistente,Desistente,1,1
Solteiro,Jornalismo e Comunicação,Ensino Secundário,141.0,Português,127.7,0,0,1,Masculino,0,0,0,6,6,6,15.1666666666666,0,0,6,6,6,14.833333333333304,0,9.4,-0.8,-3.12,Graduado,Graduado,0,0
Solteiro,Equincultura,Curso de Especialização Tecnológica,130.0,Português,150.0,0,0,1,Masculino,0,0,2,6,8,4,11.75,0,1,6,8,2,13.5,0,11.1,0.6,2.02,Desistente,Desistente,1,1
Solteiro,Engenharia Informática,Ensino Secundário,142.0,Português,129.8,0,0,1,Masculino,0,0,0,5,5,0,0.0,0,0,5,6,1,15.0,0,10.8,1.4,1.74,Matriculado,Matriculado,0,
Solteiro,Design de Animação e Multimédia,Ensino Secundário,130.0,Português,135.6,0,0,1,Masculino,0,0,0,0,0,0,0.0,0,0,0,0,0,0.0,0,11.1,0.6,2.02,Desistente,Desistente,1,1
Solteiro,Turismo,Ensino Básico (3º Ciclo),133.1,Português,100.0,0,0,1,Masculino,0,0,0,6,11,3,11.333333333333304,0,0,6,10,3,14.75,0,16.2,0.3,-0.92,Desistente,Desistente,1,1
Solteiro,Agronomia,Curso de Especialização Tecnológica,140.0,Português,140.0,0,0,1,Masculino,1,0,0,6,10,5,12.6,0,0,6,6,5,13.2,0,12.4,0.5,1.79,Graduado,Graduado,0,0
Solteiro,Engenharia Informática,Ensino Secundário,129.0,Português,124.1,0,0,1,Masculino,0,0,0,5,10,0,0.0,0,0,5,10,1,14.0,3,7.6,2.6,0.32,Desistente,Desistente,1,1
Solteiro,Enfermagem Veterinária,Ensino Secundário,148.0,Português,131.6,0,0,1,Masculino,1,0,0,6,8,6,15.5,0,0,6,9,4,15.5,0,11.1,0.6,2.02,Desistente,Desistente,1,1
Solteiro,Enfermagem,Ensino Secundário,143.0,Português,129.0,0,0,1,Masculino,0,0,0,8,8,7,12.365714285714198,0,0,8,8,7,12.365714285714198,0,10.8,1.4,1.74,Graduado,Graduado,0,0
Solteiro,Gestão de Publicidade e Marketing,Ensino Secundário,128.0,Português,135.7,0,0,1,Masculino,0,0,0,6,7,5,13.2,0,0,6,10,5,13.25,0,10.8,1.4,1.74,Matriculado,Matriculado,0,
Solteiro,Design de Comunicação,Ensino Secundário,100.0,Português,108.0,0,0,1,Masculino,0,0,7,12,12,7,11.428571428571399,0,4,12,12,7,11.857142857142803,0,7.6,2.6,0.32,Matriculado,Matriculado,0,
Solteiro,Serviço Social,Ensino Secundário,116.0,Português,110.8,0,0,1,Masculino,0,0,0,6,0,0,0.0,0,0,6,0,0,0.0,0,16.2,0.3,-0.92,Desistente,Desistente,1,1
Solteiro,Jornalismo e Comunicação,Ensino Secundário,128.0,Português,124.5,0,0,1,Masculino,1,0,0,6,10,4,14.0,0,0,6,9,6,12.333333333333304,0,9.4,-0.8,-3.12,Graduado,Graduado,0,0
Casado,Agronomia,Ensino Secundário,120.0,Português,100.0,0,0,1,Masculino,0,0,3,12,12,3,12.0,0,5,12,16,5,11.8,0,15.5,2.8,-4.06,Desistente,Desistente,1,1
Solteiro,Jornalismo e Comunicação,Ensino Secundário,121.0,Português,123.8,0,0,0,Masculino,0,0,0,4,4,0,0.0,4,0,5,8,3,12.0,0,10.8,1.4,1.74,Desistente,Desistente,1,1
Solteiro,Gestão,Ensino Secundário,137.0,Português,131.4,0,0,0,Masculino,0,0,0,5,13,4,10.0,0,0,5,7,3,11.333333333333304,0,15.5,2.8,-4.06,Desistente,Desistente,1,1
Solteiro,Gestão,Ensino Secundário,115.0,Português,118.5,0,0,1,Masculino,0,0,0,5,9,1,10.0,0,0,5,10,1,10.0,0,7.6,2.6,0.32,Desistente,Desistente,1,1
Solteiro,Design de Animação e Multimédia,Ensino Secundário,129.0,Português,122.0,0,0,0,Masculino,0,0,0,0,0,0,0.0,0,0,0,0,0,0.0,0,7.6,2.6,0.32,Desistente,Desistente,1,1
Solteiro,Turismo,Ensino Secundário,125.0,Português,122.9,0,0,1,Masculino,1,0,0,6,7,6,11.166666666666602,0,0,6,12,3,11.666666666666602,0,10.8,1.4,1.74,Matriculado,Matriculado,0,
Solteiro,Serviço Social,Ensino Secundário,125.0,Português,118.7,0,0,1,Masculino,0,0,0,6,12,4,11.75,0,0,6,13,3,11.333333333333304,0,15.5,2.8,-4.06,Matriculado,Matriculado,0,
Solteiro,Agronomia,Ensino Básico (3º Ciclo),133.1,Português,100.0,0,0,1,Masculino,0,0,0,6,13,3,11.75,0,0,6,10,0,0.0,0,13.9,-0.3,0.79,Desistente,Desistente,1,1
Solteiro,Gestão,Ensino Secundário,131.0,Português,135.9,0,0,1,Masculino,0,0,0,5,8,1,10.0,0,0,5,7,1,11.0,0,7.6,2.6,0.32,Desistente,Desistente,1,1
Solteiro,Equincultura,Ensino Secundário,133.1,Português,138.4,0,0,1,Masculino,0,0,0,5,8,3,14.0,0,0,5,5,5,12.8,0,7.6,2.6,0.32,Graduado,Graduado,0,0
Solteiro,Enfermagem Veterinária,Outro - 11º Ano de Escolaridade,133.1,Português,128.2,0,1,0,Masculino,0,0,0,5,5,0,0.0,0,0,5,5,0,0.0,0,7.6,2.6,0.32,Desistente,Desistente,1,1
Solteiro,Jornalismo e Comunicação,Ensino Secundário,114.0,Português,107.4,0,0,0,Masculino,0,0,0,6,12,3,12.0,0,0,6,15,0,0.0,0,9.4,-0.8,-3.12,Desistente,Desistente,1,1
Solteiro,Jornalismo e Comunicação,Ensino Secundário,127.0,Português,129.8,0,0,0,Masculino,0,0,0,6,10,0,0.0,0,0,5,10,0,0.0,0,10.8,1.4,1.74,Desistente,Desistente,1,1
Solteiro,Agronomia,Ensino Secundário,130.0,Português,100.0,0,1,0,Masculino,0,0,4,10,19,8,11.8888888888888,0,2,8,17,5,11.6,1,15.5,2.8,-4.06,Desistente,Desistente,1,1
Solteiro,Jornalismo e Comunicação,Ensino Secundário,121.0,Português,113.0,0,0,1,Masculino,0,0,0,6,6,6,13.833333333333304,0,0,6,6,6,13.6666666666666,0,11.1,0.6,2.02,Graduado,Graduado,0,0
Solteiro,Gestão (presencial noturno),Ensino Secundário,120.0,Português,107.0,0,0,0,Masculino,0,0,0,5,5,0,0.0,0,0,5,5,0,0.0,0,12.7,3.7,-1.7,Desistente,Desistente,1,1
Divorciado,Jornalismo e Comunicação,Outro - 11º Ano de Escolaridade,120.0,Português,130.0,0,0,0,Masculino,0,0,0,6,8,5,11.4,0,0,6,9,5,12.4,0,10.8,1.4,1.74,Desistente,Desistente,1,1
Solteiro,Agronomia,Ensino Secundário,120.0,Português,120.0,0,0,1,Masculino,0,0,0,6,8,0,0.0,0,1,6,8,2,11.0,0,16.2,0.3,-0.92,Desistente,Desistente,1,1
Casado,Agronomia,Ensino Secundário,120.0,Português,120.5,0,1,1,Masculino,0,0,14,17,17,14,10.642857142857101,1,12,12,12,12,10.666666666666602,0,15.5,2.8,-4.06,Desistente,Desistente,1,1
Solteiro,Serviço Social,Ensino Secundário,133.1,Português,120.5,0,0,0,Masculino,0,0,0,6,10,2,11.0,0,0,6,12,0,0.0,0,7.6,2.6,0.32,Desistente,Desistente,1,1
Solteiro,Jornalismo e Comunicação,Ensino Secundário,124.0,Português,137.0,0,0,1,Masculino,0,0,0,6,6,6,16.833333333333304,0,0,6,6,6,16.6666666666666,0,8.9,1.4,3.51,Graduado,Graduado,0,0
Solteiro,Turismo,Ensino Secundário,150.0,Português,115.0,0,0,1,Masculino,0,0,0,6,8,6,13.571428571428504,0,0,6,9,5,13.2,0,12.7,3.7,-1.7,Graduado,Graduado,0,0
Solteiro,Gestão (presencial noturno),Ensino Básico (3º Ciclo),133.1,Português,142.7,0,1,1,Masculino,1,0,0,5,11,5,14.714285714285703,0,0,5,14,5,14.375,5,16.2,0.3,-0.92,Graduado,Graduado,0,0
Solteiro,Gestão de Publicidade e Marketing,Ensino Secundário,116.0,Português,116.7,0,0,1,Masculino,0,0,0,5,8,0,0.0,0,0,5,5,0,0.0,0,9.4,-0.8,-3.12,Desistente,Desistente,1,1
Solteiro,Gestão (presencial noturno),Ensino Secundário,133.1,Português,136.1,0,0,1,Masculino,1,0,0,5,14,1,10.0,0,0,5,14,1,11.0,0,13.9,-0.3,0.79,Desistente,Desistente,1,1
Solteiro,Agronomia,Ensino Básico (3º Ciclo),133.1,Português,134.3,0,0,1,Masculino,0,0,0,6,15,1,11.0,0,0,6,13,4,11.75,0,12.4,0.5,1.79,Desistente,Desistente,1,1
Solteiro,Jornalismo e Comunicação,Ensino Secundário,167.0,Português,153.0,0,0,1,Masculino,1,0,0,6,6,1,11.0,0,0,6,0,0,0.0,0,8.9,1.4,3.51,Desistente,Desistente,1,1
Solteiro,Jornalismo e Comunicação,Ensino Secundário,140.0,Português,132.0,0,0,1,Masculino,1,0,0,6,6,5,12.0,0,0,6,6,6,12.833333333333304,0,12.7,3.7,-1.7,Graduado,Graduado,0,0
Solteiro,Serviço Social,Ensino Secundário,124.0,Português,129.6,0,0,1,Masculino,0,0,0,6,10,6,11.125,0,0,6,7,6,11.857142857142803,0,7.6,2.6,0.32,Graduado,Graduado,0,0
Solteiro,Enfermagem Veterinária,Ensino Secundário,110.0,Português,105.0,0,1,0,Masculino,0,0,2,6,13,3,11.333333333333304,0,0,6,8,2,11.5,0,13.9,-0.3,0.79,Desistente,Desistente,1,1
Solteiro,Jornalismo e Comunicação,Ensino Secundário,150.0,Português,130.8,0,0,1,Masculino,0,0,0,6,15,2,12.0,0,0,6,12,0,0.0,0,10.8,1.4,1.74,Desistente,Desistente,1,1
Solteiro,Enfermagem,Ensino Secundário,123.0,Português,119.7,0,0,1,Masculino,0,0,0,7,8,0,0.0,1,0,7,7,0,0.0,0,13.9,-0.3,0.79,Desistente,Desistente,1,1
Solteiro,Enfermagem,Ensino Secundário,152.0,Português,132.5,0,0,1,Masculino,0,0,0,8,8,7,14.54,0,0,8,8,7,14.54,0,10.8,1.4,1.74,Graduado,Graduado,0,0
Solteiro,Agronomia,Curso de Especialização Tecnológica,130.0,Português,130.0,0,0,1,Masculino,0,0,0,6,9,6,12.166666666666602,0,0,6,14,4,13.0,0,12.4,0.5,1.79,Graduado,Graduado,0,0
Solteiro,Enfermagem Veterinária,Ensino Secundário,133.1,Português,120.0,0,1,0,Masculino,0,0,0,5,13,4,13.5,1,0,5,12,3,11.666666666666602,1,9.4,-0.8,-3.12,Desistente,Desistente,1,1
Solteiro,Gestão de Publicidade e Marketing,Ensino Secundário,133.1,Português,150.0,0,0,1,Masculino,0,0,0,6,8,6,14.75,0,0,6,9,5,14.333333333333304,0,11.1,0.6,2.02,Graduado,Graduado,0,0
Solteiro,Gestão,Ensino Secundário,124.0,Português,115.6,0,0,1,Masculino,1,0,0,5,8,5,12.375,0,0,5,7,5,11.666666666666602,0,13.9,-0.3,0.79,Graduado,Graduado,0,0
Solteiro,Enfermagem,Frequência do Ensino Superior,119.1,Português,119.1,0,0,1,Masculino,0,0,0,7,7,6,12.733333333333302,0,0,7,7,6,12.733333333333302,0,7.6,2.6,0.32,Graduado,Graduado,0,0
Solteiro,Design de Comunicação,Ensino Secundário,128.0,Português,123.5,1,0,0,Masculino,0,0,0,6,9,4,12.5,0,0,6,6,0,0.0,0,9.4,-0.8,-3.12,Desistente,Desistente,1,1
Solteiro,Equincultura,Ensino Secundário,133.1,Português,120.0,0,1,0,Masculino,0,0,0,5,5,0,0.0,1,0,5,5,0,0.0,5,12.7,3.7,-1.7,Desistente,Desistente,1,1
Solteiro,Enfermagem,Ensino Básico (3º Ciclo),133.1,Português,110.0,0,0,1,Masculino,0,0,0,7,7,0,0.0,6,0,7,7,0,0.0,6,7.6,2.6,0.32,Desistente,Desistente,1,1
Solteiro,Enfermagem,Ensino Secundário,145.0,Português,131.4,0,0,1,Feminino,0,0,0,7,7,7,13.442857142857097,0,0,8,8,7,13.771428571428505,0,13.9,-0.3,0.79,Desistente,Desistente,1,1
Solteiro,Enfermagem,Ensino Secundário,141.0,Guineense,126.8,0,0,1,Feminino,1,1,0,8,8,8,14.2,0,0,8,8,8,14.2,0,9.4,-0.8,-3.12,Graduado,Graduado,0,0
Solteiro,Enfermagem,Frequência do Ensino Superior,118.9,Português,118.9,0,0,1,Feminino,1,0,0,7,7,6,13.55,0,0,7,7,6,13.55,0,7.6,2.6,0.32,Graduado,Graduado,0,0
Casado,Gestão (presencial noturno),Ensino Secundário,160.0,Português,160.0,0,0,1,Feminino,0,0,0,5,5,5,11.6,0,0,5,6,5,11.166666666666602,0,15.5,2.8,-4.06,Graduado,Graduado,0,0
Solteiro,Jornalismo e Comunicação,Ensino Secundário,111.0,Português,115.9,0,0,1,Feminino,0,0,0,6,7,6,13.571428571428504,0,0,6,7,6,15.285714285714198,0,13.9,-0.3,0.79,Graduado,Graduado,0,0
Solteiro,Turismo,Ensino Secundário,111.0,Português,109.3,0,0,1,Feminino,1,0,0,6,6,6,13.833333333333304,0,0,6,6,6,15.0,0,11.1,0.6,2.02,Graduado,Graduado,0,0
Solteiro,Gestão de Publicidade e Marketing,Ensino Secundário,123.0,Português,113.9,0,1,0,Feminino,0,0,0,6,7,4,11.25,0,0,6,9,4,10.857142857142803,0,10.8,1.4,1.74,Desistente,Desistente,1,1
Solteiro,Serviço Social,Ensino Secundário,133.0,Português,121.8,0,0,1,Feminino,1,0,0,6,7,5,10.2,0,0,6,9,4,11.25,0,12.4,0.5,1.79,Graduado,Graduado,0,0
Solteiro,Enfermagem,Ensino Superior - Licenciatura,140.0,Português,140.0,0,0,1,Feminino,0,0,0,8,8,7,15.675714285714198,0,0,8,8,7,15.675714285714198,0,10.8,1.4,1.74,Graduado,Graduado,0,0
Solteiro,Serviço Social,Ensino Secundário,122.0,Português,114.7,0,1,1,Feminino,1,0,0,6,9,6,10.833333333333304,0,0,6,8,6,12.0,0,11.1,0.6,2.02,Graduado,Graduado,0,0
Solteiro,Turismo,Ensino Secundário,128.0,Português,120.0,0,0,1,Feminino,1,0,0,6,6,6,14.5,0,0,6,7,5,15.0,0,12.4,0.5,1.79,Matriculado,Matriculado,0,
Solteiro,Serviço Social,Ensino Secundário,108.0,Português,107.3,1,0,1,Feminino,1,0,0,6,12,4,10.4,0,0,6,11,4,10.75,0,12.4,0.5,1.79,Matriculado,Matriculado,0,
Solteiro,Enfermagem Veterinária,Ensino Secundário,139.0,Português,136.2,0,0,1,Feminino,0,0,0,5,7,5,13.0,1,0,5,7,5,13.333333333333304,0,7.6,2.6,0.32,Graduado,Graduado,0,0
Solteiro,Higiene Oral,Ensino Secundário,130.0,Português,119.5,0,0,1,Feminino,1,0,0,7,7,7,12.242857142857096,0,0,8,8,8,14.125,0,15.5,2.8,-4.06,Graduado,Graduado,0,0
Solteiro,Ensino Básico,Ensino Secundário,133.1,Português,106.0,0,1,1,Feminino,0,0,0,7,7,7,13.0,0,0,7,8,6,12.5,0,8.9,1.4,3.51,Matriculado,Matriculado,0,
Solteiro,Gestão de Publicidade e Marketing,Ensino Secundário,130.0,Português,124.1,0,0,1,Feminino,0,0,0,6,6,6,14.1666666666666,0,0,6,7,6,13.428571428571399,0,8.9,1.4,3.51,Matriculado,Matriculado,0,
Solteiro,Gestão,Ensino Secundário,143.0,Português,133.2,0,0,1,Feminino,1,0,0,5,11,4,14.25,0,0,5,7,4,12.5,0,12.7,3.7,-1.7,Graduado,Graduado,0,0
Divorciado,Enfermagem Veterinária,Ensino Secundário,110.0,Português,110.0,0,0,0,Feminino,0,0,0,5,14,1,12.0,2,0,5,11,2,10.5,1,9.4,-0.8,-3.12,Desistente,Desistente,1,1
Solteiro,Enfermagem,Ensino Secundário,120.0,Brasileiro,114.8,0,0,1,Feminino,0,1,0,7,11,4,13.25,0,0,7,9,5,13.82,0,11.1,0.6,2.02,Matriculado,Matriculado,0,
Solteiro,Enfermagem,Ensino Secundário,140.0,Português,130.0,0,0,1,Masculino,1,0,0,7,7,6,13.183333333333303,0,0,7,7,6,13.183333333333303,0,7.6,2.6,0.32,Graduado,Graduado,0,0
Solteiro,Design de Comunicação,Ensino Secundário,125.0,Português,122.6,0,0,1,Masculino,0,0,0,6,6,1,11.0,0,0,6,6,0,0.0,0,9.4,-0.8,-3.12,Matriculado,Matriculado,0,
Solteiro,Enfermagem,Ensino Secundário,134.0,Português,133.5,0,0,1,Masculino,1,0,0,7,8,7,11.9725,0,0,8,8,8,12.651250000000001,0,15.5,2.8,-4.06,Graduado,Graduado,0,0
Casado,Turismo,Ensino Secundário,130.0,Português,120.0,0,0,1,Feminino,0,0,0,6,7,5,12.4,0,0,6,8,5,12.8,0,9.4,-0.8,-3.12,Graduado,Graduado,0,0
Casado,Gestão,Ensino Superior - Licenciatura,120.0,Português,120.0,0,0,1,Feminino,0,0,3,8,9,5,12.6,2,2,7,13,5,11.25,0,10.8,1.4,1.74,Matriculado,Matriculado,0,
Solteiro,Enfermagem,Ensino Secundário,142.0,Português,137.3,0,0,1,Feminino,1,0,0,7,7,6,13.9,0,0,7,7,6,13.9,0,7.6,2.6,0.32,Graduado,Graduado,0,0
Solteiro,Turismo,Ensino Secundário,127.0,Português,123.5,0,0,1,Feminino,1,0,0,6,11,4,11.5,0,0,6,12,3,11.0,0,7.6,2.6,0.32,Matriculado,Matriculado,0,
Casado,Gestão,Ensino Secundário,140.0,Português,131.8,0,0,1,Feminino,0,0,0,5,6,4,14.2,0,0,5,10,4,11.857142857142803,0,10.8,1.4,1.74,Matriculado,Matriculado,0,
Casado,Gestão,Ensino Secundário,140.0,Português,130.0,0,0,0,Feminino,0,0,0,5,12,3,10.666666666666602,2,0,5,15,3,10.666666666666602,0,9.4,-0.8,-3.12,Desistente,Desistente,1,1
Solteiro,Enfermagem,Ensino Secundário,142.0,Português,128.0,0,0,0,Feminino,0,0,0,7,14,0,0.0,0,0,8,0,0,0.0,0,11.1,0.6,2.02,Desistente,Desistente,1,1
Divorciado,Turismo,Ensino Secundário,120.0,Português,95.0,0,0,1,Feminino,1,0,0,6,10,6,11.0,0,0,6,14,3,11.333333333333304,0,10.8,1.4,1.74,Graduado,Graduado,0,0
Solteiro,Enfermagem,Ensino Secundário,124.0,Português,116.0,0,0,1,Feminino,1,0,0,8,8,7,13.957142857142802,0,0,8,8,7,13.957142857142802,0,12.7,3.7,-1.7,Graduado,Graduado,0,0
Solteiro,Serviço Social,Ensino Secundário,157.0,Português,136.7,0,0,1,Feminino,0,0,0,6,11,4,12.5,1,0,6,13,3,13.6666666666666,0,9.4,-0.8,-3.12,Matriculado,Matriculado,0,
Casado,Serviço Social,Ensino Secundário,126.6,Português,107.5,0,1,1,Feminino,1,0,0,6,8,6,13.333333333333304,0,0,6,7,6,15.285714285714198,0,11.1,0.6,2.02,Graduado,Graduado,0,0
Solteiro,Engenharia Informática,Ensino Secundário,110.0,Português,108.4,0,0,1,Feminino,0,0,0,5,5,0,0.0,0,0,5,6,0,0.0,0,10.8,1.4,1.74,Desistente,Desistente,1,1
Solteiro,Jornalismo e Comunicação,Ensino Secundário,144.0,Português,130.7,0,0,1,Feminino,0,0,0,6,9,6,11.666666666666602,0,0,6,8,5,11.6,0,7.6,2.6,0.32,Matriculado,Matriculado,0,
Casado,Serviço Social (prestação nocturna),Curso de Especialização Tecnológica,160.0,Português,155.9,0,0,1,Feminino,0,0,3,6,7,6,15.714285714285703,0,2,6,7,6,15.5,0,13.9,-0.3,0.79,Graduado,Graduado,0,0
Solteiro,Turismo,Ensino Secundário,105.0,Português,106.1,0,0,1,Feminino,0,0,0,6,8,5,11.0,0,0,6,9,5,11.4,0,13.9,-0.3,0.79,Graduado,Graduado,0,0
Solteiro,Gestão de Publicidade e Marketing,Ensino Secundário,130.0,Português,128.6,0,1,1,Feminino,0,0,0,5,8,4,12.25,0,0,5,7,4,12.75,2,7.6,2.6,0.32,Graduado,Graduado,0,0
Casado,Gestão (presencial noturno),Ensino Superior - Licenciatura,140.0,Português,140.0,0,1,1,Feminino,0,0,4,10,25,5,12.2,0,3,9,18,8,12.222222222222198,0,16.2,0.3,-0.92,Desistente,Desistente,1,1
Solteiro,Gestão,Ensino Secundário,138.0,Português,145.0,0,0,1,Feminino,0,0,0,5,6,5,13.0,0,0,5,5,5,14.0,0,7.6,2.6,0.32,Graduado,Graduado,0,0
Solteiro,Serviço Social (prestação nocturna),Ensino Secundário,120.0,Português,113.0,0,0,1,Feminino,1,0,0,6,11,4,12.0,0,0,6,7,6,13.0,0,10.8,1.4,1.74,Graduado,Graduado,0,0
Solteiro,Ensino Básico,Ensino Secundário,135.0,Português,137.1,0,0,1,Feminino,0,0,0,6,6,6,13.333333333333304,0,0,6,7,6,12.333333333333304,0,7.6,2.6,0.32,Graduado,Graduado,0,0
Solteiro,Gestão de Publicidade e Marketing,Ensino Secundário,119.0,Português,119.7,0,0,1,Feminino,0,0,0,5,6,3,13.0,0,0,5,7,3,13.0,1,7.6,2.6,0.32,Matriculado,Matriculado,0,
Solteiro,Enfermagem,Ensino Secundário,121.0,Português,120.5,0,0,1,Feminino,0,0,0,8,8,7,12.91,0,0,8,8,7,12.91,0,10.8,1.4,1.74,Graduado,Graduado,0,0
Solteiro,Serviço Social,Ensino Secundário,126.0,Português,125.7,0,0,1,Feminino,1,0,0,6,8,6,11.0,0,0,6,13,3,11.0,0,9.4,-0.8,-3.12,Graduado,Graduado,0,0
Solteiro,Enfermagem,Ensino Secundário,132.0,Português,125.5,0,0,1,Feminino,1,0,0,7,8,6,13.579999999999902,0,0,8,8,8,12.936250000000001,0,15.5,2.8,-4.06,Graduado,Graduado,0,0
Solteiro,Serviço Social,Ensino Secundário,128.0,Português,124.5,0,0,1,Feminino,1,0,0,6,10,4,12.4,0,0,6,8,6,12.5,0,12.4,0.5,1.79,Graduado,Graduado,0,0
Divorciado,Serviço Social (prestação nocturna),Ensino Secundário,160.0,Português,126.0,0,0,1,Feminino,1,0,4,9,13,8,12.8888888888888,0,2,7,9,7,13.0,0,13.9,-0.3,0.79,Graduado,Graduado,0,0
Solteiro,Design de Animação e Multimédia,Ensino Secundário,125.0,Português,136.2,0,1,1,Masculino,0,0,6,12,12,11,11.5454545454545,0,4,11,18,9,11.7,1,8.9,1.4,3.51,Matriculado,Matriculado,0,
Solteiro,Gestão,Ensino Secundário,127.0,Moçambicano,124.2,0,0,1,Masculino,0,1,0,5,6,1,10.0,0,0,5,5,0,0.0,0,15.5,2.8,-4.06,Matriculado,Matriculado,0,
Solteiro,Enfermagem,Ensino Secundário,147.0,Português,138.5,0,0,1,Feminino,0,0,0,8,8,8,14.341249999999999,0,0,8,8,8,14.341249999999999,0,9.4,-0.8,-3.12,Graduado,Graduado,0,0
Solteiro,Jornalismo e Comunicação,Ensino Secundário,130.0,Português,122.3,0,1,0,Feminino,0,0,0,6,8,6,14.142857142857096,0,0,6,6,5,12.0,0,13.9,-0.3,0.79,Desistente,Desistente,1,1
Solteiro,Design de Animação e Multimédia,Ensino Secundário,134.0,Português,126.0,0,0,1,Feminino,1,0,0,0,0,0,0.0,0,0,0,0,0,0.0,0,9.4,-0.8,-3.12,Graduado,Graduado,0,0
Solteiro,Agronomia,Ensino Secundário,140.0,Português,135.4,0,0,1,Feminino,0,0,0,6,10,5,11.8,0,0,6,13,4,11.25,0,12.4,0.5,1.79,Matriculado,Matriculado,0,
Solteiro,Jornalismo e Comunicação,Ensino Secundário,151.0,Alemão,146.5,0,0,1,Feminino,1,1,0,6,6,6,13.333333333333304,0,0,6,6,6,14.1666666666666,0,12.7,3.7,-1.7,Graduado,Graduado,0,0
Solteiro,Equincultura,Ensino Secundário,132.0,Português,121.9,0,0,1,Feminino,0,0,0,6,8,6,14.5,0,0,6,9,6,12.857142857142804,0,13.9,-0.3,0.79,Graduado,Graduado,0,0
Solteiro,Gestão (presencial noturno),Ensino Superior - Licenciatura (1º Ciclo),130.0,Português,130.0,0,0,1,Feminino,0,0,5,10,13,8,12.666666666666602,0,5,10,12,10,13.4,0,11.1,0.6,2.02,Graduado,Graduado,0,0
Solteiro,Gestão,Ensino Secundário,126.0,Português,115.2,0,1,1,Feminino,0,0,0,5,13,1,10.0,0,0,5,8,2,10.0,0,12.4,0.5,1.79,Matriculado,Matriculado,0,
Solteiro,Gestão de Publicidade e Marketing,Ensino Secundário,119.0,Português,115.2,0,0,1,Feminino,1,0,0,6,10,0,0.0,0,0,6,6,0,0.0,0,12.7,3.7,-1.7,Desistente,Desistente,1,1
Solteiro,Turismo,Ensino Secundário,123.0,Português,125.1,0,0,1,Feminino,0,0,0,6,12,4,11.0,0,0,6,6,4,12.5,0,16.2,0.3,-0.92,Matriculado,Matriculado,0,
Solteiro,Equincultura,Ensino Secundário,106.0,Português,108.0,0,1,1,Feminino,0,0,0,5,10,2,12.0,2,0,5,9,4,11.0,0,9.4,-0.8,-3.12,Desistente,Desistente,1,1
Solteiro,Turismo,Ensino Secundário,121.0,Português,125.9,0,0,1,Feminino,0,0,0,6,10,4,10.0,0,0,6,12,2,13.5,0,9.4,-0.8,-3.12,Matriculado,Matriculado,0,
Solteiro,Enfermagem,Ensino Secundário,138.0,Português,128.0,0,0,1,Feminino,0,0,0,7,7,7,14.2085714285714,0,0,8,9,8,15.127777777777698,0,11.1,0.6,2.02,Graduado,Graduado,0,0
Solteiro,Enfermagem,Ensino Secundário,118.0,Português,113.5,0,0,1,Feminino,0,0,0,7,7,7,14.307142857142802,0,0,8,8,8,15.0125,0,12.4,0.5,1.79,Graduado,Graduado,0,0
Casado,Gestão,Ensino Secundário,120.0,Português,124.6,0,0,1,Feminino,0,0,0,5,8,3,11.0,0,0,5,12,4,13.375,0,10.8,1.4,1.74,Matriculado,Matriculado,0,
Solteiro,Ensino Básico,Ensino Básico (3º Ciclo),133.1,Português,116.0,0,0,1,Feminino,0,0,0,7,14,0,0.0,0,0,6,6,0,0.0,0,11.1,0.6,2.02,Desistente,Desistente,1,1
Solteiro,Serviço Social,Ensino Secundário,141.0,Português,124.9,0,0,1,Feminino,0,0,0,6,10,6,12.0,0,0,6,12,4,11.0,0,12.7,3.7,-1.7,Graduado,Graduado,0,0
União de Fato,Gestão,Ensino Secundário,180.0,Português,140.5,0,1,0,Feminino,0,0,0,5,0,0,0.0,0,0,5,0,0,0.0,0,13.9,-0.3,0.79,Desistente,Desistente,1,1
União de Fato,Agronomia,Ensino Secundário,180.0,Português,179.6,0,1,0,Feminino,0,0,0,6,6,0,0.0,0,0,6,7,0,0.0,0,8.9,1.4,3.51,Desistente,Desistente,1,1
Solteiro,Jornalismo e Comunicação,Ensino Secundário,115.0,Português,116.1,0,0,1,Feminino,1,0,0,6,7,6,13.8571428571428,0,0,6,7,6,14.285714285714198,0,13.9,-0.3,0.79,Graduado,Graduado,0,0
Solteiro,Design de Animação e Multimédia,Ensino Secundário,142.0,Português,139.4,0,0,1,Feminino,1,0,0,0,0,0,0.0,0,0,0,0,0,0.0,0,15.5,2.8,-4.06,Graduado,Graduado,0,0
Solteiro,Higiene Oral,Ensino Secundário,135.0,Português,129.0,0,0,1,Feminino,0,0,0,7,0,0,0.0,0,0,7,0,0,0.0,0,12.7,3.7,-1.7,Desistente,Desistente,1,1
Casado,Gestão de Publicidade e Marketing,Ensino Secundário,150.0,Português,135.6,0,0,1,Feminino,1,0,0,6,8,5,11.0,0,0,6,9,5,13.0,0,12.4,0.5,1.79,Graduado,Graduado,0,0
Solteiro,Gestão,Ensino Secundário,153.0,Português,147.8,0,0,1,Feminino,1,0,0,5,9,5,13.2,0,0,5,13,5,14.4,5,16.2,0.3,-0.92,Graduado,Graduado,0,0
Solteiro,Enfermagem Veterinária,Ensino Secundário,153.0,Português,138.0,0,0,1,Feminino,1,0,0,6,7,6,13.5,0,0,6,6,3,15.333333333333304,0,8.9,1.4,3.51,Desistente,Desistente,1,1
Solteiro,Gestão,Ensino Superior - Licenciatura,150.0,Português,150.0,0,0,1,Feminino,0,0,0,5,5,0,0.0,0,0,5,0,0,0.0,0,9.4,-0.8,-3.12,Desistente,Desistente,1,1
Solteiro,Enfermagem,Ensino Secundário,144.0,Português,130.8,0,0,1,Feminino,1,0,0,8,8,7,14.214285714285703,0,0,8,8,7,14.214285714285703,0,12.7,3.7,-1.7,Graduado,Graduado,0,0
Solteiro,Enfermagem Veterinária,Ensino Secundário,130.0,Português,122.6,0,0,1,Feminino,0,0,0,5,5,5,13.0,0,0,5,5,5,12.4,0,7.6,2.6,0.32,Graduado,Graduado,0,0
Solteiro,Jornalismo e Comunicação,Ensino Secundário,125.0,Português,119.1,0,0,1,Feminino,0,0,0,6,13,2,12.0,0,0,6,14,1,10.0,0,9.4,-0.8,-3.12,Desistente,Desistente,1,1
Solteiro,Enfermagem,Ensino Básico (3º Ciclo),133.1,Português,111.8,0,0,1,Feminino,0,0,0,7,0,0,0.0,0,0,8,0,0,0.0,0,11.1,0.6,2.02,Desistente,Desistente,1,1
Solteiro,Gestão,Ensino Secundário,133.0,Português,125.0,0,0,1,Feminino,0,0,0,5,6,5,12.8,1,0,5,6,5,12.6,0,9.4,-0.8,-3.12,Graduado,Graduado,0,0
Solteiro,Enfermagem Veterinária,Ensino Secundário,140.0,Português,129.9,0,0,1,Feminino,0,0,0,5,11,4,13.6,2,0,5,9,4,12.2,0,9.4,-0.8,-3.12,Graduado,Graduado,0,0
Solteiro,Enfermagem,Ensino Secundário,133.0,Português,131.1,0,0,1,Feminino,0,0,0,7,7,7,13.971428571428504,0,0,8,8,8,15.75,0,13.9,-0.3,0.79,Graduado,Graduado,0,0
Solteiro,Enfermagem Veterinária,Ensino Secundário,154.0,Português,141.4,0,0,1,Feminino,1,0,0,6,8,6,15.0,0,0,6,9,6,14.8571428571428,0,11.1,0.6,2.02,Graduado,Graduado,0,0
Solteiro,Enfermagem Veterinária,Ensino Secundário,133.1,Português,120.0,0,0,0,Feminino,0,0,0,6,0,0,0.0,0,0,6,0,0,0.0,0,11.1,0.6,2.02,Desistente,Desistente,1,1
Solteiro,Enfermagem,Ensino Secundário,168.0,Português,133.4,0,0,1,Feminino,0,0,20,26,27,26,15.077777777777698,0,14,17,17,17,15.023529411764699,0,15.5,2.8,-4.06,Graduado,Graduado,0,0
Solteiro,Enfermagem,Ensino Secundário,132.0,Português,127.3,0,0,1,Feminino,0,0,0,7,7,6,13.383333333333303,0,0,7,7,6,13.383333333333303,0,7.6,2.6,0.32,Graduado,Graduado,0,0
Solteiro,Design de Animação e Multimédia,Ensino Secundário,133.1,Português,131.8,0,1,1,Feminino,0,0,6,12,12,12,13.25,0,4,11,16,10,13.090909090909003,0,8.9,1.4,3.51,Graduado,Graduado,0,0
Solteiro,Serviço Social,Ensino Secundário,120.0,Português,114.8,0,1,0,Feminino,0,0,0,6,10,5,11.714285714285698,0,0,6,13,2,10.666666666666602,0,16.2,0.3,-0.92,Desistente,Desistente,1,1
Solteiro,Enfermagem,Ensino Secundário,150.0,Português,132.8,0,0,1,Feminino,1,0,0,8,8,8,13.01125,0,0,8,8,8,13.01125,0,9.4,-0.8,-3.12,Graduado,Graduado,0,0
Solteiro,Agronomia,Curso de Especialização Tecnológica,140.0,Português,140.0,0,0,1,Feminino,0,0,0,6,12,3,10.666666666666602,2,0,6,12,4,12.0,0,15.5,2.8,-4.06,Desistente,Desistente,1,1
Solteiro,Enfermagem,Ensino Secundário,103.0,Português,108.3,0,0,1,Feminino,1,0,0,7,14,0,0.0,0,0,7,15,0,0.0,0,11.1,0.6,2.02,Matriculado,Matriculado,0,
Solteiro,Enfermagem Veterinária,Curso de Especialização Tecnológica,150.0,Português,150.0,0,0,1,Feminino,0,0,1,6,9,6,13.0,0,1,6,18,3,12.666666666666602,0,12.4,0.5,1.79,Graduado,Graduado,0,0
Solteiro,Gestão (presencial noturno),Curso de Especialização Tecnológica,160.0,Português,160.0,0,0,1,Feminino,0,0,0,5,5,5,12.0,0,0,5,7,5,11.4,0,12.7,3.7,-1.7,Graduado,Graduado,0,0
Solteiro,Design de Comunicação,Ensino Secundário,131.0,Português,131.7,0,0,1,Feminino,0,0,0,6,6,6,12.166666666666602,0,0,6,7,5,13.8,0,12.7,3.7,-1.7,Graduado,Graduado,0,0
Solteiro,Enfermagem,Ensino Secundário,114.0,Português,112.6,0,0,1,Feminino,0,0,0,7,10,6,11.85,0,0,8,10,7,13.65,0,16.2,0.3,-0.92,Graduado,Graduado,0,0
Solteiro,Gestão (presencial noturno),Ensino Secundário,120.0,Português,111.1,0,0,1,Feminino,0,0,0,5,8,4,11.0,0,0,5,6,5,11.2,0,7.6,2.6,0.32,Graduado,Graduado,0,0
Solteiro,Enfermagem,Ensino Secundário,140.0,Português,127.5,0,1,1,Feminino,1,0,0,7,9,7,12.327777777777701,0,0,8,10,8,11.735999999999999,0,15.5,2.8,-4.06,Graduado,Graduado,0,0
Solteiro,Enfermagem Veterinária,Ensino Secundário,130.0,Português,120.2,0,0,1,Feminino,0,0,0,5,9,4,12.0,0,0,5,10,5,13.428571428571399,1,10.8,1.4,1.74,Graduado,Graduado,0,0
Solteiro,Enfermagem,Ensino Secundário,121.0,Português,118.9,0,0,1,Feminino,0,0,0,7,7,7,14.428571428571399,0,0,8,9,8,14.5111111111111,0,16.2,0.3,-0.92,Graduado,Graduado,0,0
Solteiro,Enfermagem,Ensino Secundário,130.0,Português,119.9,0,0,1,Feminino,0,0,0,7,7,7,13.78,0,0,8,8,8,12.6125,0,12.4,0.5,1.79,Graduado,Graduado,0,0
Solteiro,Enfermagem,Ensino Secundário,141.0,Português,127.3,0,0,1,Feminino,1,0,0,7,7,6,13.8,0,0,7,7,6,13.8,0,7.6,2.6,0.32,Graduado,Graduado,0,0
Solteiro,Ensino Básico,Ensino Secundário,131.0,Português,127.9,0,0,1,Feminino,1,0,0,7,7,7,14.8571428571428,0,0,7,7,7,15.142857142857096,0,13.9,-0.3,0.79,Graduado,Graduado,0,0
Divorciado,Jornalismo e Comunicação,Ensino Básico (2º Ciclo),133.1,Português,133.0,0,0,1,Feminino,0,0,0,6,8,5,13.0,0,0,6,7,5,12.6,0,16.2,0.3,-0.92,Matriculado,Matriculado,0,
Solteiro,Serviço Social,Ensino Secundário,117.0,Português,114.6,0,0,1,Feminino,1,0,0,6,7,6,12.142857142857096,0,0,6,6,6,13.333333333333304,0,13.9,-0.3,0.79,Graduado,Graduado,0,0
Solteiro,Enfermagem Veterinária,Ensino Secundário,151.0,Português,144.5,0,0,1,Feminino,0,0,0,6,7,6,15.6666666666666,0,0,6,6,6,14.833333333333304,0,8.9,1.4,3.51,Graduado,Graduado,0,0
Solteiro,Enfermagem,Ensino Secundário,131.0,Português,125.4,0,0,1,Feminino,0,0,0,7,13,5,12.5,0,0,8,14,7,12.166666666666602,0,15.5,2.8,-4.06,Graduado,Graduado,0,0
Solteiro,Serviço Social,Ensino Secundário,145.0,Português,145.0,0,0,1,Feminino,1,0,0,6,7,6,12.833333333333304,0,0,6,6,6,13.1666666666666,0,12.4,0.5,1.79,Graduado,Graduado,0,0
Solteiro,Agronomia,Ensino Secundário,135.0,Português,138.1,0,1,0,Feminino,0,0,0,6,6,0,0.0,0,0,6,7,0,0.0,0,8.9,1.4,3.51,Desistente,Desistente,1,1
Solteiro,Design de Comunicação,Ensino Secundário,119.0,Português,124.6,0,0,1,Feminino,0,0,0,6,6,6,12.5,0,0,6,6,6,12.666666666666602,0,7.6,2.6,0.32,Graduado,Graduado,0,0
Solteiro,Jornalismo e Comunicação,Ensino Secundário,122.0,Português,130.8,0,0,1,Feminino,0,0,0,6,14,4,11.25,0,0,6,9,5,13.0,0,9.4,-0.8,-3.12,Graduado,Graduado,0,0
Solteiro,Enfermagem,Ensino Secundário,155.0,Português,140.5,0,0,1,Feminino,0,0,0,7,7,6,15.25,0,0,7,7,6,15.25,0,7.6,2.6,0.32,Graduado,Graduado,0,0
Solteiro,Enfermagem Veterinária,Ensino Secundário,123.0,Português,124.1,0,0,1,Feminino,1,0,0,5,13,5,14.0,2,0,5,10,3,12.0,1,9.4,-0.8,-3.12,Graduado,Graduado,0,0
Solteiro,Serviço Social,Ensino Secundário,130.0,Português,118.4,0,1,1,Feminino,0,0,15,16,16,13,12.076923076923,0,13,13,13,11,12.090909090909001,0,16.2,0.3,-0.92,Graduado,Graduado,0,0
Solteiro,Ensino Básico,Ensino Secundário,133.1,Brasileiro,128.2,0,0,1,Feminino,0,1,11,16,17,16,14.625,0,6,10,12,9,14.8888888888888,0,8.9,1.4,3.51,Graduado,Graduado,0,0
Solteiro,Ensino Básico,Ensino Secundário,114.0,Português,109.5,0,0,1,Feminino,0,0,0,7,10,4,10.5,0,0,7,7,2,10.5,0,16.2,0.3,-0.92,Desistente,Desistente,1,1
Solteiro,Serviço Social,Ensino Secundário,137.0,Português,131.1,0,0,1,Feminino,1,0,0,6,8,6,12.833333333333304,0,0,6,6,6,12.166666666666602,0,8.9,1.4,3.51,Graduado,Graduado,0,0
Solteiro,Jornalismo e Comunicação,Ensino Secundário,161.0,Cabo-verdiano,137.9,0,1,0,Feminino,1,1,0,6,6,6,12.5,0,0,6,7,5,11.8,0,10.8,1.4,1.74,Graduado,Graduado,0,0
Solteiro,Design de Animação e Multimédia,Ensino Secundário,133.1,Português,128.2,0,0,1,Feminino,0,0,5,12,13,12,11.2307692307692,0,3,11,18,9,12.7777777777777,0,11.1,0.6,2.02,Graduado,Graduado,0,0
Casado,Gestão (presencial noturno),Ensino Secundário,133.1,Português,126.5,0,0,1,Feminino,0,0,0,5,5,2,10.5,0,0,5,5,0,0.0,0,7.6,2.6,0.32,Desistente,Desistente,1,1
Solteiro,Ensino Básico,Ensino Secundário,128.0,Português,120.0,0,0,1,Feminino,0,0,0,6,11,3,12.0,0,0,6,13,2,12.0,0,12.7,3.7,-1.7,Desistente,Desistente,1,1
Divorciado,Higiene Oral,Ensino Básico (3º Ciclo),133.1,Português,123.0,0,0,1,Feminino,1,0,0,7,10,7,10.985714285714199,0,0,8,11,8,12.3,0,10.8,1.4,1.74,Graduado,Graduado,0,0
Divorciado,Enfermagem,Ensino Superior - Licenciatura (1º Ciclo),130.0,Português,130.0,0,0,0,Feminino,0,0,2,7,10,5,12.62,0,3,7,11,3,14.1666666666666,0,12.4,0.5,1.79,Desistente,Desistente,1,1
Solteiro,Enfermagem,Ensino Secundário,147.0,Português,141.1,0,0,1,Feminino,0,0,0,7,9,6,13.0,0,0,8,8,8,14.2125,0,13.9,-0.3,0.79,Desistente,Desistente,1,1
Casado,Engenharia Informática,Ensino Secundário,140.0,Português,140.0,0,0,0,Masculino,0,0,0,5,5,0,0.0,0,0,5,5,0,0.0,0,15.5,2.8,-4.06,Desistente,Desistente,1,1
Solteiro,Engenharia Informática,Ensino Secundário,140.0,Português,133.6,0,0,1,Masculino,0,0,0,5,0,0,0.0,0,0,5,0,0,0.0,0,10.8,1.4,1.74,Desistente,Desistente,1,1
Casado,Turismo,Ensino Básico (3º Ciclo),133.1,Português,123.5,0,0,1,Masculino,0,0,0,6,6,6,13.5,0,0,6,6,6,13.333333333333304,0,12.4,0.5,1.79,Graduado,Graduado,0,0
Solteiro,Enfermagem,Ensino Secundário,141.0,Português,136.3,0,0,1,Masculino,1,0,0,7,7,6,13.5166666666666,0,0,7,7,6,13.5166666666666,0,7.6,2.6,0.32,Graduado,Graduado,0,0
Solteiro,Design de Comunicação,Ensino Secundário,128.0,Português,123.5,0,0,1,Masculino,1,0,0,6,6,6,13.1666666666666,0,0,6,8,6,13.285714285714198,0,8.9,1.4,3.51,Graduado,Graduado,0,0
Casado,Enfermagem Veterinária,Ensino Secundário,150.0,Português,112.0,0,0,1,Masculino,0,0,0,6,0,0,0.0,0,0,6,0,0,0.0,0,10.8,1.4,1.74,Desistente,Desistente,1,1
Solteiro,Agronomia,Curso de Especialização Tecnológica,160.0,Português,160.0,0,0,1,Masculino,1,0,0,6,8,6,13.125,0,0,6,10,6,13.0,0,16.2,0.3,-0.92,Graduado,Graduado,0,0
Solteiro,Agronomia,Ensino Secundário,133.1,Português,110.0,0,0,1,Masculino,0,0,0,6,15,3,14.4,0,0,6,20,0,0.0,0,16.2,0.3,-0.92,Desistente,Desistente,1,1
Solteiro,Ensino Básico,Ensino Secundário,128.0,Português,116.8,0,0,0,Masculino,0,0,0,6,10,4,12.0,0,0,6,12,0,0.0,0,10.8,1.4,1.74,Desistente,Desistente,1,1
Solteiro,Turismo,Ensino Secundário,114.0,Português,109.5,0,0,1,Masculino,0,0,0,5,5,0,0.0,0,0,5,10,0,0.0,0,10.8,1.4,1.74,Desistente,Desistente,1,1
Solteiro,Higiene Oral,Ensino Básico (3º Ciclo),133.1,Português,100.0,0,0,1,Masculino,0,0,0,7,7,0,0.0,0,0,7,7,0,0.0,0,15.5,2.8,-4.06,Desistente,Desistente,1,1
Solteiro,Gestão,Ensino Secundário,126.0,Português,117.3,0,0,1,Feminino,0,0,0,5,15,3,10.8,0,0,5,6,3,10.5,0,13.9,-0.3,0.79,Matriculado,Matriculado,0,
Casado,Gestão de Publicidade e Marketing,Ensino Secundário,133.1,Brasileiro,130.0,0,0,1,Feminino,0,1,0,6,0,0,0.0,0,0,6,0,0,0.0,0,9.4,-0.8,-3.12,Desistente,Desistente,1,1
Solteiro,Enfermagem,Ensino Secundário,129.0,Português,137.8,0,0,1,Feminino,1,0,2,7,7,7,16.131428571428504,0,0,8,9,8,15.5222222222222,0,11.1,0.6,2.02,Graduado,Graduado,0,0
Solteiro,Enfermagem,Ensino Secundário,140.0,Português,136.5,0,0,1,Feminino,1,0,0,7,7,7,14.838571428571399,0,0,8,9,8,14.8,0,12.4,0.5,1.79,Graduado,Graduado,0,0
Divorciado,Gestão (presencial noturno),Ensino Secundário,133.1,Português,138.7,0,0,1,Feminino,0,0,0,5,7,3,10.333333333333304,0,0,5,6,3,12.0,0,10.8,1.4,1.74,Desistente,Desistente,1,1
Solteiro,Turismo,Ensino Secundário,134.0,Português,124.9,0,0,1,Feminino,0,0,0,6,11,3,12.0,0,0,6,11,4,11.25,0,7.6,2.6,0.32,Desistente,Desistente,1,1
Divorciado,Serviço Social (prestação nocturna),Ensino Secundário,133.1,Português,140.0,0,0,1,Feminino,1,0,0,6,6,0,0.0,0,0,5,5,0,0.0,0,8.9,1.4,3.51,Desistente,Desistente,1,1
Solteiro,Turismo,Ensino Secundário,132.0,Português,122.6,0,0,1,Feminino,1,0,0,6,6,6,13.1666666666666,0,0,6,6,6,14.0,0,13.9,-0.3,0.79,Graduado,Graduado,0,0
Solteiro,Enfermagem,Ensino Secundário,131.0,Português,129.5,0,0,1,Feminino,1,0,0,8,8,8,13.9475,0,0,8,8,8,13.9475,0,9.4,-0.8,-3.12,Graduado,Graduado,0,0
Solteiro,Gestão de Publicidade e Marketing,Ensino Secundário,133.1,Português,155.0,0,0,1,Feminino,0,0,0,5,6,3,11.333333333333304,0,0,5,5,0,0.0,0,9.4,-0.8,-3.12,Desistente,Desistente,1,1
Solteiro,Serviço Social (prestação nocturna),Ensino Secundário,133.1,Português,100.0,0,0,1,Feminino,0,0,2,8,11,7,12.75,0,2,7,7,7,12.285714285714198,0,16.2,0.3,-0.92,Graduado,Graduado,0,0
Solteiro,Gestão,Ensino Secundário,160.0,Português,137.6,0,0,1,Feminino,1,0,0,5,6,5,12.6,0,0,5,8,5,11.25,0,10.8,1.4,1.74,Graduado,Graduado,0,0
Solteiro,Enfermagem,Ensino Superior - Licenciatura,120.0,Português,120.0,0,0,1,Feminino,0,0,0,8,8,6,12.25,1,0,8,8,6,12.25,1,12.7,3.7,-1.7,Desistente,Desistente,1,1
Solteiro,Higiene Oral,Ensino Secundário,114.0,Santomense,114.0,0,0,1,Feminino,0,1,0,7,14,0,0.0,6,0,7,12,2,11.666666666666602,0,8.9,1.4,3.51,Matriculado,Matriculado,0,
Divorciado,Gestão (presencial noturno),Ensino Secundário,140.0,Português,139.0,0,0,1,Feminino,1,0,0,5,8,5,11.0,0,0,5,7,5,11.4,0,9.4,-0.8,-3.12,Matriculado,Matriculado,0,
Solteiro,Agronomia,Ensino Secundário,100.0,Português,110.0,0,0,1,Feminino,0,0,8,12,17,12,11.833333333333304,0,3,12,22,9,12.7,0,15.5,2.8,-4.06,Graduado,Graduado,0,0
Solteiro,Enfermagem,Ensino Secundário,139.0,Português,128.5,0,0,1,Feminino,0,0,0,8,10,6,13.0666666666666,0,0,8,10,6,13.0666666666666,0,12.7,3.7,-1.7,Desistente,Desistente,1,1
Solteiro,Design de Comunicação,Ensino Secundário,136.0,Português,132.2,0,1,1,Feminino,0,0,0,6,6,6,13.833333333333304,0,0,6,8,6,13.875,0,10.8,1.4,1.74,Graduado,Graduado,0,0
Divorciado,Enfermagem,Ensino Superior - Licenciatura,130.0,Português,130.0,0,0,1,Feminino,0,0,0,7,7,3,13.833333333333304,1,0,7,7,0,0.0,0,16.2,0.3,-0.92,Desistente,Desistente,1,1
Solteiro,Equincultura,Ensino Secundário,145.0,Português,129.3,0,0,1,Feminino,0,0,0,5,5,5,11.8,0,0,5,5,5,13.2,0,10.8,1.4,1.74,Graduado,Graduado,0,0
Solteiro,Design de Animação e Multimédia,Ensino Secundário,133.1,Português,128.2,0,0,1,Masculino,1,0,6,12,12,12,13.333333333333304,0,4,11,15,10,12.818181818181804,0,8.9,1.4,3.51,Matriculado,Matriculado,0,
Solteiro,Enfermagem,Ensino Secundário,146.0,Português,130.3,0,0,1,Masculino,0,0,0,8,8,8,13.74625,0,0,8,8,8,13.74625,0,9.4,-0.8,-3.12,Graduado,Graduado,0,0
Solteiro,Design de Animação e Multimédia,Ensino Secundário,159.0,Português,162.5,0,0,1,Masculino,0,0,0,0,0,0,0.0,0,0,0,0,0,0.0,0,16.2,0.3,-0.92,Desistente,Desistente,1,1
Casado,Serviço Social (prestação nocturna),Ensino Básico (3º Ciclo),133.1,Português,130.0,0,0,1,Masculino,0,0,0,6,0,0,0.0,0,0,6,0,0,0.0,0,9.4,-0.8,-3.12,Desistente,Desistente,1,1
Casado,Equincultura,Ensino Superior - Licenciatura,110.0,Português,110.0,0,0,1,Masculino,0,0,0,6,9,0,0.0,0,0,6,6,0,0.0,0,16.2,0.3,-0.92,Desistente,Desistente,1,1
Solteiro,Gestão de Publicidade e Marketing,Ensino Secundário,120.0,Português,142.3,0,0,1,Feminino,1,0,0,6,6,6,13.333333333333304,0,0,6,10,5,14.5,0,10.8,1.4,1.74,Graduado,Graduado,0,0
Solteiro,Serviço Social,Ensino Secundário,130.0,Português,122.0,0,0,1,Feminino,1,0,0,6,8,1,10.0,0,0,6,13,5,11.4,0,12.7,3.7,-1.7,Matriculado,Matriculado,0,
Solteiro,Enfermagem Veterinária,Ensino Secundário,158.0,Português,153.6,0,0,1,Feminino,1,0,0,6,7,6,15.6666666666666,0,0,6,8,6,15.285714285714198,0,8.9,1.4,3.51,Graduado,Graduado,0,0
Solteiro,Ensino Básico,Ensino Secundário,122.0,Português,112.9,0,0,1,Feminino,0,0,0,7,9,7,11.857142857142803,0,0,7,7,7,11.857142857142803,0,16.2,0.3,-0.92,Graduado,Graduado,0,0
Solteiro,Enfermagem Veterinária,Ensino Secundário,140.0,Português,124.1,0,0,1,Feminino,0,0,0,5,12,5,14.5,2,0,5,5,5,13.6,0,9.4,-0.8,-3.12,Graduado,Graduado,0,0
Solteiro,Serviço Social,Ensino Secundário,136.0,Português,129.7,0,0,1,Feminino,0,0,0,6,6,6,12.166666666666602,0,0,6,7,6,13.7142857142857,0,15.5,2.8,-4.06,Graduado,Graduado,0,0
Solteiro,Jornalismo e Comunicação,Ensino Secundário,111.0,Português,110.0,0,0,1,Feminino,0,0,0,6,6,5,12.6,0,0,6,8,6,12.0,0,11.1,0.6,2.02,Graduado,Graduado,0,0
Solteiro,Enfermagem,Ensino Secundário,145.0,Português,136.3,0,0,1,Feminino,0,0,0,8,12,7,12.285714285714198,0,0,8,12,7,12.285714285714198,0,12.7,3.7,-1.7,Matriculado,Matriculado,0,
Solteiro,Serviço Social,Ensino Secundário,133.1,Português,146.0,0,1,1,Feminino,1,0,0,6,6,6,12.666666666666602,0,0,6,7,6,13.0,0,8.9,1.4,3.51,Graduado,Graduado,0,0
Solteiro,Enfermagem,Ensino Secundário,140.0,Português,129.9,0,0,1,Feminino,0,0,0,7,0,0,0.0,0,0,8,0,0,0.0,0,16.2,0.3,-0.92,Desistente,Desistente,1,1
Solteiro,Turismo,Ensino Secundário,140.0,Português,140.9,0,0,1,Feminino,1,0,0,6,7,6,12.857142857142804,0,0,6,10,4,13.0,0,12.7,3.7,-1.7,Graduado,Graduado,0,0
Casado,Enfermagem,Ensino Secundário,156.0,Português,135.5,0,0,1,Feminino,0,0,0,8,8,7,13.9,0,0,8,8,7,13.9,0,12.7,3.7,-1.7,Graduado,Graduado,0,0
Solteiro,Enfermagem,Ensino Secundário,132.0,Português,122.0,0,0,1,Feminino,1,0,0,8,8,7,13.817142857142802,0,0,8,8,7,13.817142857142802,0,10.8,1.4,1.74,Graduado,Graduado,0,0
Solteiro,Higiene Oral,Curso Técnico Superior Profissional,140.0,Português,140.0,0,0,1,Feminino,1,0,1,7,10,6,13.314285714285699,0,2,8,10,7,12.875,0,8.9,1.4,3.51,Graduado,Graduado,0,0
Solteiro,Equincultura,Ensino Secundário,164.0,Português,163.0,0,0,1,Feminino,0,0,0,6,0,0,0.0,0,0,6,0,0,0.0,0,7.6,2.6,0.32,Desistente,Desistente,1,1
Solteiro,Turismo,Ensino Secundário,113.0,Português,107.4,0,0,1,Feminino,1,0,0,6,6,6,12.166666666666602,0,0,6,6,6,12.166666666666602,0,12.4,0.5,1.79,Graduado,Graduado,0,0
Solteiro,Turismo,Ensino Secundário,122.0,Português,114.3,0,0,0,Feminino,1,0,0,6,12,4,11.25,0,0,6,12,3,11.333333333333304,0,7.6,2.6,0.32,Desistente,Desistente,1,1
Solteiro,Design de Comunicação,Ensino Secundário,150.0,Português,140.8,0,0,1,Feminino,0,0,1,6,6,5,12.4,0,0,6,8,6,12.75,0,10.8,1.4,1.74,Matriculado,Matriculado,0,
Solteiro,Jornalismo e Comunicação,Ensino Secundário,135.0,Português,126.3,1,0,1,Feminino,1,0,0,6,6,6,14.6666666666666,0,0,6,7,6,14.571428571428504,0,8.9,1.4,3.51,Graduado,Graduado,0,0
Solteiro,Enfermagem Veterinária,Ensino Secundário,133.1,Português,110.0,0,0,1,Feminino,0,0,0,6,15,4,12.0,0,0,6,14,4,12.0,0,11.1,0.6,2.02,Desistente,Desistente,1,1
Solteiro,Enfermagem Veterinária,Ensino Secundário,122.0,Português,126.2,0,0,1,Feminino,0,0,0,6,8,6,14.0,0,0,6,18,3,12.666666666666602,0,12.4,0.5,1.79,Graduado,Graduado,0,0
Solteiro,Agronomia,Curso de Especialização Tecnológica,140.0,Português,140.0,0,0,1,Feminino,0,0,0,6,10,6,12.571428571428502,0,0,6,12,4,13.6666666666666,0,15.5,2.8,-4.06,Matriculado,Matriculado,0,
Solteiro,Enfermagem Veterinária,Ensino Secundário,138.0,Português,123.0,0,0,1,Feminino,0,0,1,6,14,6,15.5384615384615,0,0,6,9,6,12.625,0,15.5,2.8,-4.06,Graduado,Graduado,0,0
Solteiro,Jornalismo e Comunicação,Ensino Secundário,130.0,Português,157.0,0,0,0,Feminino,0,0,0,6,0,0,0.0,0,0,6,0,0,0.0,0,13.9,-0.3,0.79,Desistente,Desistente,1,1
Solteiro,Equincultura,Ensino Secundário,157.0,Português,149.7,0,0,1,Feminino,0,0,0,6,6,6,15.0,0,0,6,6,6,14.833333333333304,0,8.9,1.4,3.51,Graduado,Graduado,0,0
Solteiro,Equincultura,Ensino Secundário,140.0,Português,140.0,0,0,1,Feminino,0,0,0,5,11,4,12.25,0,0,5,9,5,13.285714285714198,0,12.7,3.7,-1.7,Graduado,Graduado,0,0
Solteiro,Enfermagem Veterinária,Curso Técnico Superior Profissional,170.0,Português,170.0,0,0,1,Feminino,0,0,7,11,13,11,15.692307692307597,0,4,9,9,9,15.5555555555555,0,8.9,1.4,3.51,Graduado,Graduado,0,0
Solteiro,Gestão (presencial noturno),Ensino Secundário,150.0,Português,130.2,0,0,1,Feminino,1,0,0,5,7,5,12.285714285714198,0,0,5,9,5,12.75,1,16.2,0.3,-0.92,Graduado,Graduado,0,0
Solteiro,Design de Animação e Multimédia,Ensino Secundário,146.0,Português,135.5,0,1,1,Feminino,0,0,12,17,19,12,11.833333333333304,0,10,17,22,11,11.25,0,11.1,0.6,2.02,Matriculado,Matriculado,0,
Solteiro,Serviço Social (prestação nocturna),Ensino Secundário,120.0,Português,118.3,0,0,1,Feminino,0,0,2,6,6,6,12.166666666666602,0,0,6,7,5,14.0,0,12.7,3.7,-1.7,Matriculado,Matriculado,0,
Solteiro,Higiene Oral,Ensino Secundário,118.0,Português,116.3,0,0,1,Feminino,1,0,0,7,10,7,11.8888888888888,0,0,8,10,8,11.95625,0,12.7,3.7,-1.7,Graduado,Graduado,0,0
Casado,Serviço Social (prestação nocturna),Ensino Superior - Licenciatura,120.0,Português,120.0,0,0,0,Feminino,0,0,0,6,0,0,0.0,0,0,6,0,0,0.0,0,10.8,1.4,1.74,Desistente,Desistente,1,1
Solteiro,Gestão de Publicidade e Marketing,Ensino Secundário,154.0,Português,154.7,0,0,1,Feminino,1,0,0,5,6,5,11.8,0,0,5,5,5,12.6,0,9.4,-0.8,-3.12,Graduado,Graduado,0,0
Solteiro,Serviço Social,Ensino Secundário,139.0,Português,132.7,0,0,1,Feminino,0,0,0,6,7,6,11.166666666666602,0,0,6,9,6,11.666666666666602,0,9.4,-0.8,-3.12,Graduado,Graduado,0,0
Solteiro,Enfermagem,Ensino Secundário,136.0,Português,130.8,0,0,1,Feminino,0,0,0,7,7,7,14.057142857142802,0,0,8,9,8,14.6,0,16.2,0.3,-0.92,Graduado,Graduado,0,0
Solteiro,Turismo,Ensino Secundário,130.0,Português,122.7,0,0,1,Feminino,0,0,0,6,10,4,11.75,0,0,6,13,4,10.0,0,7.6,2.6,0.32,Desistente,Desistente,1,1
Casado,Serviço Social,Ensino Básico (3º Ciclo),133.1,Português,130.0,0,0,1,Feminino,0,0,0,6,6,6,13.1666666666666,0,0,6,8,6,13.0,0,9.4,-0.8,-3.12,Matriculado,Matriculado,0,
Solteiro,Serviço Social,Ensino Secundário,133.0,Português,123.6,0,0,1,Feminino,1,0,0,6,7,6,13.5,0,0,6,7,6,14.0,0,15.5,2.8,-4.06,Graduado,Graduado,0,0
Solteiro,Enfermagem,Ensino Secundário,143.0,Português,116.5,0,0,1,Feminino,1,0,0,7,10,7,12.625,0,0,8,8,8,13.0625,0,15.5,2.8,-4.06,Graduado,Graduado,0,0
Solteiro,Enfermagem Veterinária,Ensino Secundário,117.0,Português,111.1,0,0,1,Feminino,0,0,0,6,0,0,0.0,0,0,6,0,0,0.0,0,15.5,2.8,-4.06,Desistente,Desistente,1,1
Solteiro,Enfermagem,Ensino Secundário,145.0,Português,136.3,0,0,1,Feminino,1,0,0,8,8,7,13.971428571428504,0,0,8,8,7,13.971428571428504,0,12.7,3.7,-1.7,Graduado,Graduado,0,0
Solteiro,Design de Comunicação,Ensino Secundário,134.0,Português,129.8,0,0,1,Feminino,0,0,0,6,7,2,11.0,0,0,6,0,0,0.0,0,9.4,-0.8,-3.12,Desistente,Desistente,1,1
Casado,Gestão (presencial noturno),Ensino Secundário,170.0,Português,134.7,0,0,1,Feminino,0,0,0,5,5,5,12.8,0,0,5,6,5,15.333333333333304,0,10.8,1.4,1.74,Graduado,Graduado,0,0
Solteiro,Gestão de Publicidade e Marketing,Ensino Secundário,143.0,Português,131.8,0,0,1,Feminino,1,0,0,6,8,6,13.571428571428504,0,0,6,6,5,12.8,0,12.4,0.5,1.79,Matriculado,Matriculado,0,
Solteiro,Design de Animação e Multimédia,Ensino Secundário,140.0,Português,126.8,0,0,0,Feminino,1,0,0,0,0,0,0.0,0,0,0,0,0,0.0,0,12.7,3.7,-1.7,Desistente,Desistente,1,1
Solteiro,Enfermagem Veterinária,Ensino Secundário,131.0,Português,130.7,0,1,1,Feminino,0,0,0,5,9,2,11.5,0,0,5,13,4,11.0,1,10.8,1.4,1.74,Matriculado,Matriculado,0,
Solteiro,Turismo,Ensino Secundário,115.0,Português,109.8,0,0,1,Feminino,0,0,0,6,8,4,11.25,0,0,6,8,4,12.0,0,10.8,1.4,1.74,Matriculado,Matriculado,0,
Solteiro,Gestão (presencial noturno),Ensino Superior - Licenciatura,130.0,Português,133.9,0,0,1,Feminino,0,0,0,5,7,5,13.7142857142857,0,0,5,7,5,13.142857142857096,0,16.2,0.3,-0.92,Graduado,Graduado,0,0
Casado,Gestão,Ensino Secundário,130.0,Português,109.9,0,0,0,Feminino,0,0,0,4,4,0,0.0,0,0,5,0,0,0.0,0,12.7,3.7,-1.7,Desistente,Desistente,1,1
Solteiro,Equincultura,Curso de Especialização Tecnológica,160.0,Português,160.0,0,1,0,Feminino,0,0,2,6,9,6,12.0,0,1,6,8,3,14.6666666666666,0,12.4,0.5,1.79,Desistente,Desistente,1,1
Solteiro,Serviço Social (prestação nocturna),Ensino Básico (3º Ciclo),133.1,Português,106.5,0,0,1,Feminino,1,0,0,6,7,6,12.666666666666602,0,0,6,7,6,13.333333333333304,0,12.7,3.7,-1.7,Graduado,Graduado,0,0
Solteiro,Enfermagem,Ensino Secundário,130.0,Português,120.0,0,0,1,Feminino,1,0,0,8,11,7,13.29,3,0,8,11,7,13.29,3,9.4,-0.8,-3.12,Matriculado,Matriculado,0,
Casado,Gestão (presencial noturno),Ensino Secundário,140.0,Português,107.8,0,0,1,Feminino,0,0,8,10,15,8,10.375,0,7,10,13,9,10.4444444444444,0,7.6,2.6,0.32,Matriculado,Matriculado,0,
Casado,Serviço Social (prestação nocturna),10º Ano de Escolaridade,133.1,Português,100.0,0,0,0,Feminino,0,0,3,7,13,3,12.0,0,2,7,15,1,13.0,1,9.4,-0.8,-3.12,Desistente,Desistente,1,1
Casado,Serviço Social (prestação nocturna),Ensino Secundário,150.0,Português,112.5,0,0,1,Feminino,0,0,0,6,10,5,11.4,0,1,6,7,6,11.166666666666602,0,7.6,2.6,0.32,Graduado,Graduado,0,0
Solteiro,Gestão (presencial noturno),Ensino Secundário,140.0,Português,135.5,0,1,0,Feminino,0,0,0,5,15,2,13.25,0,0,5,12,3,12.6,3,16.2,0.3,-0.92,Desistente,Desistente,1,1
Solteiro,Enfermagem,Ensino Secundário,145.0,Português,145.0,0,0,1,Feminino,0,0,0,7,7,6,13.861666666666599,0,0,8,16,0,0.0,1,12.4,0.5,1.79,Desistente,Desistente,1,1
Solteiro,Jornalismo e Comunicação,Ensino Secundário,126.0,Português,119.0,0,0,1,Feminino,1,0,0,6,6,6,12.166666666666602,0,0,6,7,6,12.142857142857096,0,15.5,2.8,-4.06,Graduado,Graduado,0,0
Casado,Serviço Social,Ensino Superior - Licenciatura,130.0,Português,130.0,0,0,1,Feminino,0,0,0,6,17,4,13.75,0,0,6,15,6,14.5,0,16.2,0.3,-0.92,Graduado,Graduado,0,0
Solteiro,Enfermagem,Ensino Secundário,135.0,Português,126.3,0,0,1,Feminino,1,0,0,7,7,6,15.433333333333303,0,0,7,7,6,15.433333333333303,0,7.6,2.6,0.32,Graduado,Graduado,0,0
Divorciado,Serviço Social (prestação nocturna),Ensino Básico (3º Ciclo),133.1,Português,113.5,0,0,1,Feminino,1,0,0,6,6,6,13.833333333333304,0,0,6,6,6,15.5,0,11.1,0.6,2.02,Graduado,Graduado,0,0
Solteiro,Gestão (presencial noturno),Ensino Superior - Licenciatura,120.0,Português,120.0,0,0,1,Feminino,0,0,7,14,21,12,11.833333333333304,0,11,12,15,11,11.3636363636363,0,12.7,3.7,-1.7,Graduado,Graduado,0,0
Solteiro,Higiene Oral,Ensino Secundário,120.0,Português,111.3,0,0,1,Feminino,0,0,0,7,7,0,0.0,0,0,8,8,0,0.0,0,16.2,0.3,-0.92,Desistente,Desistente,1,1
Solteiro,Serviço Social,Ensino Secundário,147.0,Português,130.2,0,0,1,Feminino,0,0,0,1,1,0,0.0,1,0,6,0,0,0.0,0,10.8,1.4,1.74,Desistente,Desistente,1,1
Solteiro,Higiene Oral,Ensino Secundário,149.0,Português,140.2,1,0,1,Feminino,0,0,1,7,9,7,12.333333333333304,0,0,8,8,8,12.625,0,12.7,3.7,-1.7,Matriculado,Matriculado,0,
Solteiro,Design de Comunicação,Ensino Secundário,124.0,Português,113.9,0,0,1,Feminino,0,0,0,6,6,6,11.166666666666602,0,0,6,6,6,12.166666666666602,0,7.6,2.6,0.32,Graduado,Graduado,0,0
Solteiro,Enfermagem Veterinária,Ensino Secundário,133.1,Português,99.0,0,0,1,Feminino,1,0,0,6,6,6,14.6666666666666,0,0,6,8,6,12.428571428571399,0,8.9,1.4,3.51,Graduado,Graduado,0,0
Solteiro,Gestão,Ensino Secundário,125.0,Português,124.0,0,0,1,Feminino,0,0,0,5,5,5,11.2,0,0,5,11,4,11.75,0,10.8,1.4,1.74,Matriculado,Matriculado,0,
Solteiro,Serviço Social,Ensino Secundário,141.0,Português,138.9,0,0,1,Feminino,0,0,0,6,9,6,13.7142857142857,0,0,6,6,6,14.1666666666666,0,13.9,-0.3,0.79,Graduado,Graduado,0,0
Solteiro,Gestão,Ensino Secundário,131.0,Português,130.0,0,0,1,Masculino,0,0,0,5,5,5,12.8,0,0,5,10,5,11.4444444444444,0,10.8,1.4,1.74,Graduado,Graduado,0,0
Solteiro,Jornalismo e Comunicação,Ensino Secundário,118.0,Português,120.8,0,0,1,Feminino,0,0,0,6,9,4,13.25,0,0,6,11,5,11.8,0,12.4,0.5,1.79,Graduado,Graduado,0,0
Solteiro,Enfermagem,Ensino Secundário,129.0,Português,127.8,0,0,1,Feminino,0,0,0,8,10,6,13.78,1,0,8,10,6,13.78,1,9.4,-0.8,-3.12,Desistente,Desistente,1,1
Solteiro,Enfermagem,Ensino Secundário,136.0,Português,126.0,0,0,1,Feminino,0,0,0,8,8,7,15.11,0,0,8,8,7,15.11,0,10.8,1.4,1.74,Graduado,Graduado,0,0
Solteiro,Serviço Social,Ensino Secundário,134.0,Português,126.0,0,0,1,Feminino,0,0,0,6,10,4,11.0,0,0,6,8,5,11.2,0,10.8,1.4,1.74,Graduado,Graduado,0,0
Solteiro,Enfermagem,Ensino Secundário,153.0,Português,138.5,0,0,1,Feminino,1,0,0,8,8,7,15.798571428571398,0,0,8,8,7,15.798571428571398,0,10.8,1.4,1.74,Graduado,Graduado,0,0
Solteiro,Enfermagem,Ensino Secundário,119.0,Português,119.4,0,0,1,Feminino,0,0,0,7,7,7,13.775714285714198,0,0,8,8,8,15.599999999999904,0,12.4,0.5,1.79,Graduado,Graduado,0,0
Divorciado,Enfermagem,Ensino Secundário,140.0,Português,101.5,0,0,1,Feminino,0,0,0,8,11,7,12.16,0,0,8,11,7,12.16,0,10.8,1.4,1.74,Graduado,Graduado,0,0
Divorciado,Higiene Oral,Ensino Secundário,133.1,Português,101.5,0,0,1,Feminino,0,0,0,7,0,0,0.0,0,0,7,0,0,0.0,0,10.8,1.4,1.74,Desistente,Desistente,1,1
Solteiro,Jornalismo e Comunicação,Ensino Secundário,130.0,Português,126.2,0,0,1,Feminino,0,0,0,6,6,6,14.333333333333304,0,0,6,6,6,15.5,0,12.4,0.5,1.79,Graduado,Graduado,0,0
Solteiro,Design de Comunicação,Ensino Secundário,128.0,Português,129.8,0,0,1,Feminino,0,0,0,6,6,6,11.833333333333304,0,0,6,6,3,13.333333333333304,0,9.4,-0.8,-3.12,Matriculado,Matriculado,0,
Solteiro,Enfermagem Veterinária,Ensino Secundário,145.0,Português,138.4,0,0,0,Feminino,0,0,0,6,7,6,14.833333333333304,0,0,6,8,6,12.5,0,8.9,1.4,3.51,Matriculado,Matriculado,0,
Solteiro,Enfermagem,Ensino Secundário,146.0,Português,129.3,0,0,1,Feminino,0,0,0,8,8,7,14.2,0,0,8,8,7,14.2,0,12.7,3.7,-1.7,Graduado,Graduado,0,0
Solteiro,Enfermagem Veterinária,Ensino Secundário,119.0,Português,113.1,0,0,1,Feminino,0,0,0,5,6,5,12.2,0,0,5,5,5,13.2,0,10.8,1.4,1.74,Graduado,Graduado,0,0
Solteiro,Ensino Básico,Ensino Secundário,160.0,Português,144.3,0,0,1,Feminino,0,0,0,6,10,4,13.0,0,0,6,9,5,13.6666666666666,0,9.4,-0.8,-3.12,Graduado,Graduado,0,0
Solteiro,Enfermagem,Ensino Secundário,144.0,Português,141.0,0,0,1,Feminino,1,0,0,8,8,7,12.485714285714199,0,0,8,8,7,12.485714285714199,0,12.7,3.7,-1.7,Graduado,Graduado,0,0
Solteiro,Enfermagem Veterinária,Ensino Superior - Licenciatura (1º Ciclo),130.0,Português,130.0,0,0,1,Feminino,0,0,0,6,7,6,17.0,0,0,6,7,6,16.2857142857142,0,11.1,0.6,2.02,Graduado,Graduado,0,0
Solteiro,Serviço Social,Ensino Secundário,122.0,Português,117.5,0,0,1,Feminino,0,0,0,6,7,5,10.8,0,0,6,9,6,10.166666666666604,0,8.9,1.4,3.51,Graduado,Graduado,0,0
Solteiro,Enfermagem,Ensino Secundário,153.0,Espanhol,131.8,0,0,1,Feminino,0,1,0,7,7,6,14.716666666666601,0,0,7,7,6,14.716666666666601,0,7.6,2.6,0.32,Graduado,Graduado,0,0
Solteiro,Enfermagem Veterinária,Ensino Secundário,147.0,Português,133.7,0,0,1,Feminino,1,0,0,5,10,2,13.5,0,0,5,11,5,11.4,1,10.8,1.4,1.74,Matriculado,Matriculado,0,
Solteiro,Enfermagem,Ensino Secundário,121.0,Português,115.4,0,0,1,Feminino,1,0,0,8,8,7,11.971428571428502,0,0,8,8,7,11.971428571428502,0,12.7,3.7,-1.7,Matriculado,Matriculado,0,
Solteiro,Enfermagem Veterinária,Ensino Secundário,134.0,Português,129.1,0,0,1,Feminino,0,0,0,5,7,3,12.0,0,0,5,7,4,13.5,0,7.6,2.6,0.32,Matriculado,Matriculado,0,
Solteiro,Serviço Social (prestação nocturna),Ensino Secundário,133.0,Português,135.5,0,0,1,Feminino,0,0,0,6,7,6,12.333333333333304,0,0,6,6,6,11.666666666666602,0,10.8,1.4,1.74,Graduado,Graduado,0,0
Solteiro,Enfermagem Veterinária,Ensino Secundário,118.0,Português,112.4,0,0,1,Feminino,0,0,0,12,22,6,15.307692307692301,0,0,10,13,6,13.875,0,15.5,2.8,-4.06,Graduado,Graduado,0,0
Solteiro,Enfermagem,Ensino Secundário,137.0,Português,130.8,0,0,1,Feminino,1,0,0,7,7,6,12.666666666666602,0,0,7,7,6,12.666666666666602,0,7.6,2.6,0.32,Graduado,Graduado,0,0
Solteiro,Enfermagem,Ensino Secundário,143.0,Português,131.6,0,0,1,Feminino,1,0,0,7,10,7,14.368,0,0,8,8,8,14.44875,0,15.5,2.8,-4.06,Graduado,Graduado,0,0
Solteiro,Enfermagem,Ensino Secundário,123.0,Português,140.8,0,0,1,Feminino,0,0,0,8,8,7,12.084285714285697,0,0,8,8,7,12.084285714285697,0,10.8,1.4,1.74,Graduado,Graduado,0,0
Solteiro,Enfermagem Veterinária,Curso de Especialização Tecnológica,140.0,Português,140.0,0,0,1,Feminino,0,0,7,12,18,8,12.25,0,4,12,27,8,12.2,0,12.4,0.5,1.79,Matriculado,Matriculado,0,
Solteiro,Turismo,Ensino Secundário,118.0,Português,114.2,0,0,1,Feminino,0,0,0,6,10,5,12.2,0,0,6,10,5,11.6,0,16.2,0.3,-0.92,Matriculado,Matriculado,0,
Solteiro,Serviço Social,Ensino Secundário,142.0,Português,127.3,0,0,1,Feminino,1,0,0,6,12,4,11.0,0,0,6,9,6,11.5,0,9.4,-0.8,-3.12,Graduado,Graduado,0,0
Solteiro,Serviço Social (prestação nocturna),Ensino Secundário,115.0,Português,115.0,0,0,1,Feminino,0,0,0,6,8,5,12.8,0,0,6,8,5,11.0,0,9.4,-0.8,-3.12,Graduado,Graduado,0,0
União de Fato,Enfermagem,Ensino Secundário,131.0,Português,118.8,0,0,1,Feminino,1,0,0,8,8,7,11.857142857142803,0,0,8,8,7,11.857142857142803,0,12.7,3.7,-1.7,Graduado,Graduado,0,0
Casado,Turismo,Ensino Secundário,130.0,Português,125.0,0,0,1,Feminino,0,0,0,6,8,6,12.285714285714198,0,0,6,10,5,13.0,0,8.9,1.4,3.51,Graduado,Graduado,0,0
Solteiro,Ensino Básico,Ensino Secundário,133.1,Português,111.5,0,0,1,Feminino,0,0,0,6,11,3,12.333333333333304,0,0,6,11,4,13.5,0,7.6,2.6,0.32,Desistente,Desistente,1,1
Solteiro,Serviço Social,Ensino Secundário,134.0,Português,124.2,0,0,1,Feminino,1,0,0,6,11,4,11.25,0,0,6,12,4,11.4,0,15.5,2.8,-4.06,Graduado,Graduado,0,0
Divorciado,Serviço Social,Ensino Superior - Licenciatura (1º Ciclo),130.0,Português,130.0,0,1,1,Feminino,0,0,0,6,0,0,0.0,0,0,6,0,0,0.0,0,11.1,0.6,2.02,Desistente,Desistente,1,1
Solteiro,Design de Comunicação,Ensino Superior - Licenciatura,133.1,Português,120.0,0,0,1,Feminino,0,0,0,3,3,2,16.0,0,0,3,3,1,16.0,0,7.6,2.6,0.32,Desistente,Desistente,1,1
Solteiro,Serviço Social (prestação nocturna),Outro - 11º Ano de Escolaridade,114.0,Português,110.0,0,0,1,Feminino,0,0,0,6,10,6,11.666666666666602,0,0,6,7,6,11.0,0,7.6,2.6,0.32,Graduado,Graduado,0,0
Solteiro,Higiene Oral,Ensino Secundário,130.0,Português,113.3,0,0,1,Feminino,0,0,0,7,15,5,12.4,0,0,8,14,7,12.15,0,12.4,0.5,1.79,Matriculado,Matriculado,0,
Solteiro,Higiene Oral,Ensino Secundário,128.0,Português,123.5,0,0,1,Feminino,0,0,0,7,14,6,10.744444444444401,1,0,8,10,8,11.8375,0,12.7,3.7,-1.7,Matriculado,Matriculado,0,
Solteiro,Serviço Social,Ensino Secundário,133.1,Português,101.0,0,0,1,Feminino,0,0,0,6,0,0,0.0,0,0,6,0,0,0.0,0,15.5,2.8,-4.06,Desistente,Desistente,1,1
Casado,Enfermagem,Ensino Básico (3º Ciclo),133.1,Português,120.9,0,0,1,Feminino,0,0,0,7,12,4,12.0,0,0,7,13,4,12.5625,0,11.1,0.6,2.02,Desistente,Desistente,1,1
Divorciado,Enfermagem Veterinária,Ensino Secundário,140.0,Português,154.6,0,0,0,Feminino,1,0,0,6,12,4,12.75,0,0,6,15,2,10.0,0,8.9,1.4,3.51,Matriculado,Matriculado,0,
Solteiro,Gestão,Ensino Secundário,117.0,Português,120.2,0,0,1,Feminino,0,0,0,5,9,2,10.0,0,0,5,10,2,11.0,0,7.6,2.6,0.32,Matriculado,Matriculado,0,
Solteiro,Enfermagem,Ensino Secundário,139.0,Português,146.5,0,0,1,Feminino,0,0,11,14,26,12,13.417391304347797,1,11,14,26,12,13.417391304347797,1,7.6,2.6,0.32,Graduado,Graduado,0,0
Solteiro,Jornalismo e Comunicação,Ensino Secundário,159.0,Português,160.1,0,0,1,Feminino,0,0,0,6,6,6,15.1666666666666,0,0,6,7,6,14.8571428571428,0,7.6,2.6,0.32,Graduado,Graduado,0,0
Solteiro,Agronomia,Ensino Secundário,140.0,Português,150.0,0,1,1,Feminino,0,0,0,6,10,5,13.833333333333304,0,0,6,13,5,12.5,0,16.2,0.3,-0.92,Graduado,Graduado,0,0
Solteiro,Enfermagem Veterinária,Ensino Secundário,140.0,Português,135.8,0,0,1,Feminino,0,0,0,5,6,5,13.333333333333304,0,0,5,7,4,14.8,0,7.6,2.6,0.32,Graduado,Graduado,0,0
Solteiro,Design de Animação e Multimédia,Ensino Secundário,135.0,Português,143.8,0,1,1,Feminino,0,0,0,0,0,0,0.0,0,0,0,0,0,0.0,0,12.7,3.7,-1.7,Matriculado,Matriculado,0,
Solteiro,Ensino Básico,Ensino Secundário,121.0,Português,116.8,0,0,1,Feminino,0,0,0,6,11,3,11.666666666666602,0,0,6,11,3,10.666666666666602,0,9.4,-0.8,-3.12,Desistente,Desistente,1,1
Solteiro,Enfermagem Veterinária,Ensino Secundário,124.0,Português,113.9,0,0,1,Feminino,0,0,0,6,12,5,15.0,0,0,6,9,6,13.428571428571399,0,16.2,0.3,-0.92,Graduado,Graduado,0,0
Solteiro,Enfermagem,Ensino Secundário,131.0,Português,118.0,0,0,1,Feminino,1,0,0,8,8,7,13.242857142857096,0,0,8,8,7,13.242857142857096,0,12.7,3.7,-1.7,Matriculado,Matriculado,0,
Solteiro,Equincultura,Ensino Secundário,160.0,Português,150.2,0,0,1,Feminino,0,0,0,5,13,1,13.0,0,0,5,7,2,12.5,0,12.7,3.7,-1.7,Desistente,Desistente,1,1
Solteiro,Enfermagem,Ensino Secundário,120.0,Português,115.1,0,0,1,Feminino,1,0,0,7,8,6,13.075,0,0,8,10,7,12.05,0,12.4,0.5,1.79,Graduado,Graduado,0,0
Solteiro,Gestão de Publicidade e Marketing,Ensino Secundário,140.0,Português,131.3,0,0,1,Feminino,1,0,0,6,6,6,13.5,0,0,6,9,6,13.6666666666666,0,10.8,1.4,1.74,Graduado,Graduado,0,0
Solteiro,Gestão (presencial noturno),Curso de Especialização Tecnológica,120.0,Português,120.0,0,0,1,Feminino,1,0,2,6,8,5,11.8,0,2,6,8,6,12.333333333333304,0,9.4,-0.8,-3.12,Graduado,Graduado,0,0
Solteiro,Turismo,Ensino Secundário,118.0,Cabo-verdiano,110.3,0,0,0,Feminino,0,1,0,6,7,5,12.6,0,0,6,6,5,11.8,0,11.1,0.6,2.02,Matriculado,Matriculado,0,
Divorciado,Ensino Básico,Ensino Secundário,133.1,Moldávia (República da),100.0,0,0,1,Feminino,0,1,0,6,6,6,12.166666666666602,0,0,6,9,3,11.0,0,7.6,2.6,0.32,Desistente,Desistente,1,1
Solteiro,Serviço Social,Ensino Secundário,111.0,Português,110.7,0,0,1,Feminino,0,0,0,6,9,6,12.166666666666602,0,0,6,9,6,11.0,0,8.9,1.4,3.51,Graduado,Graduado,0,0
Solteiro,Design de Animação e Multimédia,Ensino Secundário,140.0,Português,143.4,0,0,1,Feminino,0,0,0,0,0,0,0.0,0,0,0,0,0,0.0,0,9.4,-0.8,-3.12,Desistente,Desistente,1,1
Solteiro,Enfermagem,Ensino Secundário,125.0,Português,115.9,0,0,1,Feminino,0,0,0,7,7,7,13.557142857142802,0,0,8,9,8,13.2,0,12.4,0.5,1.79,Graduado,Graduado,0,0
Solteiro,Gestão (presencial noturno),Ensino Secundário,133.1,Português,145.0,0,0,1,Feminino,1,0,0,5,6,4,12.25,0,0,5,8,4,11.8,0,10.8,1.4,1.74,Matriculado,Matriculado,0,
Solteiro,Design de Comunicação,Ensino Secundário,136.0,Português,140.9,0,0,1,Feminino,0,0,0,6,6,6,14.333333333333304,0,0,6,6,6,13.5,0,9.4,-0.8,-3.12,Graduado,Graduado,0,0
Solteiro,Jornalismo e Comunicação,Ensino Secundário,115.0,Português,108.4,0,0,1,Feminino,0,0,0,6,10,4,10.5,0,0,6,8,4,11.75,0,7.6,2.6,0.32,Graduado,Graduado,0,0
Solteiro,Jornalismo e Comunicação,Ensino Secundário,116.0,Português,114.3,0,0,1,Feminino,0,0,0,4,8,0,0.0,0,0,4,8,0,0.0,0,7.6,2.6,0.32,Desistente,Desistente,1,1
Solteiro,Ensino Básico,Ensino Secundário,110.0,Português,110.0,0,0,1,Feminino,0,0,0,6,10,4,12.75,0,0,6,14,3,11.333333333333304,0,10.8,1.4,1.74,Matriculado,Matriculado,0,
Solteiro,Serviço Social,Ensino Secundário,135.0,Português,121.7,0,0,1,Feminino,1,0,0,6,14,0,0.0,0,0,6,9,4,11.0,0,7.6,2.6,0.32,Matriculado,Matriculado,0,
Solteiro,Gestão,Ensino Secundário,131.0,Português,123.7,0,0,1,Feminino,0,0,0,5,10,1,14.0,0,0,5,10,1,14.0,0,7.6,2.6,0.32,Matriculado,Matriculado,0,
Solteiro,Enfermagem,Ensino Secundário,124.0,Português,116.5,0,0,1,Feminino,1,0,0,7,9,7,14.093333333333302,0,0,8,8,8,15.0,0,11.1,0.6,2.02,Graduado,Graduado,0,0
Solteiro,Serviço Social,Ensino Secundário,163.0,Português,155.0,0,0,1,Feminino,1,0,0,6,6,6,13.333333333333304,0,0,6,8,6,13.1666666666666,0,9.4,-0.8,-3.12,Graduado,Graduado,0,0
Solteiro,Enfermagem,Ensino Secundário,137.0,Português,129.3,0,0,1,Feminino,0,0,0,8,12,7,12.071428571428502,0,0,8,12,7,12.071428571428502,0,12.7,3.7,-1.7,Graduado,Graduado,0,0
Solteiro,Turismo,Ensino Secundário,128.0,Português,121.7,0,0,1,Feminino,1,0,0,6,6,6,12.666666666666602,0,0,6,6,6,12.5,0,12.4,0.5,1.79,Graduado,Graduado,0,0
Solteiro,Enfermagem Veterinária,Ensino Secundário,133.1,Português,148.2,0,1,1,Feminino,0,0,0,6,11,6,12.125,0,0,6,16,5,12.0,0,12.4,0.5,1.79,Matriculado,Matriculado,0,
Solteiro,Enfermagem,Ensino Secundário,133.1,Português,125.5,0,0,1,Feminino,1,0,0,7,9,7,13.2,0,0,8,9,7,13.257499999999999,0,15.5,2.8,-4.06,Graduado,Graduado,0,0
Solteiro,Enfermagem,Ensino Secundário,148.0,Português,131.9,0,0,1,Feminino,1,0,0,7,8,7,14.15,0,0,8,8,8,14.51125,0,15.5,2.8,-4.06,Graduado,Graduado,0,0
Solteiro,Ensino Básico,Ensino Secundário,127.0,Português,121.8,0,1,1,Feminino,0,0,0,6,12,4,13.5,0,0,6,14,3,10.666666666666602,0,10.8,1.4,1.74,Matriculado,Matriculado,0,
Solteiro,Ensino Básico,Ensino Secundário,110.0,Português,107.7,0,1,0,Feminino,0,0,0,6,0,0,0.0,0,0,5,10,0,0.0,0,10.8,1.4,1.74,Desistente,Desistente,1,1
Solteiro,Higiene Oral,Ensino Secundário,133.1,Português,115.5,0,0,1,Feminino,0,0,0,7,13,5,12.2,0,0,7,14,3,11.4,0,11.1,0.6,2.02,Desistente,Desistente,1,1
Solteiro,Enfermagem Veterinária,Ensino Secundário,145.0,Português,139.8,0,0,1,Feminino,0,0,0,5,6,5,14.8,1,0,5,6,5,14.0,0,12.7,3.7,-1.7,Graduado,Graduado,0,0
Solteiro,Serviço Social,Ensino Secundário,136.0,Português,133.2,0,0,1,Feminino,0,0,0,6,8,5,11.0,0,0,6,13,5,11.4,0,7.6,2.6,0.32,Graduado,Graduado,0,0
Solteiro,Gestão (presencial noturno),Ensino Secundário,131.0,Português,118.4,0,0,1,Feminino,0,0,0,5,10,0,0.0,0,0,5,10,0,0.0,3,7.6,2.6,0.32,Matriculado,Matriculado,0,
Solteiro,Enfermagem Veterinária,Ensino Secundário,138.0,Português,123.3,0,0,1,Feminino,0,0,0,5,15,3,14.0,3,0,5,10,4,11.75,1,9.4,-0.8,-3.12,Matriculado,Matriculado,0,
Casado,Serviço Social (prestação nocturna),Ensino Secundário,150.0,Português,134.5,0,0,1,Feminino,0,0,0,6,8,5,11.833333333333304,0,0,6,6,6,13.0,0,16.2,0.3,-0.92,Graduado,Graduado,0,0
Solteiro,Gestão de Publicidade e Marketing,Ensino Secundário,112.0,Português,110.6,0,0,1,Feminino,0,0,0,5,7,4,11.75,0,0,5,7,5,11.8,1,7.6,2.6,0.32,Graduado,Graduado,0,0
Solteiro,Turismo,Ensino Secundário,154.0,Português,154.0,0,0,1,Feminino,0,0,8,14,22,12,12.333333333333304,0,3,12,20,8,12.0,0,9.4,-0.8,-3.12,Graduado,Graduado,0,0
Solteiro,Gestão (presencial noturno),Curso de Especialização Tecnológica,160.0,Português,160.0,0,0,1,Feminino,0,0,3,10,16,3,11.666666666666602,0,3,10,24,6,11.833333333333304,0,9.4,-0.8,-3.12,Desistente,Desistente,1,1
Solteiro,Enfermagem Veterinária,Curso de Especialização Tecnológica,140.0,Português,140.0,0,0,1,Feminino,0,0,1,6,9,6,12.666666666666602,0,1,6,10,4,11.5,0,13.9,-0.3,0.79,Matriculado,Matriculado,0,
Solteiro,Ensino Básico,Ensino Secundário,150.0,Português,132.5,0,0,1,Feminino,0,0,0,6,9,4,12.25,0,0,6,8,5,11.6,0,10.8,1.4,1.74,Matriculado,Matriculado,0,
Solteiro,Turismo,Ensino Secundário,141.0,Português,127.7,0,0,1,Feminino,1,0,0,6,7,6,11.285714285714198,0,0,6,9,4,13.5,0,16.2,0.3,-0.92,Graduado,Graduado,0,0
Solteiro,Gestão,Ensino Secundário,122.0,Português,117.5,0,1,0,Feminino,0,0,0,5,12,2,11.5,0,0,5,12,0,0.0,0,12.7,3.7,-1.7,Desistente,Desistente,1,1
Solteiro,Turismo,Ensino Secundário,120.0,Português,127.0,0,0,1,Feminino,1,0,0,6,10,6,11.666666666666602,0,0,6,10,4,12.25,0,9.4,-0.8,-3.12,Graduado,Graduado,0,0
Solteiro,Enfermagem,Ensino Secundário,139.0,Português,125.5,0,0,1,Feminino,1,0,0,8,8,7,13.5142857142857,0,0,8,8,7,13.5142857142857,0,12.7,3.7,-1.7,Graduado,Graduado,0,0
Solteiro,Jornalismo e Comunicação,Ensino Secundário,138.0,Português,140.5,0,0,1,Feminino,0,0,0,6,7,6,13.0,0,0,6,9,6,13.7142857142857,0,7.6,2.6,0.32,Graduado,Graduado,0,0
Solteiro,Ensino Básico,Ensino Secundário,119.0,Português,118.3,0,0,1,Feminino,0,0,0,6,11,3,15.0,0,0,6,11,4,10.25,0,9.4,-0.8,-3.12,Matriculado,Matriculado,0,
Solteiro,Enfermagem,Ensino Secundário,129.0,Português,120.8,0,0,1,Feminino,1,0,0,8,8,7,12.744285714285699,0,0,8,8,7,12.744285714285699,0,10.8,1.4,1.74,Graduado,Graduado,0,0
Solteiro,Gestão,Ensino Secundário,133.1,Português,95.0,0,0,1,Feminino,0,0,0,5,10,4,11.75,0,0,5,8,5,11.8,0,11.1,0.6,2.02,Graduado,Graduado,0,0
Solteiro,Serviço Social (prestação nocturna),Ensino Secundário,125.0,Português,122.2,0,1,1,Feminino,0,0,0,6,6,6,12.166666666666602,0,0,6,7,6,11.666666666666602,0,10.8,1.4,1.74,Graduado,Graduado,0,0
Solteiro,Design de Animação e Multimédia,Ensino Secundário,125.0,Português,143.9,0,0,1,Feminino,0,0,0,0,0,0,0.0,0,0,0,0,0,0.0,0,15.5,2.8,-4.06,Matriculado,Matriculado,0,
Solteiro,Design de Comunicação,Ensino Secundário,137.0,Português,127.2,0,0,1,Feminino,1,0,1,6,9,5,13.4,1,0,6,9,6,12.375,0,13.9,-0.3,0.79,Graduado,Graduado,0,0
Solteiro,Serviço Social,Ensino Secundário,123.0,Português,120.2,0,0,1,Feminino,0,0,0,6,9,5,11.8,0,0,6,10,4,11.5,0,7.6,2.6,0.32,Desistente,Desistente,1,1
Solteiro,Enfermagem,Ensino Secundário,154.0,Português,134.8,0,0,1,Feminino,0,0,0,7,7,6,13.533333333333303,0,0,7,7,6,13.533333333333303,0,7.6,2.6,0.32,Graduado,Graduado,0,0
Solteiro,Turismo,Ensino Secundário,144.0,Português,142.6,0,0,1,Feminino,1,0,0,6,7,6,14.1666666666666,0,0,6,10,4,14.0,0,15.5,2.8,-4.06,Graduado,Graduado,0,0
Solteiro,Enfermagem,Ensino Secundário,153.0,Português,147.9,0,0,1,Feminino,1,0,0,7,7,7,14.652857142857096,0,0,8,9,8,14.7555555555555,0,12.4,0.5,1.79,Graduado,Graduado,0,0
Solteiro,Design de Animação e Multimédia,Ensino Secundário,152.0,Português,160.4,0,0,0,Feminino,0,0,0,0,0,0,0.0,0,0,0,0,0,0.0,0,7.6,2.6,0.32,Desistente,Desistente,1,1
Solteiro,Gestão,Ensino Secundário,150.0,Ucraniano,134.6,0,0,1,Masculino,0,1,0,5,5,5,13.6,0,0,5,7,5,13.0,0,9.4,-0.8,-3.12,Graduado,Graduado,0,0
Solteiro,Turismo,Ensino Secundário,129.0,Português,121.0,0,0,1,Feminino,1,0,0,6,9,6,12.833333333333304,0,0,6,6,4,13.25,0,16.2,0.3,-0.92,Graduado,Graduado,0,0
Solteiro,Serviço Social,Ensino Secundário,150.0,Português,142.7,0,0,1,Feminino,1,0,0,6,6,6,14.6666666666666,0,0,6,6,6,15.1666666666666,0,9.4,-0.8,-3.12,Graduado,Graduado,0,0
Solteiro,Jornalismo e Comunicação,Ensino Secundário,125.0,Português,115.6,0,0,1,Feminino,0,0,0,6,6,6,13.333333333333304,0,0,6,6,6,14.6666666666666,0,12.4,0.5,1.79,Graduado,Graduado,0,0
Solteiro,Serviço Social,Ensino Secundário,133.1,Português,130.0,0,0,0,Feminino,1,0,0,6,10,5,13.4,0,0,6,9,5,11.4,0,10.8,1.4,1.74,Graduado,Graduado,0,0
Solteiro,Enfermagem,Ensino Secundário,140.0,Português,124.3,0,0,1,Feminino,1,0,0,7,9,7,13.3125,0,0,8,8,8,15.6375,0,13.9,-0.3,0.79,Graduado,Graduado,0,0
Solteiro,Design de Animação e Multimédia,Ensino Secundário,140.0,Português,137.9,0,1,0,Feminino,0,0,0,0,0,0,0.0,0,0,0,0,0,0.0,0,8.9,1.4,3.51,Desistente,Desistente,1,1
Solteiro,Jornalismo e Comunicação,Ensino Secundário,133.1,Português,100.0,0,1,0,Feminino,0,0,0,4,4,0,0.0,0,0,5,5,0,0.0,0,12.4,0.5,1.79,Desistente,Desistente,1,1
Solteiro,Jornalismo e Comunicação,Ensino Secundário,132.0,Português,128.2,0,0,1,Feminino,1,0,0,6,7,6,12.333333333333304,0,0,6,6,6,13.5,0,9.4,-0.8,-3.12,Graduado,Graduado,0,0
Solteiro,Jornalismo e Comunicação,Ensino Secundário,135.0,Português,135.0,0,0,1,Feminino,0,0,0,6,6,6,13.5,0,0,6,6,6,13.333333333333304,0,12.4,0.5,1.79,Matriculado,Matriculado,0,
Solteiro,Serviço Social,Ensino Secundário,135.0,Português,121.0,0,0,1,Feminino,0,0,0,6,8,5,13.0,0,0,6,7,6,11.833333333333304,0,10.8,1.4,1.74,Graduado,Graduado,0,0
Solteiro,Gestão de Publicidade e Marketing,Ensino Secundário,133.1,Português,147.0,0,0,1,Feminino,0,0,0,5,6,2,12.5,0,0,5,5,0,0.0,0,9.4,-0.8,-3.12,Desistente,Desistente,1,1
Solteiro,Serviço Social,Ensino Secundário,168.0,Português,149.5,0,0,1,Feminino,0,0,0,6,10,6,17.0,0,0,6,11,6,16.0,0,12.4,0.5,1.79,Graduado,Graduado,0,0
Solteiro,Serviço Social,Ensino Secundário,143.0,Português,144.4,0,0,1,Feminino,0,0,0,6,7,6,13.5,0,0,6,6,6,13.0,0,10.8,1.4,1.74,Graduado,Graduado,0,0
Solteiro,Turismo,Ensino Secundário,116.0,Português,116.0,0,0,1,Feminino,0,0,0,6,7,6,12.714285714285698,0,0,6,6,6,11.833333333333304,0,8.9,1.4,3.51,Graduado,Graduado,0,0
Solteiro,Enfermagem,Ensino Secundário,134.0,Português,120.7,0,0,1,Feminino,1,0,0,7,9,6,13.0,0,0,8,11,8,13.9272727272727,0,16.2,0.3,-0.92,Graduado,Graduado,0,0
Solteiro,Serviço Social,Curso de Especialização Tecnológica,140.0,Português,141.8,0,0,1,Feminino,0,0,3,6,7,6,12.571428571428502,0,2,6,6,6,13.5,0,12.4,0.5,1.79,Graduado,Graduado,0,0
Solteiro,Serviço Social (prestação nocturna),Ensino Secundário,133.0,Português,119.7,0,0,1,Feminino,1,0,0,6,10,4,11.5,0,0,6,11,6,11.5,0,9.4,-0.8,-3.12,Desistente,Desistente,1,1
Solteiro,Serviço Social,Ensino Secundário,125.0,Português,118.4,0,0,1,Feminino,1,0,0,6,6,6,13.5,0,0,6,7,6,13.285714285714198,0,11.1,0.6,2.02,Graduado,Graduado,0,0
Casado,Serviço Social (prestação nocturna),Ensino Secundário,133.1,Português,134.5,0,0,1,Feminino,0,0,0,6,8,5,13.6,0,0,6,7,5,13.0,0,15.5,2.8,-4.06,Matriculado,Matriculado,0,
Casado,Enfermagem Veterinária,Ensino Secundário,133.1,Português,128.2,0,0,0,Feminino,1,0,0,5,14,1,12.0,3,0,5,5,0,0.0,5,9.4,-0.8,-3.12,Desistente,Desistente,1,1
Casado,Enfermagem,Ensino Secundário,137.0,Português,115.0,0,0,1,Feminino,0,0,0,7,8,7,14.95,0,0,8,8,8,14.7375,0,13.9,-0.3,0.79,Graduado,Graduado,0,0
Solteiro,Gestão (presencial noturno),Ensino Secundário,140.0,Português,130.0,0,1,1,Feminino,0,0,0,5,10,4,11.25,0,0,5,9,4,12.0,0,12.7,3.7,-1.7,Matriculado,Matriculado,0,
Solteiro,Gestão de Publicidade e Marketing,Ensino Secundário,134.0,Português,120.7,0,1,0,Feminino,0,0,0,6,13,3,10.666666666666602,0,0,6,6,4,12.25,0,15.5,2.8,-4.06,Desistente,Desistente,1,1
Solteiro,Enfermagem,Ensino Secundário,139.0,Português,130.5,0,0,1,Feminino,0,0,0,8,8,7,14.992857142857096,0,0,8,8,7,14.992857142857096,0,10.8,1.4,1.74,Graduado,Graduado,0,0
Solteiro,Gestão,Ensino Secundário,113.0,Português,107.4,0,0,1,Masculino,0,0,0,5,12,3,10.5,0,0,5,10,4,11.25,0,12.4,0.5,1.79,Matriculado,Matriculado,0,
Solteiro,Serviço Social,Ensino Secundário,133.1,Português,100.0,0,0,1,Masculino,0,0,0,6,6,4,11.25,0,0,6,7,3,11.0,0,8.9,1.4,3.51,Matriculado,Matriculado,0,
Solteiro,Jornalismo e Comunicação,Ensino Secundário,132.0,Português,125.0,0,0,1,Masculino,1,0,0,6,6,6,12.333333333333304,0,0,6,7,6,14.0,0,12.4,0.5,1.79,Graduado,Graduado,0,0
Solteiro,Enfermagem,Ensino Secundário,127.0,Português,121.5,0,0,1,Masculino,0,0,0,7,7,6,13.0166666666666,0,0,7,7,6,13.0166666666666,0,7.6,2.6,0.32,Matriculado,Matriculado,0,
Solteiro,Enfermagem Veterinária,Ensino Secundário,123.0,Português,127.2,0,1,0,Masculino,0,0,0,5,7,3,11.333333333333304,0,0,5,8,2,11.5,0,7.6,2.6,0.32,Desistente,Desistente,1,1
Solteiro,Enfermagem Veterinária,Ensino Superior - Licenciatura (1º Ciclo),130.0,Português,160.0,0,0,1,Feminino,0,0,0,6,7,6,16.142857142857096,0,0,6,7,6,14.6666666666666,0,13.9,-0.3,0.79,Graduado,Graduado,0,0
Solteiro,Enfermagem Veterinária,Ensino Secundário,125.0,Português,120.0,0,0,1,Feminino,0,0,0,6,8,6,14.833333333333304,0,0,6,10,5,13.833333333333304,0,11.1,0.6,2.02,Graduado,Graduado,0,0
Solteiro,Enfermagem,Ensino Secundário,140.0,Português,141.5,0,1,0,Feminino,0,0,0,8,8,7,13.327142857142803,0,0,8,8,7,13.327142857142803,0,10.8,1.4,1.74,Desistente,Desistente,1,1
Solteiro,Serviço Social,Ensino Secundário,111.0,Português,111.4,0,0,0,Feminino,0,0,0,6,13,4,11.0,0,0,6,13,2,11.5,0,12.7,3.7,-1.7,Desistente,Desistente,1,1
Solteiro,Design de Comunicação,Ensino Secundário,132.0,Português,136.6,0,0,1,Feminino,0,0,1,6,10,6,11.714285714285698,1,0,6,15,6,10.375,0,13.9,-0.3,0.79,Matriculado,Matriculado,0,
Solteiro,Design de Animação e Multimédia,Ensino Secundário,150.0,Português,154.6,0,0,1,Feminino,0,0,6,12,13,12,12.333333333333304,0,4,11,12,10,12.727272727272702,0,8.9,1.4,3.51,Desistente,Desistente,1,1
Solteiro,Ensino Básico,Ensino Secundário,118.0,Português,111.4,0,1,0,Feminino,0,0,0,7,9,0,0.0,0,0,6,6,0,0.0,0,11.1,0.6,2.02,Desistente,Desistente,1,1
Casado,Gestão (presencial noturno),Ensino Secundário,150.0,Português,120.1,0,0,0,Feminino,0,0,11,15,15,12,11.916666666666602,0,8,13,14,8,11.25,0,10.8,1.4,1.74,Desistente,Desistente,1,1
Casado,Serviço Social (prestação nocturna),Ensino Básico (3º Ciclo),100.0,Português,100.0,0,1,1,Feminino,0,0,0,6,9,6,11.833333333333304,0,0,6,7,6,11.0,0,7.6,2.6,0.32,Graduado,Graduado,0,0
Casado,Enfermagem,Ensino Superior - Licenciatura,130.0,Português,140.0,0,1,0,Feminino,0,0,3,7,11,3,12.333333333333304,0,3,7,9,3,11.666666666666602,0,13.9,-0.3,0.79,Desistente,Desistente,1,1
Casado,Gestão (presencial noturno),Ensino Superior - Licenciatura,130.0,Português,130.0,0,0,1,Feminino,0,0,5,10,11,10,14.3,0,5,10,10,10,14.2,0,12.7,3.7,-1.7,Graduado,Graduado,0,0
Divorciado,Enfermagem,Ensino Básico (3º Ciclo),133.1,Português,100.0,0,0,0,Feminino,0,0,0,8,11,5,11.832,4,0,8,11,5,11.832,4,9.4,-0.8,-3.12,Desistente,Desistente,1,1
Solteiro,Gestão,Ensino Secundário,112.0,Português,106.1,0,0,1,Feminino,0,0,0,5,13,2,10.0,1,0,5,10,0,0.0,0,9.4,-0.8,-3.12,Desistente,Desistente,1,1
Casado,Gestão (presencial noturno),Ensino Secundário,144.0,Português,151.4,0,0,1,Feminino,0,0,0,5,5,5,12.0,0,0,5,6,5,11.6,0,7.6,2.6,0.32,Graduado,Graduado,0,0
Solteiro,Ensino Básico,Ensino Secundário,120.0,Português,113.7,0,1,0,Feminino,0,0,0,7,11,5,12.2,0,0,7,13,0,0.0,0,12.4,0.5,1.79,Desistente,Desistente,1,1
Solteiro,Gestão de Publicidade e Marketing,Ensino Secundário,121.0,Português,116.5,0,0,1,Feminino,0,0,0,5,7,3,11.333333333333304,0,0,5,5,4,11.25,0,7.6,2.6,0.32,Desistente,Desistente,1,1
Solteiro,Serviço Social (prestação nocturna),Ensino Superior - Mestrado,120.0,Português,120.0,0,0,1,Feminino,0,0,10,16,24,13,13.8461538461538,0,7,11,15,9,12.5555555555555,0,15.5,2.8,-4.06,Desistente,Desistente,1,1
Solteiro,Enfermagem,Ensino Secundário,100.0,Português,122.0,0,0,1,Feminino,0,0,0,8,8,7,12.412857142857096,0,0,8,8,7,12.412857142857096,0,10.8,1.4,1.74,Graduado,Graduado,0,0
Solteiro,Gestão de Publicidade e Marketing,Ensino Secundário,115.0,Português,117.1,0,0,1,Feminino,0,0,0,5,7,3,12.666666666666602,0,0,5,6,4,12.75,1,7.6,2.6,0.32,Matriculado,Matriculado,0,
Solteiro,Enfermagem,Ensino Secundário,123.0,Português,120.8,0,0,1,Feminino,0,0,0,8,11,7,12.545714285714197,0,0,8,11,7,12.545714285714197,0,10.8,1.4,1.74,Graduado,Graduado,0,0
Solteiro,Jornalismo e Comunicação,Ensino Secundário,134.0,Português,141.4,0,0,1,Feminino,0,0,0,6,12,3,13.0,0,0,6,13,2,14.0,0,9.4,-0.8,-3.12,Desistente,Desistente,1,1
Solteiro,Agronomia,Ensino Secundário,123.0,Português,110.0,0,1,0,Feminino,0,0,0,6,6,0,0.0,0,0,6,6,0,0.0,0,11.1,0.6,2.02,Desistente,Desistente,1,1
Casado,Gestão (presencial noturno),Ensino Superior - Licenciatura,120.0,Português,120.0,0,0,0,Feminino,0,0,9,12,12,9,12.222222222222198,2,9,12,12,9,13.0,0,9.4,-0.8,-3.12,Desistente,Desistente,1,1
Solteiro,Gestão,Ensino Secundário,131.0,Português,120.2,0,0,1,Feminino,0,0,0,5,10,5,13.285714285714198,0,0,5,8,5,13.0,0,12.7,3.7,-1.7,Graduado,Graduado,0,0
Casado,Gestão (presencial noturno),Outro - 11º Ano de Escolaridade,133.1,Português,138.4,0,0,1,Masculino,0,0,0,5,7,3,11.666666666666602,0,0,5,8,1,11.0,0,7.6,2.6,0.32,Desistente,Desistente,1,1
Solteiro,Agronomia,Curso de Especialização Tecnológica,150.0,Português,150.0,0,0,1,Masculino,1,0,0,6,9,6,13.5555555555555,0,0,6,7,6,12.666666666666602,0,13.9,-0.3,0.79,Graduado,Graduado,0,0
Solteiro,Jornalismo e Comunicação,Ensino Secundário,134.0,Português,121.8,0,0,1,Masculino,0,0,0,6,6,6,13.1666666666666,0,0,6,8,6,12.428571428571399,0,16.2,0.3,-0.92,Graduado,Graduado,0,0
Solteiro,Design de Animação e Multimédia,Curso de Especialização Tecnológica,140.0,Português,140.0,0,0,1,Masculino,0,0,0,0,0,0,0.0,0,0,0,0,0,0.0,0,15.5,2.8,-4.06,Matriculado,Matriculado,0,
Solteiro,Turismo,Ensino Secundário,117.0,Português,116.3,0,0,1,Masculino,1,0,0,6,6,6,11.666666666666602,0,0,6,7,5,12.2,0,10.8,1.4,1.74,Graduado,Graduado,0,0
Solteiro,Gestão (presencial noturno),Ensino Secundário,143.0,Português,131.5,0,0,1,Masculino,0,0,0,5,11,4,11.0,0,0,5,8,4,12.25,0,15.5,2.8,-4.06,Desistente,Desistente,1,1
Solteiro,Design de Comunicação,Ensino Secundário,142.0,Português,141.0,0,0,1,Masculino,0,0,0,6,6,6,13.0,0,0,6,8,1,10.0,0,10.8,1.4,1.74,Matriculado,Matriculado,0,
Solteiro,Design de Comunicação,Ensino Secundário,132.0,Português,138.0,0,0,1,Masculino,1,0,0,6,6,6,13.6666666666666,0,0,6,6,6,12.0,0,12.4,0.5,1.79,Graduado,Graduado,0,0
Solteiro,Engenharia Informática,Ensino Secundário,138.0,Português,127.5,0,0,1,Masculino,0,0,0,5,6,5,14.6,0,0,5,5,5,15.2,0,8.9,1.4,3.51,Desistente,Desistente,1,1
Solteiro,Enfermagem,Ensino Secundário,131.0,Português,127.0,0,0,1,Masculino,1,0,0,8,8,7,12.514285714285696,0,0,8,8,7,12.514285714285696,0,12.7,3.7,-1.7,Graduado,Graduado,0,0
Solteiro,Enfermagem Veterinária,Ensino Secundário,123.0,Português,118.9,0,0,1,Masculino,0,0,0,5,5,3,14.0,0,0,5,7,3,12.666666666666602,0,7.6,2.6,0.32,Matriculado,Matriculado,0,
Solteiro,Turismo,Ensino Secundário,131.0,Português,134.5,0,0,1,Masculino,0,0,0,6,8,6,13.1666666666666,0,0,6,8,5,12.6,0,7.6,2.6,0.32,Matriculado,Matriculado,0,
Solteiro,Engenharia Informática,Ensino Secundário,141.0,Português,133.0,0,0,1,Masculino,0,0,0,5,10,4,13.0,0,0,5,10,3,12.333333333333304,3,7.6,2.6,0.32,Matriculado,Matriculado,0,
União de Fato,Gestão,Ensino Secundário,133.1,Português,114.0,0,0,0,Masculino,0,0,0,5,5,1,13.0,0,0,5,5,0,0.0,0,8.9,1.4,3.51,Desistente,Desistente,1,1
Solteiro,Engenharia Informática,Ensino Secundário,116.0,Português,116.7,0,0,1,Masculino,0,0,0,5,10,1,10.0,0,0,5,8,3,13.6666666666666,3,7.6,2.6,0.32,Desistente,Desistente,1,1
Solteiro,Jornalismo e Comunicação,Ensino Secundário,123.0,Português,125.1,0,1,1,Masculino,1,0,0,6,6,6,14.333333333333304,0,0,6,6,6,15.333333333333304,0,11.1,0.6,2.02,Graduado,Graduado,0,0
Solteiro,Turismo,Ensino Secundário,133.0,Português,137.2,0,0,1,Masculino,1,0,0,6,6,0,0.0,0,0,6,12,0,0.0,0,10.8,1.4,1.74,Desistente,Desistente,1,1
Solteiro,Gestão (presencial noturno),Ensino Secundário,133.1,Português,111.4,0,0,1,Masculino,0,0,0,5,7,1,11.0,0,0,5,7,0,0.0,0,13.9,-0.3,0.79,Desistente,Desistente,1,1
Solteiro,Enfermagem Veterinária,Ensino Secundário,133.1,Português,105.0,0,0,1,Masculino,0,0,0,6,15,3,11.25,0,0,6,9,0,0.0,0,12.4,0.5,1.79,Matriculado,Matriculado,0,
Solteiro,Gestão,Ensino Secundário,140.0,Português,124.3,0,0,1,Masculino,0,0,0,5,7,4,10.75,0,0,5,12,3,10.571428571428502,0,10.8,1.4,1.74,Desistente,Desistente,1,1
Solteiro,Gestão,Ensino Básico (3º Ciclo),100.0,Português,132.0,0,1,0,Masculino,0,0,0,5,7,1,11.0,0,0,5,9,0,0.0,0,10.8,1.4,1.74,Desistente,Desistente,1,1
Solteiro,Higiene Oral,Ensino Secundário,130.0,Português,110.0,0,0,1,Masculino,1,0,0,7,13,6,10.857142857142803,0,0,7,7,7,11.857142857142803,0,12.7,3.7,-1.7,Matriculado,Matriculado,0,
Solteiro,Gestão,Ensino Secundário,134.0,Português,134.7,0,0,1,Masculino,0,0,1,5,10,4,11.75,0,0,5,10,3,11.0,0,7.6,2.6,0.32,Matriculado,Matriculado,0,
Solteiro,Enfermagem Veterinária,Ensino Secundário,134.0,Português,136.8,0,0,1,Masculino,0,0,0,5,8,5,12.8,0,0,5,9,4,13.6666666666666,1,10.8,1.4,1.74,Graduado,Graduado,0,0
Solteiro,Enfermagem Veterinária,Curso de Especialização Tecnológica,160.0,Português,160.0,0,0,1,Masculino,0,0,1,5,15,3,12.333333333333304,2,0,5,7,5,11.4,0,9.4,-0.8,-3.12,Graduado,Graduado,0,0
Solteiro,Agronomia,Curso de Especialização Tecnológica,130.0,Português,130.0,0,1,0,Masculino,0,0,0,6,12,2,11.333333333333304,0,0,6,8,2,13.0,0,13.9,-0.3,0.79,Desistente,Desistente,1,1
Solteiro,Serviço Social,Ensino Secundário,141.0,Português,128.8,0,0,1,Masculino,0,0,0,6,10,5,11.6,0,0,6,6,6,11.166666666666602,0,10.8,1.4,1.74,Graduado,Graduado,0,0
Solteiro,Design de Animação e Multimédia,Ensino Secundário,147.0,Português,148.4,0,0,1,Masculino,1,0,8,14,15,12,10.923076923076902,0,7,13,14,11,12.1818181818181,0,11.1,0.6,2.02,Graduado,Graduado,0,0
Solteiro,Design de Animação e Multimédia,Ensino Secundário,137.0,Português,130.4,0,0,1,Masculino,0,0,0,0,0,0,0.0,0,0,0,0,0,0.0,0,15.5,2.8,-4.06,Graduado,Graduado,0,0
Casado,Enfermagem,Ensino Superior - Licenciatura,130.0,Português,126.0,0,0,1,Masculino,0,0,0,7,7,7,13.6285714285714,0,0,8,8,8,13.9125,0,13.9,-0.3,0.79,Graduado,Graduado,0,0
Solteiro,Turismo,Ensino Secundário,119.0,Português,118.7,0,0,1,Masculino,0,0,0,6,16,3,10.333333333333304,0,0,6,16,1,11.0,0,10.8,1.4,1.74,Desistente,Desistente,1,1
Solteiro,Agronomia,Ensino Secundário,130.0,Português,120.0,0,0,1,Masculino,0,0,12,18,25,18,13.736842105263104,0,10,13,15,12,13.75,1,15.5,2.8,-4.06,Graduado,Graduado,0,0
Solteiro,Agronomia,Ensino Secundário,130.0,Português,120.0,0,0,1,Masculino,0,0,7,13,19,8,11.625,0,5,10,17,6,11.0,0,15.5,2.8,-4.06,Matriculado,Matriculado,0,
Solteiro,Design de Comunicação,Curso de Especialização Tecnológica,120.0,Português,116.3,1,0,1,Masculino,1,0,2,7,7,4,11.5,0,5,9,10,7,12.142857142857096,0,12.4,0.5,1.79,Graduado,Graduado,0,0
Solteiro,Jornalismo e Comunicação,Ensino Secundário,130.0,Português,133.9,0,0,1,Masculino,1,0,0,6,8,5,14.0,0,0,6,8,6,13.0,0,10.8,1.4,1.74,Graduado,Graduado,0,0
Solteiro,Gestão (presencial noturno),Curso de Especialização Tecnológica,150.0,Português,150.3,0,0,1,Masculino,0,0,0,5,7,3,11.333333333333304,0,0,5,6,0,0.0,0,10.8,1.4,1.74,Desistente,Desistente,1,1
Solteiro,Gestão,Ensino Secundário,120.0,Português,118.3,0,0,1,Masculino,0,0,0,5,13,1,10.0,0,0,5,5,1,10.0,0,12.7,3.7,-1.7,Desistente,Desistente,1,1
Solteiro,Agronomia,Curso de Especialização Tecnológica,130.0,Português,130.0,0,0,1,Masculino,0,0,0,6,14,5,11.714285714285698,0,0,6,15,5,12.0,0,16.2,0.3,-0.92,Graduado,Graduado,0,0
Solteiro,Design de Animação e Multimédia,Curso de Especialização Tecnológica,140.0,Português,140.0,0,0,0,Masculino,0,0,0,0,0,0,0.0,0,0,0,0,0,0.0,0,15.5,2.8,-4.06,Desistente,Desistente,1,1
Solteiro,Gestão,Ensino Secundário,130.0,Português,110.4,0,0,1,Masculino,0,0,13,15,15,13,10.7692307692307,0,11,14,15,12,11.833333333333304,0,7.6,2.6,0.32,Desistente,Desistente,1,1
Solteiro,Jornalismo e Comunicação,Ensino Secundário,147.0,Português,139.7,0,0,1,Masculino,0,0,0,6,10,5,11.6,0,0,6,6,6,12.0,0,9.4,-0.8,-3.12,Desistente,Desistente,1,1
Solteiro,Gestão,Ensino Secundário,148.0,Português,138.3,0,0,1,Masculino,0,0,0,5,6,4,13.75,0,0,5,5,0,0.0,0,12.4,0.5,1.79,Desistente,Desistente,1,1
Solteiro,Gestão,Ensino Secundário,133.0,Português,123.2,0,0,1,Masculino,0,0,0,5,14,4,11.0,0,0,5,9,5,10.5,0,13.9,-0.3,0.79,Desistente,Desistente,1,1
Solteiro,Gestão,Ensino Secundário,135.0,Português,120.0,0,0,0,Masculino,0,0,0,5,6,0,0.0,0,0,5,5,0,0.0,0,15.5,2.8,-4.06,Desistente,Desistente,1,1
Solteiro,Design de Animação e Multimédia,Ensino Secundário,116.0,Português,127.0,0,0,1,Masculino,0,0,0,0,0,0,0.0,0,0,0,0,0,0.0,0,7.6,2.6,0.32,Desistente,Desistente,1,1
Solteiro,Design de Animação e Multimédia,Curso de Especialização Tecnológica,110.0,Português,114.2,0,0,1,Masculino,0,0,0,0,0,0,0.0,0,0,0,0,0,0.0,0,12.4,0.5,1.79,Desistente,Desistente,1,1
Solteiro,Jornalismo e Comunicação,Ensino Secundário,133.0,Português,119.7,0,0,1,Masculino,0,0,0,6,7,6,12.333333333333304,0,0,6,10,5,13.2,0,16.2,0.3,-0.92,Graduado,Graduado,0,0
Solteiro,Enfermagem Veterinária,Curso de Especialização Tecnológica,150.0,Português,150.0,0,0,1,Masculino,1,0,0,6,9,6,13.428571428571399,0,1,6,12,6,13.625,0,12.4,0.5,1.79,Graduado,Graduado,0,0
Solteiro,Engenharia Informática,Ensino Secundário,135.0,Português,123.5,0,0,1,Masculino,0,0,0,5,10,0,0.0,0,0,5,10,1,10.0,3,7.6,2.6,0.32,Matriculado,Matriculado,0,
Solteiro,Gestão (presencial noturno),Ensino Superior - Licenciatura,130.0,Português,130.0,0,0,0,Masculino,0,0,0,5,12,4,14.75,0,0,5,9,2,15.0,0,16.2,0.3,-0.92,Desistente,Desistente,1,1
Solteiro,Ensino Básico,Ensino Secundário,130.0,Português,124.6,0,0,1,Masculino,0,0,19,21,21,21,12.4761904761904,0,13,19,19,19,12.210526315789398,0,12.4,0.5,1.79,Graduado,Graduado,0,0
Solteiro,Engenharia Informática,Ensino Secundário,132.0,Português,119.4,0,0,1,Masculino,0,0,0,5,8,0,0.0,0,0,5,5,0,0.0,0,7.6,2.6,0.32,Desistente,Desistente,1,1
Solteiro,Turismo,Ensino Secundário,125.0,Português,121.9,0,0,1,Masculino,0,0,0,6,15,3,11.666666666666602,0,0,6,14,2,12.5,0,10.8,1.4,1.74,Desistente,Desistente,1,1
Solteiro,Design de Comunicação,Ensino Secundário,118.0,Português,110.0,0,1,1,Masculino,0,0,0,6,6,6,12.0,0,0,6,7,6,13.571428571428504,0,8.9,1.4,3.51,Graduado,Graduado,0,0
Solteiro,Gestão de Publicidade e Marketing,Ensino Secundário,118.0,Português,118.7,0,0,1,Masculino,1,0,0,6,7,6,12.0,0,0,6,6,6,14.0,0,12.4,0.5,1.79,Graduado,Graduado,0,0
Solteiro,Design de Animação e Multimédia,Ensino Secundário,161.0,Brasileiro,163.1,0,0,0,Feminino,0,1,6,12,12,12,15.25,0,4,11,12,11,15.0,0,8.9,1.4,3.51,Graduado,Graduado,0,0
Solteiro,Jornalismo e Comunicação,Ensino Secundário,136.0,Português,121.7,0,0,1,Masculino,1,0,0,6,9,5,12.4,0,0,6,6,6,13.1666666666666,0,12.7,3.7,-1.7,Graduado,Graduado,0,0
Solteiro,Gestão,Ensino Secundário,135.0,Santomense,135.0,0,1,1,Masculino,0,1,0,5,9,3,12.333333333333304,0,0,5,8,4,11.25,0,8.9,1.4,3.51,Matriculado,Matriculado,0,
Divorciado,Gestão (presencial noturno),Ensino Secundário,147.0,Português,147.9,0,0,1,Feminino,0,0,0,5,8,4,11.5,0,0,5,7,4,12.0,0,10.8,1.4,1.74,Matriculado,Matriculado,0,
Solteiro,Jornalismo e Comunicação,Ensino Secundário,124.0,Lituano,118.1,0,1,0,Feminino,0,1,0,6,8,5,12.2,0,0,6,6,4,11.75,0,16.2,0.3,-0.92,Desistente,Desistente,1,1
Solteiro,Gestão (presencial noturno),Ensino Básico (3º Ciclo),133.1,Português,105.3,0,1,1,Feminino,0,0,0,5,14,2,10.5,0,0,5,6,0,0.0,0,12.4,0.5,1.79,Desistente,Desistente,1,1
Solteiro,Enfermagem,Ensino Secundário,141.0,Português,139.8,0,0,1,Feminino,1,0,0,8,8,7,14.4,0,0,8,8,7,14.4,0,12.7,3.7,-1.7,Graduado,Graduado,0,0
Casado,Serviço Social (prestação nocturna),Ensino Superior - Licenciatura,130.0,Português,130.0,0,0,1,Feminino,0,0,8,14,18,13,12.846153846153797,0,7,11,19,10,12.8,0,10.8,1.4,1.74,Graduado,Graduado,0,0
Solteiro,Serviço Social (prestação nocturna),Curso de Especialização Tecnológica,110.0,Português,127.5,0,1,0,Feminino,0,0,0,6,13,4,12.0,0,0,6,7,5,13.2,0,16.2,0.3,-0.92,Desistente,Desistente,1,1
Casado,Gestão,Outro - 11º Ano de Escolaridade,133.1,Português,120.0,0,0,1,Feminino,0,0,0,5,0,0,0.0,0,0,5,0,0,0.0,0,9.4,-0.8,-3.12,Desistente,Desistente,1,1
Casado,Ensino Básico,Ensino Secundário,130.0,Português,124.2,0,0,1,Feminino,0,0,3,7,8,6,13.6666666666666,0,1,6,8,5,13.5,0,9.4,-0.8,-3.12,Desistente,Desistente,1,1
Solteiro,Serviço Social,Ensino Secundário,120.0,Português,113.4,0,0,1,Feminino,1,0,0,6,10,5,11.857142857142803,0,0,6,8,6,11.666666666666602,0,12.7,3.7,-1.7,Graduado,Graduado,0,0
Solteiro,Serviço Social,Ensino Secundário,133.1,Português,118.0,0,0,1,Feminino,0,0,0,6,0,0,0.0,0,0,6,0,0,0.0,0,12.7,3.7,-1.7,Desistente,Desistente,1,1
Solteiro,Design de Animação e Multimédia,Ensino Secundário,145.0,Português,130.0,0,0,1,Feminino,0,0,0,0,0,0,0.0,0,0,0,0,0,0.0,0,11.1,0.6,2.02,Desistente,Desistente,1,1
Solteiro,Serviço Social,Ensino Secundário,131.0,Português,135.9,0,0,1,Feminino,0,0,0,6,8,5,13.2,0,0,6,6,6,11.333333333333304,0,9.4,-0.8,-3.12,Graduado,Graduado,0,0
Solteiro,Serviço Social,Ensino Secundário,147.0,Português,135.8,0,0,1,Feminino,1,0,0,6,8,6,12.714285714285698,0,0,6,12,5,11.0,0,13.9,-0.3,0.79,Desistente,Desistente,1,1
Solteiro,Turismo,Ensino Secundário,138.0,Português,133.1,0,0,1,Feminino,0,0,0,6,6,6,12.5,0,0,6,6,6,12.666666666666602,0,15.5,2.8,-4.06,Graduado,Graduado,0,0
Solteiro,Gestão,Ensino Secundário,123.0,Português,118.8,0,0,1,Feminino,0,0,0,5,9,3,10.666666666666602,0,0,5,13,2,12.5,0,7.6,2.6,0.32,Matriculado,Matriculado,0,
Solteiro,Jornalismo e Comunicação,Ensino Secundário,129.0,Português,117.1,0,0,1,Feminino,0,0,0,6,12,1,17.0,0,0,6,12,1,17.0,0,9.4,-0.8,-3.12,Matriculado,Matriculado,0,
Solteiro,Enfermagem Veterinária,Ensino Secundário,125.0,Português,114.5,0,0,1,Feminino,0,0,0,5,6,5,13.0,1,0,5,9,4,13.25,0,12.7,3.7,-1.7,Graduado,Graduado,0,0
Solteiro,Gestão de Publicidade e Marketing,Ensino Secundário,131.0,Português,127.2,0,0,1,Feminino,1,0,0,5,7,3,12.666666666666602,0,0,5,5,4,12.5,0,9.4,-0.8,-3.12,Matriculado,Matriculado,0,
Solteiro,Enfermagem,Ensino Secundário,100.0,Português,130.0,0,0,1,Feminino,0,0,0,14,14,12,13.2916666666666,1,0,14,14,12,13.2916666666666,1,7.6,2.6,0.32,Graduado,Graduado,0,0
Solteiro,Enfermagem Veterinária,Ensino Secundário,120.0,Português,116.1,0,0,1,Feminino,0,0,0,5,12,3,11.666666666666602,2,0,5,11,4,11.5,1,9.4,-0.8,-3.12,Graduado,Graduado,0,0
Solteiro,Enfermagem,Ensino Secundário,145.0,Português,130.5,0,0,1,Feminino,0,0,0,8,8,7,14.24,0,0,8,8,7,14.24,0,10.8,1.4,1.74,Graduado,Graduado,0,0
Solteiro,Gestão de Publicidade e Marketing,Ensino Secundário,120.0,Português,104.0,0,0,1,Feminino,0,0,0,5,10,3,13.0,0,0,5,11,3,11.333333333333304,0,7.6,2.6,0.32,Desistente,Desistente,1,1
Solteiro,Enfermagem,Ensino Secundário,140.0,Português,128.5,0,0,1,Feminino,0,0,0,7,9,5,14.06,0,0,7,9,6,12.571428571428502,0,12.4,0.5,1.79,Matriculado,Matriculado,0,
Solteiro,Serviço Social,Ensino Secundário,134.0,Português,126.0,0,1,0,Feminino,0,0,0,6,10,5,11.833333333333304,0,0,6,10,5,13.2,0,13.9,-0.3,0.79,Desistente,Desistente,1,1
Solteiro,Jornalismo e Comunicação,Ensino Secundário,140.0,Português,141.1,0,0,1,Feminino,0,0,0,6,6,6,12.833333333333304,0,0,6,6,6,13.333333333333304,0,9.4,-0.8,-3.12,Graduado,Graduado,0,0
Solteiro,Turismo,Ensino Secundário,107.0,Português,102.8,0,0,1,Feminino,0,0,0,6,16,1,10.0,0,0,6,12,0,0.0,0,10.8,1.4,1.74,Desistente,Desistente,1,1
Solteiro,Gestão,Ensino Secundário,133.0,Português,129.2,0,0,1,Feminino,0,0,0,5,9,2,11.0,0,0,5,12,2,10.0,0,7.6,2.6,0.32,Desistente,Desistente,1,1
Solteiro,Enfermagem,Ensino Secundário,127.0,Português,119.3,0,0,1,Feminino,0,0,0,7,7,7,14.105714285714196,0,0,8,8,8,13.6625,0,11.1,0.6,2.02,Graduado,Graduado,0,0
Solteiro,Enfermagem,Ensino Secundário,141.0,Português,126.3,0,0,1,Feminino,0,0,0,8,12,7,12.471428571428502,0,0,8,12,7,12.471428571428502,0,12.7,3.7,-1.7,Graduado,Graduado,0,0
Solteiro,Enfermagem Veterinária,Curso de Especialização Tecnológica,140.0,Português,140.0,0,0,1,Feminino,1,0,2,6,11,6,11.833333333333304,0,1,6,17,5,11.857142857142803,0,12.4,0.5,1.79,Graduado,Graduado,0,0
Solteiro,Design de Comunicação,Ensino Secundário,150.0,Português,131.5,0,0,1,Feminino,0,0,0,6,6,6,12.5,0,0,6,6,6,12.833333333333304,0,7.6,2.6,0.32,Graduado,Graduado,0,0
Solteiro,Ensino Básico,Ensino Secundário,140.0,Português,137.6,0,0,1,Feminino,0,0,0,6,7,6,11.666666666666602,0,0,6,7,6,12.333333333333304,0,10.8,1.4,1.74,Desistente,Desistente,1,1
Solteiro,Design de Animação e Multimédia,Ensino Secundário,141.0,Português,142.8,0,0,1,Feminino,0,0,0,0,0,0,0.0,0,0,0,0,0,0.0,0,12.4,0.5,1.79,Graduado,Graduado,0,0
Divorciado,Gestão (presencial noturno),Ensino Secundário,150.0,Português,146.2,0,0,1,Feminino,0,0,0,5,11,3,10.333333333333304,0,0,5,10,4,12.8,0,12.4,0.5,1.79,Matriculado,Matriculado,0,
Solteiro,Enfermagem Veterinária,Ensino Secundário,160.0,Português,162.1,0,0,1,Feminino,0,0,0,5,8,5,16.1666666666666,2,0,5,9,5,14.285714285714198,1,9.4,-0.8,-3.12,Graduado,Graduado,0,0
Solteiro,Enfermagem Veterinária,Ensino Básico (3º Ciclo),133.1,Português,140.0,0,0,1,Feminino,0,0,0,6,11,3,12.666666666666602,0,0,6,7,0,0.0,0,11.1,0.6,2.02,Desistente,Desistente,1,1
Solteiro,Serviço Social (prestação nocturna),Ensino Secundário,133.1,Português,120.0,0,1,0,Feminino,0,0,0,6,14,2,10.5,0,0,6,6,3,12.333333333333304,0,11.1,0.6,2.02,Desistente,Desistente,1,1
Solteiro,Turismo,Ensino Secundário,134.0,Português,133.3,0,1,1,Feminino,0,0,0,6,13,2,11.5,0,0,6,13,1,11.0,0,7.6,2.6,0.32,Desistente,Desistente,1,1
Solteiro,Serviço Social,Ensino Secundário,130.0,Português,124.8,0,0,1,Feminino,0,0,0,6,6,6,13.0,0,0,6,8,5,13.4,0,8.9,1.4,3.51,Graduado,Graduado,0,0
Solteiro,Enfermagem,Ensino Secundário,140.0,Português,133.3,0,0,1,Feminino,0,0,0,7,7,6,11.966666666666601,0,0,7,7,6,11.966666666666601,0,7.6,2.6,0.32,Graduado,Graduado,0,0
Solteiro,Enfermagem,Ensino Secundário,145.0,Português,141.8,0,0,1,Feminino,0,0,0,8,8,8,13.3475,0,0,8,8,8,13.3475,0,9.4,-0.8,-3.12,Graduado,Graduado,0,0
Solteiro,Enfermagem Veterinária,Ensino Secundário,133.0,Português,128.2,0,0,1,Feminino,0,0,0,5,7,5,12.0,0,0,5,7,4,12.5,0,7.6,2.6,0.32,Graduado,Graduado,0,0
Solteiro,Ensino Básico,Ensino Secundário,133.1,Português,115.0,0,0,1,Feminino,0,0,0,6,10,2,10.5,0,0,6,13,0,0.0,0,7.6,2.6,0.32,Desistente,Desistente,1,1
Solteiro,Serviço Social,Ensino Secundário,132.0,Português,123.6,0,0,1,Feminino,0,0,0,6,9,4,11.5,0,0,6,10,4,10.75,0,7.6,2.6,0.32,Matriculado,Matriculado,0,
Solteiro,Design de Animação e Multimédia,Ensino Secundário,117.0,Português,120.2,0,0,1,Masculino,0,0,0,0,0,0,0.0,0,0,0,0,0,0.0,0,7.6,2.6,0.32,Graduado,Graduado,0,0
Solteiro,Gestão de Publicidade e Marketing,Ensino Secundário,127.0,Português,127.0,0,0,1,Masculino,0,0,0,6,9,6,13.571428571428504,0,0,6,11,4,14.0,0,12.4,0.5,1.79,Graduado,Graduado,0,0
Solteiro,Enfermagem Veterinária,Ensino Secundário,134.0,Português,120.4,0,0,1,Masculino,0,0,0,6,10,6,14.7,0,0,6,10,6,12.0,0,16.2,0.3,-0.92,Graduado,Graduado,0,0
Solteiro,Gestão (presencial noturno),Ensino Secundário,120.0,Português,120.0,0,0,0,Masculino,0,0,0,5,5,0,0.0,0,0,5,5,0,0.0,0,9.4,-0.8,-3.12,Desistente,Desistente,1,1
Solteiro,Enfermagem,Ensino Secundário,136.0,Português,120.0,0,0,1,Masculino,0,0,0,7,8,6,11.833333333333304,0,0,7,8,6,11.833333333333304,0,7.6,2.6,0.32,Matriculado,Matriculado,0,
Solteiro,Design de Animação e Multimédia,Ensino Secundário,137.0,Português,133.9,0,0,1,Masculino,0,0,0,0,0,0,0.0,0,0,0,0,0,0.0,0,12.7,3.7,-1.7,Graduado,Graduado,0,0
Solteiro,Enfermagem,Ensino Secundário,118.0,Português,113.5,0,0,1,Masculino,0,0,0,7,7,7,13.175714285714198,0,0,8,8,8,14.925,0,12.4,0.5,1.79,Graduado,Graduado,0,0
Solteiro,Agronomia,Ensino Secundário,130.0,Português,126.1,0,0,1,Masculino,0,0,0,6,7,0,0.0,0,0,6,10,0,0.0,0,12.4,0.5,1.79,Desistente,Desistente,1,1
Solteiro,Serviço Social,Ensino Secundário,124.0,Português,121.2,0,0,1,Feminino,0,0,0,6,12,2,13.0,0,0,6,9,6,10.833333333333304,0,7.6,2.6,0.32,Matriculado,Matriculado,0,
União de Fato,Enfermagem,Ensino Superior - Licenciatura (1º Ciclo),150.0,Português,150.0,0,0,1,Feminino,0,0,1,8,11,7,13.742857142857096,0,1,8,11,7,13.742857142857096,0,12.7,3.7,-1.7,Graduado,Graduado,0,0
Solteiro,Gestão (presencial noturno),Ensino Secundário,161.0,Português,100.0,0,0,1,Feminino,0,0,0,5,5,0,0.0,0,0,5,5,0,0.0,0,7.6,2.6,0.32,Desistente,Desistente,1,1
Solteiro,Enfermagem,Ensino Secundário,143.0,Português,127.3,0,0,1,Feminino,0,0,0,7,8,7,12.217142857142804,0,0,8,11,7,12.11875,0,11.1,0.6,2.02,Graduado,Graduado,0,0
Casado,Gestão (presencial noturno),Ensino Secundário,130.0,Português,103.8,0,0,1,Feminino,0,0,14,15,15,14,11.071428571428502,0,12,14,16,12,11.333333333333304,1,9.4,-0.8,-3.12,Desistente,Desistente,1,1
Casado,Ensino Básico,Ensino Básico (3º Ciclo),133.1,Português,131.0,0,0,1,Feminino,1,0,0,7,10,7,13.428571428571399,0,2,8,8,8,13.25,0,13.9,-0.3,0.79,Graduado,Graduado,0,0
Solteiro,Gestão (presencial noturno),Ensino Secundário,110.0,Português,133.9,0,0,1,Feminino,0,0,0,5,7,5,11.4,0,0,5,6,5,13.6666666666666,0,10.8,1.4,1.74,Desistente,Desistente,1,1
Solteiro,Enfermagem,Ensino Superior - Licenciatura,140.0,Português,140.0,0,0,1,Feminino,0,0,0,8,14,4,11.325,1,0,8,14,4,11.325,1,12.7,3.7,-1.7,Desistente,Desistente,1,1
Solteiro,Serviço Social,Ensino Secundário,145.0,Português,121.4,0,0,1,Feminino,0,0,0,6,13,0,0.0,0,0,5,11,0,0.0,0,9.4,-0.8,-3.12,Matriculado,Matriculado,0,
Solteiro,Enfermagem,Ensino Secundário,131.0,Português,122.0,0,0,1,Feminino,0,0,0,8,8,7,15.0,0,0,8,8,7,15.0,0,12.7,3.7,-1.7,Graduado,Graduado,0,0
Solteiro,Serviço Social (prestação nocturna),Ensino Secundário,141.0,Português,150.5,0,0,1,Feminino,0,0,0,6,7,6,13.1666666666666,0,0,6,8,6,15.625,0,12.4,0.5,1.79,Graduado,Graduado,0,0
Casado,Serviço Social,Ensino Secundário,145.0,Português,139.4,0,0,0,Feminino,0,0,0,6,12,2,11.0,0,0,6,14,4,10.5,0,9.4,-0.8,-3.12,Desistente,Desistente,1,1
Solteiro,Serviço Social,Ensino Secundário,122.0,Português,112.6,0,0,1,Feminino,0,0,0,6,0,0,0.0,0,0,6,0,0,0.0,0,12.4,0.5,1.79,Desistente,Desistente,1,1
Solteiro,Gestão de Publicidade e Marketing,Ensino Secundário,118.0,Português,115.2,0,0,1,Feminino,1,0,0,5,7,3,12.333333333333304,0,0,5,5,2,12.5,0,7.6,2.6,0.32,Desistente,Desistente,1,1
Casado,Gestão (presencial noturno),Ensino Secundário,150.0,Português,131.8,0,0,0,Feminino,0,0,0,5,6,4,12.25,0,0,5,6,5,10.166666666666604,0,10.8,1.4,1.74,Desistente,Desistente,1,1
Casado,Gestão,Ensino Superior - Licenciatura,120.0,Português,122.8,0,1,0,Feminino,0,0,13,13,13,13,11.923076923076902,0,12,12,12,12,12.5,0,15.5,2.8,-4.06,Desistente,Desistente,1,1
Solteiro,Serviço Social,Ensino Secundário,167.0,Português,156.2,0,0,1,Feminino,1,0,0,6,6,6,14.333333333333304,0,0,6,7,6,14.142857142857096,0,15.5,2.8,-4.06,Graduado,Graduado,0,0
Solteiro,Enfermagem Veterinária,Ensino Secundário,150.0,Português,132.0,0,0,1,Feminino,0,0,0,5,6,5,12.0,0,0,5,5,5,13.0,0,10.8,1.4,1.74,Graduado,Graduado,0,0
Casado,Enfermagem,Ensino Superior - Licenciatura,130.0,Português,130.0,0,0,1,Feminino,0,0,0,7,9,7,13.7611111111111,0,1,8,11,7,12.06375,0,15.5,2.8,-4.06,Matriculado,Matriculado,0,
Solteiro,Gestão,Ensino Secundário,151.0,Português,138.4,0,0,1,Feminino,0,0,0,5,6,4,11.25,0,0,5,8,5,11.0,0,10.8,1.4,1.74,Matriculado,Matriculado,0,
Solteiro,Gestão (presencial noturno),Ensino Secundário,120.0,Português,146.2,0,0,1,Feminino,0,0,0,5,10,3,12.333333333333304,0,0,5,10,3,10.666666666666602,0,11.1,0.6,2.02,Graduado,Graduado,0,0
Solteiro,Enfermagem,Ensino Secundário,168.0,Português,166.0,0,0,1,Feminino,0,0,0,8,8,8,14.888749999999998,0,0,8,8,8,14.888749999999998,0,9.4,-0.8,-3.12,Graduado,Graduado,0,0
Solteiro,Jornalismo e Comunicação,Ensino Secundário,153.0,Português,133.1,0,1,1,Feminino,1,0,0,6,8,6,12.166666666666602,0,0,6,8,5,12.4,0,9.4,-0.8,-3.12,Desistente,Desistente,1,1
Solteiro,Jornalismo e Comunicação,Ensino Secundário,131.0,Português,121.9,0,0,1,Feminino,1,0,0,6,7,6,12.666666666666602,0,0,6,6,6,13.333333333333304,0,11.1,0.6,2.02,Graduado,Graduado,0,0
Solteiro,Ensino Básico,Ensino Secundário,116.0,Português,110.4,0,0,1,Feminino,0,0,0,6,9,5,12.6,0,0,6,9,3,11.666666666666602,0,9.4,-0.8,-3.12,Matriculado,Matriculado,0,
Solteiro,Gestão,Ensino Secundário,160.0,Português,121.4,1,0,1,Feminino,1,0,0,5,8,4,13.0,0,0,5,10,4,12.25,2,16.2,0.3,-0.92,Graduado,Graduado,0,0
Solteiro,Turismo,Ensino Secundário,152.0,Português,137.0,0,0,1,Feminino,1,0,0,6,9,6,13.875,0,0,6,6,6,14.333333333333304,0,9.4,-0.8,-3.12,Graduado,Graduado,0,0
Casado,Gestão (presencial noturno),Ensino Secundário,133.1,Português,140.0,0,1,1,Masculino,0,0,0,5,10,4,10.75,0,0,5,12,3,13.333333333333304,0,9.4,-0.8,-3.12,Desistente,Desistente,1,1
Solteiro,Enfermagem Veterinária,Ensino Superior - Licenciatura,150.0,Português,140.0,0,0,1,Masculino,0,0,3,5,10,3,14.6666666666666,1,0,5,5,0,0.0,0,7.6,2.6,0.32,Desistente,Desistente,1,1
Solteiro,Ensino Básico,Ensino Secundário,168.0,Português,126.8,0,0,1,Masculino,0,0,0,6,7,5,12.6,0,0,6,6,6,13.0,0,10.8,1.4,1.74,Matriculado,Matriculado,0,
Solteiro,Enfermagem,Ensino Secundário,137.0,Português,124.8,0,0,1,Masculino,1,0,0,7,11,6,12.4125,0,0,8,12,7,11.2625,0,15.5,2.8,-4.06,Graduado,Graduado,0,0
Casado,Equincultura,Ensino Básico (3º Ciclo),133.1,Português,120.0,0,1,0,Masculino,0,0,0,6,12,1,11.0,0,0,6,9,2,10.5,0,16.2,0.3,-0.92,Desistente,Desistente,1,1
Solteiro,Enfermagem,Ensino Secundário,160.0,Português,133.0,0,0,1,Masculino,1,0,0,8,8,7,14.314285714285703,0,0,8,8,7,14.314285714285703,0,12.7,3.7,-1.7,Graduado,Graduado,0,0
Solteiro,Design de Comunicação,Ensino Secundário,145.0,Português,127.5,0,0,1,Masculino,0,0,0,6,6,4,12.0,0,0,6,8,2,11.333333333333304,0,10.8,1.4,1.74,Matriculado,Matriculado,0,
Solteiro,Jornalismo e Comunicação,Ensino Secundário,138.0,Português,131.7,0,0,1,Masculino,0,0,0,6,6,6,12.833333333333304,0,0,6,7,6,13.285714285714198,0,15.5,2.8,-4.06,Graduado,Graduado,0,0
Casado,Jornalismo e Comunicação,Ensino Secundário,100.0,Português,133.0,0,0,1,Masculino,0,0,0,6,8,5,11.4,0,0,6,10,6,11.666666666666602,0,12.7,3.7,-1.7,Desistente,Desistente,1,1
Casado,Gestão (presencial noturno),Ensino Secundário,140.0,Português,122.7,0,0,1,Masculino,0,0,0,5,5,5,14.6,0,0,5,6,5,14.333333333333304,0,13.9,-0.3,0.79,Graduado,Graduado,0,0
Solteiro,Design de Comunicação,Ensino Secundário,124.0,Português,121.2,0,0,1,Masculino,1,0,1,6,7,6,13.5,0,1,6,9,5,12.5,0,10.8,1.4,1.74,Graduado,Graduado,0,0
Solteiro,Equincultura,Curso de Especialização Tecnológica,150.0,Português,150.0,0,0,1,Masculino,0,0,1,6,8,6,12.5,0,0,6,11,3,13.333333333333304,0,13.9,-0.3,0.79,Desistente,Desistente,1,1
Solteiro,Design de Comunicação,Ensino Secundário,125.0,Português,133.4,0,0,1,Masculino,1,0,4,6,6,4,13.0,0,2,6,7,5,12.2,0,13.9,-0.3,0.79,Matriculado,Matriculado,0,
Solteiro,Tecnologias de Produção de Biocombustíveis,Ensino Secundário,143.0,Português,121.2,0,0,1,Masculino,0,0,5,10,13,5,11.6,0,2,8,10,2,13.0,0,12.4,0.5,1.79,Matriculado,Matriculado,0,
Solteiro,Equincultura,Ensino Secundário,137.0,Português,129.3,0,0,1,Feminino,0,0,0,5,6,5,11.8,1,0,5,8,5,11.6,0,9.4,-0.8,-3.12,Graduado,Graduado,0,0
Divorciado,Enfermagem,Ensino Básico (3º Ciclo),133.1,Português,117.8,0,1,0,Feminino,0,0,0,7,14,3,12.333333333333304,0,0,7,12,3,11.083333333333304,0,11.1,0.6,2.02,Desistente,Desistente,1,1
Solteiro,Enfermagem,Ensino Secundário,136.0,Português,131.3,0,0,1,Feminino,0,0,11,14,15,12,12.625,1,11,14,15,12,12.625,1,7.6,2.6,0.32,Graduado,Graduado,0,0
Solteiro,Design de Comunicação,Ensino Secundário,132.0,Português,133.8,0,0,1,Feminino,1,0,0,6,6,6,13.833333333333304,0,0,6,6,6,13.5,0,16.2,0.3,-0.92,Graduado,Graduado,0,0
Solteiro,Design de Comunicação,Curso de Especialização Tecnológica,120.0,Português,120.0,0,0,1,Masculino,0,0,2,7,7,6,12.5,0,5,9,10,7,13.142857142857096,1,16.2,0.3,-0.92,Graduado,Graduado,0,0
Solteiro,Jornalismo e Comunicação,Ensino Secundário,125.0,Português,122.2,0,0,1,Masculino,0,0,0,6,7,5,13.6,0,0,6,8,5,12.666666666666602,0,15.5,2.8,-4.06,Graduado,Graduado,0,0
Solteiro,Jornalismo e Comunicação,Ensino Secundário,120.0,Russo,119.0,0,1,0,Feminino,0,1,0,6,6,6,12.0,0,0,6,6,2,11.0,0,11.1,0.6,2.02,Desistente,Desistente,1,1
Solteiro,Enfermagem,Ensino Secundário,154.0,Português,149.5,0,0,1,Feminino,1,0,0,7,8,7,14.9125,0,0,8,9,1,13.5,0,13.9,-0.3,0.79,Desistente,Desistente,1,1
Solteiro,Gestão,Ensino Secundário,180.0,Português,153.8,0,0,1,Feminino,1,0,0,5,5,5,13.8,0,0,5,6,5,12.0,0,9.4,-0.8,-3.12,Graduado,Graduado,0,0
Solteiro,Jornalismo e Comunicação,Ensino Secundário,152.0,Cabo-verdiano,152.0,0,0,1,Feminino,0,1,0,6,8,6,11.666666666666602,0,0,6,6,6,13.0,0,12.7,3.7,-1.7,Graduado,Graduado,0,0
